pmid	year	journal	author	title	queries	pubtype
28375666	2017	Am J Respir Cell Mol Biol	Sasse SK	Glucocorticoid Receptor ChIP-Seq Identifies PLCD1 as a KLF15 Target that Represses Airway Smooth Muscle Hypertrophy.	P13_lung_immune_chip;P15_direct_targets;P1_lung_chip_tf;P2_lung_chip_disease;P3_lung_tf_names;P8_tf_perturb_rna	Journal Article;Research Support, N.I.H., Extramural
36777184	2023	Cell Genom	Koh KD	Genomic characterization and therapeutic utilization of IL-13-responsive sequences in asthma.	P14_variant_tf_binding;P1_lung_chip_tf;P2_lung_chip_disease;P3_lung_tf_names;P4_encode_cellline;P7_perturbseq	Journal Article
36252121	2022	Circ Res	Wang C	MED1 Regulates BMP/TGF-β in Endothelium: Implication for Pulmonary Hypertension.	P13_lung_immune_chip;P1_lung_chip_tf;P2_lung_chip_disease;P5_lung_atac_footprint;P6_lung_3d	Journal Article;Research Support, Non-U.S. Gov't;Research Support, N.I.H., Extramural
39629132	2024	Theranostics	Chen X	Characterization of dipyridamole as a novel ferroptosis inhibitor and its therapeutic potential in acute respiratory distress syndrome management.	P12_mouse_lung_chip;P13_lung_immune_chip;P14_variant_tf_binding;P1_lung_chip_tf;P2_lung_chip_disease	Journal Article;Research Support, Non-U.S. Gov't
42239439	2026	bioRxiv	Vasilaki E	Identification of drug candidates for rescue of SOX17 gene targets in pulmonary arterial hypertension.	P12_mouse_lung_chip;P13_lung_immune_chip;P1_lung_chip_tf;P2_lung_chip_disease;P8_tf_perturb_rna	Journal Article;Preprint
32374672	2020	Am J Physiol Lung Cell Mol Physiol	Zhong Y	IL-1β dysregulates cGMP signaling in the newborn lung.	P12_mouse_lung_chip;P13_lung_immune_chip;P2_lung_chip_disease;P4_encode_cellline	Journal Article
35675437	2022	Sci Transl Med	Chelladurai P	Epigenetic reactivation of transcriptional programs orchestrating fetal lung development in human pulmonary hypertension.	P12_mouse_lung_chip;P13_lung_immune_chip;P2_lung_chip_disease;P3_lung_tf_names	Journal Article;Research Support, Non-U.S. Gov't
36796505	2023	Int J Biochem Cell Biol	Kurotani R	Secretoglobin 3A2 protects lung from developing cigarette smoke-induced pulmonary emphysema.	P12_mouse_lung_chip;P13_lung_immune_chip;P1_lung_chip_tf;P2_lung_chip_disease	Journal Article;Research Support, Non-U.S. Gov't;Research Support, N.I.H., Intramural
37953063	2024	Phytother Res	Li Y	Salvianolic acid B protects against pulmonary fibrosis by attenuating stimulating protein 1-mediated macrophage and alveolar type 2 cell senescence.	P12_mouse_lung_chip;P13_lung_immune_chip;P1_lung_chip_tf;P2_lung_chip_disease	Journal Article
40617369	2025	Cell Signal	Wang J	STAT5/VCAN/PI3K signaling pathway promotes fibroblast activation and lung fibrosis.	P12_mouse_lung_chip;P13_lung_immune_chip;P1_lung_chip_tf;P2_lung_chip_disease	Journal Article
41109655	2025	Cell Signal	Zhang J	Bmi-1 overexpression mitigates vitamin D deficiency-induced pulmonary fibrosis via TIME pathway.	P12_mouse_lung_chip;P13_lung_immune_chip;P1_lung_chip_tf;P2_lung_chip_disease	Journal Article
40081619	2025	Biochim Biophys Acta Mol Basis Dis	Zhou Y	MBD2 promotes epithelial-to-mesenchymal transition (EMT) and ARDS-related pulmonary fibrosis by modulating FZD2.	P12_mouse_lung_chip;P13_lung_immune_chip;P1_lung_chip_tf;P2_lung_chip_disease	Journal Article;Research Support, Non-U.S. Gov't
39891210	2025	Respir Res	Li D	Targeting BRD4 ameliorates experimental emphysema by disrupting super-enhancer in polarized alveolar macrophage.	P12_mouse_lung_chip;P13_lung_immune_chip;P1_lung_chip_tf;P2_lung_chip_disease	Journal Article
40813717	2025	Hereditas	Miao X	TFAP2A promotes NSCLC malignant progression by enhancing AOC1 transcription.	P12_mouse_lung_chip;P13_lung_immune_chip;P1_lung_chip_tf;P4_encode_cellline	Journal Article
40808655	2025	Arterioscler Thromb Vasc Biol	Garnier O	Efficient Fine-Tuning of Endothelial Gene Expression by a Single Tyrosine (Y(685)) to Phenylalanine Point Mutation in the VE-Cadherin Gene.	P12_mouse_lung_chip;P13_lung_immune_chip;P1_lung_chip_tf;P2_lung_chip_disease	Journal Article
41491061	2026	Cell Mol Life Sci	Ma C	Super enhancer-driven LINC01013 mediates hypoxia-induced mitochondrial dysfunction by HSPA9 to determine pulmonary arterial smooth muscle cell fate.	P13_lung_immune_chip;P1_lung_chip_tf;P2_lung_chip_disease;P6_lung_3d	Journal Article
42510567	2026	Antioxidants (Basel)	Guo C	Tanshinone IIA Attenuates Pulmonary Fibrosis via Dual Inhibition of JNK and Smad Signaling.	P13_lung_immune_chip;P1_lung_chip_tf;P2_lung_chip_disease;P3_lung_tf_names	Journal Article
42361513	2026	Mol Immunol	Yan L	Overexpression of Hes1 inhibits cigarette smoke-induced mitochondrial apoptosis in AT2 cells by activating the Pgc-1α/Tfam signaling pathway.	P12_mouse_lung_chip;P1_lung_chip_tf;P2_lung_chip_disease;P4_encode_cellline	Journal Article
42111708	2026	Curr Res Toxicol	Pluempreecha M	Protective role of calcitriol in PM2.5-induced apoptosis and inflammation in bronchial epithelial cells in vitro via vitamin D receptor-mediated Nrf2 signaling.	P1_lung_chip_tf;P2_lung_chip_disease;P3_lung_tf_names;P4_encode_cellline	Journal Article
41976096	2026	Animals (Basel)	Jiang J	Multiomic Profiling Reveals the Regulation of Many Immune-Related Genes by PU.1 in Porcine Alveolar Macrophages.	P13_lung_immune_chip;P15_direct_targets;P1_lung_chip_tf;P8_tf_perturb_rna	Journal Article
41764855	2026	Eur J Cell Biol	Wang P	TGF-β drives pulmonary fibrosis through dual dysregulation of TNF pathway transcription and splicing.	P13_lung_immune_chip;P1_lung_chip_tf;P2_lung_chip_disease;P3_lung_tf_names	Journal Article
41708397	2026	Allergol Int	Xu C	Early growth response 2 as a target of IL-13/STAT6 signaling induces the goblet cell metaplasia of allergic airway epithelia.	P15_direct_targets;P1_lung_chip_tf;P2_lung_chip_disease;P3_lung_tf_names	Journal Article
41606738	2026	Respir Res	Dang Q	Downregulation of SLC40A1 leads to iron accumulation in fibrotic lung fibroblasts.	P12_mouse_lung_chip;P13_lung_immune_chip;P2_lung_chip_disease;P3_lung_tf_names	Journal Article
25140582	2015	Am J Respir Cell Mol Biol	Hu B	Reemergence of hedgehog mediates epithelial-mesenchymal crosstalk in pulmonary fibrosis.	P12_mouse_lung_chip;P13_lung_immune_chip;P2_lung_chip_disease	Journal Article;Research Support, N.I.H., Extramural
27095594	2016	Sci Signal	Cai Y	FOXF1 maintains endothelial barrier function and prevents edema after lung injury.	P12_mouse_lung_chip;P13_lung_immune_chip;P2_lung_chip_disease	Journal Article;Research Support, N.I.H., Extramural
29299165	2017	Oncotarget	Xu Y	GATA3-induced vWF upregulation in the lung adenocarcinoma vasculature.	P13_lung_immune_chip;P1_lung_chip_tf;P4_encode_cellline	Journal Article
29432416	2018	PLoS Genet	Hagey DW	SOX2 regulates common and specific stem cell features in the CNS and endoderm derived organs.	P14_variant_tf_binding;P1_lung_chip_tf;P3_lung_tf_names	Journal Article;Research Support, Non-U.S. Gov't
31278070	2019	EBioMedicine	Hu G	Vitamin D(3)-vitamin D receptor axis suppresses pulmonary emphysema by maintaining alveolar macrophage homeostasis and function.	P12_mouse_lung_chip;P13_lung_immune_chip;P2_lung_chip_disease	Journal Article
31761621	2019	EBioMedicine	Tandon N	Aberrant expression of embryonic mesendoderm factor MESP1 promotes tumorigenesis.	P12_mouse_lung_chip;P15_direct_targets;P8_tf_perturb_rna	Journal Article
32692930	2020	Am J Respir Crit Care Med	Fan Y	TWIST1 Drives Smooth Muscle Cell Proliferation in Pulmonary Hypertension via Loss of GATA-6 and BMPR2.	P12_mouse_lung_chip;P13_lung_immune_chip;P2_lung_chip_disease	Journal Article;Research Support, Non-U.S. Gov't
32329870	2020	Eur Rev Med Pharmacol Sci	Xu F	PM2.5 exposure induces alveolar epithelial cell apoptosis and causes emphysema through p53/Siva-1.	P12_mouse_lung_chip;P2_lung_chip_disease;P4_encode_cellline	Journal Article
32500120	2020	NAR Genom Bioinform	Stuart WD	CRISPRi-mediated functional analysis of lung disease-associated loci at non-coding regions.	P2_lung_chip_disease;P6_lung_3d;P7_perturbseq	Journal Article
32143622	2020	BMC Med Genomics	Cai WL	Specific chromatin landscapes and transcription factors couple breast cancer subtype with metastatic relapse to lung or brain.	P13_lung_immune_chip;P5_lung_atac_footprint;P6_lung_3d	Journal Article;Research Support, N.I.H., Extramural;Research Support, U.S. Gov't, Non-P.H.S.
33322916	2021	Circ Res	Hennigs JK	PPARγ-p53-Mediated Vasculoregenerative Program to Reverse Pulmonary Hypertension.	P13_lung_immune_chip;P1_lung_chip_tf;P2_lung_chip_disease	Journal Article;Research Support, N.I.H., Extramural;Research Support, Non-U.S. Gov't
33980985	2021	Commun Biol	Stuart WD	CRISPRi-mediated functional analysis of NKX2-1-binding sites in the lung.	P1_lung_chip_tf;P3_lung_tf_names;P7_perturbseq	Journal Article;Research Support, N.I.H., Extramural;Research Support, Non-U.S. Gov't
33663392	2021	Mol Med	Ding H	TGF-β-induced α-SMA expression is mediated by C/EBPβ acetylation in human alveolar epithelial cells.	P13_lung_immune_chip;P2_lung_chip_disease;P4_encode_cellline	Journal Article;Research Support, Non-U.S. Gov't
33625469	2021	J Cell Biol	Jones DL	ZNF416 is a pivotal transcriptional regulator of fibroblast mechanoactivation.	P13_lung_immune_chip;P2_lung_chip_disease;P5_lung_atac_footprint	Journal Article;Research Support, N.I.H., Extramural
34791825	2022	Adv Sci (Weinh)	Tang PC	Smad3 Promotes Cancer-Associated Fibroblasts Generation via Macrophage-Myofibroblast Transition.	P13_lung_immune_chip;P1_lung_chip_tf;P3_lung_tf_names	Journal Article;Research Support, Non-U.S. Gov't
36014574	2022	Molecules	Xu P	MOBT Alleviates Pulmonary Fibrosis through an lncITPF-hnRNP-l-Complex-Mediated Signaling Pathway.	P12_mouse_lung_chip;P1_lung_chip_tf;P2_lung_chip_disease	Journal Article
34971648	2022	J Allergy Clin Immunol	Kan M	Multiomics analysis identifies BIRC3 as a novel glucocorticoid response-associated gene.	P1_lung_chip_tf;P2_lung_chip_disease;P3_lung_tf_names	Journal Article;Research Support, Non-U.S. Gov't;Research Support, N.I.H., Extramural
34643340	2022	Pediatr Pulmonol	Sun X	CCCTC-binding factor transcriptionally regulates Galectin-7 and activates the JNK/STAT3 axis to aggravate bronchial epithelial cell injury.	P1_lung_chip_tf;P2_lung_chip_disease;P4_encode_cellline	Journal Article;Research Support, Non-U.S. Gov't
35782530	2022	Infect Drug Resist	Xia D	CCL25 Inhibition Alleviates Sepsis-Induced Acute Lung Injury and Inflammation.	P12_mouse_lung_chip;P13_lung_immune_chip;P2_lung_chip_disease	Journal Article
35977797	2022	J Immunol	Ejima A	Androgens Alleviate Allergic Airway Inflammation by Suppressing Cytokine Production in Th2 Cells.	P12_mouse_lung_chip;P13_lung_immune_chip;P2_lung_chip_disease	Journal Article;Research Support, Non-U.S. Gov't
35861841	2022	J Am Heart Assoc	Huang CX	Hsa_circ_0016070/micro-340-5p Axis Accelerates Pulmonary Arterial Hypertension Progression by Upregulating TWIST1 Transcription Via TCF4/β-Catenin Complex.	P13_lung_immune_chip;P15_direct_targets;P2_lung_chip_disease	Journal Article;Research Support, Non-U.S. Gov't
36086974	2022	Allergol Immunopathol (Madr)	Chen Q	Inhibition of KLF6 reduces the inflammation and apoptosis of type II alveolar epithelial cells in acute lung injury.	P12_mouse_lung_chip;P2_lung_chip_disease;P4_encode_cellline	Journal Article
35093061	2022	Respir Res	Wu W	Epithelial microRNA-30a-3p targets RUNX2/HMGB1 axis to suppress airway eosinophilic inflammation in asthma.	P12_mouse_lung_chip;P2_lung_chip_disease;P4_encode_cellline	Journal Article
36578010	2022	Respir Res	Cheng WH	Amphiregulin induces CCN2 and fibronectin expression by TGF-β through EGFR-dependent pathway in lung epithelial cells.	P12_mouse_lung_chip;P2_lung_chip_disease;P4_encode_cellline	Journal Article
34920961	2022	Cytotherapy	Wang QL	Sirtuin 6 regulates macrophage polarization to alleviate sepsis-induced acute respiratory distress syndrome via dual mechanisms dependent on and independent of autophagy.	P12_mouse_lung_chip;P13_lung_immune_chip;P2_lung_chip_disease	Journal Article;Research Support, Non-U.S. Gov't
37128280	2023	Int J Anal Chem	Du J	Transcription Factor E2F1 Regulates the Expression of ADRB2.	P1_lung_chip_tf;P2_lung_chip_disease;P4_encode_cellline	Journal Article
38173934	2023	Front Physiol	Sponchiado M	Club cell CREB regulates the goblet cell transcriptional network and pro-mucin effects of IL-1B.	P12_mouse_lung_chip;P1_lung_chip_tf;P2_lung_chip_disease	Journal Article
37067057	2023	Cancer Res	Tomoshige K	FOXA2 Cooperates with Mutant KRAS to Drive Invasive Mucinous Adenocarcinoma of the Lung.	P12_mouse_lung_chip;P1_lung_chip_tf;P3_lung_tf_names	Journal Article;Research Support, N.I.H., Extramural;Research Support, Non-U.S. Gov't
37490064	2023	Lung	Yang M	ETS1 Ameliorates Hyperoxia-Induced Bronchopulmonary Dysplasia in Mice by Activating Nrf2/HO-1 Mediated Ferroptosis.	P12_mouse_lung_chip;P2_lung_chip_disease;P4_encode_cellline	Journal Article;Research Support, Non-U.S. Gov't
36462334	2023	Int Immunopharmacol	Wang A	IFIH1/IRF1/STAT1 promotes sepsis associated inflammatory lung injury via activating macrophage M1 polarization.	P12_mouse_lung_chip;P13_lung_immune_chip;P2_lung_chip_disease	Journal Article
37052859	2023	FASEB J	Ma C	The HIF-1α/miR-26a-5p/PFKFB3/ULK1/2 axis regulates vascular remodeling in hypoxia-induced pulmonary hypertension by modulation of autophagy.	P13_lung_immune_chip;P15_direct_targets;P2_lung_chip_disease	Journal Article;Research Support, Non-U.S. Gov't
36427449	2023	Mol Immunol	Xu M	Knockdown of Brg1 reduced mucus secretion in HDM stimulated airway inflammation.	P12_mouse_lung_chip;P2_lung_chip_disease;P4_encode_cellline	Journal Article
36332388	2023	Phytomedicine	Mei X	Apigenin suppresses mycoplasma-induced alveolar macrophages necroptosis via enhancing the methylation of TNF-α promoter by PPARγ-Uhrf1 axis.	P12_mouse_lung_chip;P13_lung_immune_chip;P2_lung_chip_disease	Journal Article
39075504	2024	J Exp Clin Cancer Res	Chen Y	Pericytes recruited by CCL28 promote vascular normalization after anti-angiogenesis therapy through RA/RXRA/ANGPT1 pathway in lung adenocarcinoma.	P13_lung_immune_chip;P1_lung_chip_tf;P4_encode_cellline	Journal Article
39739870	2024	PLoS One	Shirota Y	GATA2 participates in protection against hypoxia-induced pulmonary vascular remodeling.	P13_lung_immune_chip;P1_lung_chip_tf;P2_lung_chip_disease	Journal Article;Research Support, N.I.H., Extramural
38397056	2024	Int J Mol Sci	Zhao L	ELK1/MTOR/S6K1 Pathway Contributes to Acquired Resistance to Gefitinib in Non-Small Cell Lung Cancer.	P12_mouse_lung_chip;P14_variant_tf_binding;P1_lung_chip_tf	Journal Article
38993791	2024	Genes Dis	Gu L	Profibrotic role of the SOX9-MMP10-ECM biosynthesis axis in the tracheal fibrosis after injury and repair.	P15_direct_targets;P2_lung_chip_disease;P3_lung_tf_names	Journal Article
38310188	2024	Cardiovasc Toxicol	Tang L	Blockade of ZFX Alleviates Hypoxia-Induced Pulmonary Vascular Remodeling by Regulating the YAP Signaling.	P12_mouse_lung_chip;P13_lung_immune_chip;P2_lung_chip_disease	Journal Article;Research Support, Non-U.S. Gov't
38267617	2024	Biochem Genet	Xu C	The miR-9-5p/KLF5/IL-1β Axis Regulates Airway Smooth Muscle Cell Proliferation and Apoptosis to Aggravate Airway Remodeling and Inflammation in Asthma.	P13_lung_immune_chip;P2_lung_chip_disease;P3_lung_tf_names	Journal Article
40464702	2025	J Cell Mol Med	Wang Y	STAT3 Facilitates Super Enhancer Formation to Promote Fibroblast-To-Myofibroblast Differentiation by the Analysis of ATAC-Seq, RNA-Seq and ChIP-Seq.	P13_lung_immune_chip;P1_lung_chip_tf;P2_lung_chip_disease	Journal Article;Review;Research Support, Non-U.S. Gov't
40749046	2025	Sci Adv	Liu G	BACH2 drives the development and function of group 2 innate lymphoid cells.	P1_lung_chip_tf;P2_lung_chip_disease;P5_lung_atac_footprint	Journal Article
40403491	2025	Redox Biol	Li X	MOTS-c attenuates lung ischemia-reperfusion injury via MYH9-Dependent nuclear translocation and transcriptional activation of antioxidant genes.	P13_lung_immune_chip;P1_lung_chip_tf;P2_lung_chip_disease	Journal Article;Research Support, Non-U.S. Gov't
40544764	2025	Biochem Biophys Res Commun	Dayalan Naidu S	CD5L is a target of transcription factor Nrf2.	P1_lung_chip_tf;P2_lung_chip_disease;P3_lung_tf_names	Journal Article;Research Support, Non-U.S. Gov't
40639051	2025	Int Immunopharmacol	Wan L	Hypoxia-induced tumor cell-intrinsic PLAU activation drives immunotherapy resistance in collagenic lung adenocarcinoma.	P13_lung_immune_chip;P1_lung_chip_tf;P2_lung_chip_disease	Journal Article
41456650	2025	J Adv Res	Wang Y	Endoplasmic reticulum stress exacerbates ischemia-reperfusion-induced pulmonary endothelial barrier dysfunction by activating TXNDC5.	P13_lung_immune_chip;P1_lung_chip_tf;P2_lung_chip_disease	Journal Article
40816456	2025	Dev Biol	Frenette B	HOXA5-driven transcriptional program in lung development.	P12_mouse_lung_chip;P1_lung_chip_tf;P5_lung_atac_footprint	Journal Article
40755294	2025	Adv Sci (Weinh)	Wang Z	Nrf2 Drives Epigenetic Reprogramming and Acts as the Master Regulator of KLF4 Expression and Activity in Arsenic-Induced Transformation.	P1_lung_chip_tf;P3_lung_tf_names;P4_encode_cellline	Journal Article;Research Support, N.I.H., Extramural;Research Support, Non-U.S. Gov't
40530493	2025	J Am Heart Assoc	Zhang J	Circ-myh8/KAT7 Affects PANoptosis in Pulmonary Arterial Smooth Muscle Cells: Involvement of Super-Enhancers in FOSL2 Expression.	P13_lung_immune_chip;P1_lung_chip_tf;P2_lung_chip_disease	Journal Article
40481144	2025	Commun Biol	Zhang J	Unraveling the SOX11-IGF2 signaling axis in early lung development: implications for lung disease.	P12_mouse_lung_chip;P1_lung_chip_tf;P4_encode_cellline	Journal Article
40049282	2025	Toxicology	Liu S	H3K18 lactylation-mediated SIX1 upregulation contributes to silica-induced epithelial-mesenchymal transition in airway epithelial cells.	P1_lung_chip_tf;P2_lung_chip_disease;P4_encode_cellline	Journal Article;Research Support, Non-U.S. Gov't
40241046	2025	Respir Res	Zhang J	The transcription factor PITX1 cooperates with super-enhancers to regulate the expression of DUSP4 and inhibit pyroptosis in pulmonary artery smooth muscle cells.	P13_lung_immune_chip;P1_lung_chip_tf;P2_lung_chip_disease	Journal Article
40099944	2025	Genes Chromosomes Cancer	Yaa RM	Chromatin Interaction and Histone Mark Signatures Associated With TBXT Expression in Metastatic Lung Cancer.	P1_lung_chip_tf;P4_encode_cellline;P6_lung_3d	Journal Article;Research Support, Non-U.S. Gov't
41516283	2025	Int J Mol Sci	Popov AV	Search for Potential VDR/Partner Composite Elements in Regulatory DNA of Genes Associated with Respiratory Infections and Atopic Diseases.	P13_lung_immune_chip;P1_lung_chip_tf;P2_lung_chip_disease	Journal Article
41439287	2025	Xi Bao Yu Fen Zi Mian Yi Xue Za Zhi	Yuan Y	[Expression of SOX9 in pulmonary fibrosis and its effects on caveolin-1 gene expression].	P1_lung_chip_tf;P2_lung_chip_disease;P3_lung_tf_names	English Abstract;Journal Article
41402807	2025	Respir Res	Wang YB	DNMT1 deficiency promotes pulmonary vascular remodeling in pulmonary hypertension through epigenetic upregulation of BMP7.	P13_lung_immune_chip;P1_lung_chip_tf;P2_lung_chip_disease	Journal Article
41158338	2025	J Thorac Dis	Lv H	USP7-mediated stabilization of CXCL3 aggravates inflammation in models of acute lung injury.	P13_lung_immune_chip;P1_lung_chip_tf;P2_lung_chip_disease	Journal Article
41019036	2025	Front Immunol	Liu G	IKZF1 exacerbates the inflammatory response by epigenetically modulating mitochondrial function following acute peritonitis.	P13_lung_immune_chip;P1_lung_chip_tf;P2_lung_chip_disease	Journal Article
40674542	2025	J Cardiovasc Pharmacol	Zhu M	Fibroblast Activation Protein Promotes Pulmonary Artery Hypertension via Activation of the PTEN/PI3K/Akt Pathway.	P13_lung_immune_chip;P1_lung_chip_tf;P2_lung_chip_disease	Journal Article
40526574	2025	Inhal Toxicol	Zheng Z	The Fli1 transcription factor aggravates lipopolysaccharide-induced human pulmonary microvascular endothelial cell dysfunction by regulating CXCL2 promoter.	P13_lung_immune_chip;P1_lung_chip_tf;P2_lung_chip_disease	Journal Article
40372772	2025	J Leukoc Biol	Gao KC	E26 transformation-specific-1 controls asthma development by regulating the CD4+ Th2/Th17 immune response involved transcription factors in active genomic transcriptional regions.	P12_mouse_lung_chip;P1_lung_chip_tf;P2_lung_chip_disease	Journal Article
40336475	2025	Arterioscler Thromb Vasc Biol	Zhu X	Super-Enhancer-Driven LncRNA UNC5B-AS1 Inhibits Inflammatory Phenotypic Transition in Pulmonary Artery Smooth Muscle Cells via Lactylation.	P13_lung_immune_chip;P1_lung_chip_tf;P2_lung_chip_disease	Journal Article
40180699	2025	Cell Biochem Biophys	Li Y	The Effects and Mechanisms of the YY1/EGFR Axis on Inflammation and Oxidative Stress in Asthma.	P1_lung_chip_tf;P2_lung_chip_disease;P4_encode_cellline	Journal Article
40065336	2025	Respir Res	Wang Y	Modulation of the Epithelial-mesenchymal transition process by Forkhead Box C2 in the repair of airway epithelium after injury.	P12_mouse_lung_chip;P1_lung_chip_tf;P2_lung_chip_disease	Journal Article
39980707	2025	Pulm Circ	Cai Y	RNA-Seq and ChIP-Seq Identification of Unique and Overlapping Target Genes and Pathways Regulated by TBX4 in Human Pulmonary Fibroblasts and Pericytes.	P15_direct_targets;P1_lung_chip_tf;P8_tf_perturb_rna	Journal Article
39966984	2025	J Transl Med	Zhao Y	Integrated analysis reveals that EGR1 promotes epithelial IL33 production in T2 asthma.	P1_lung_chip_tf;P2_lung_chip_disease;P4_encode_cellline	Journal Article
39996311	2025	Circ Res	Zhang J	ASH2L Deficiency in Smooth Muscle Drives Pulmonary Vascular Remodeling.	P13_lung_immune_chip;P2_lung_chip_disease;P9_lung_ppi	Journal Article
40348760	2025	Nat Commun	Seasock MJ	Let-7 restrains an epigenetic circuit in AT2 cells to prevent fibrogenic intermediates in pulmonary fibrosis.	P12_mouse_lung_chip;P2_lung_chip_disease;P4_encode_cellline	Journal Article
40504501	2025	Cardiovasc Res	Yamada K	CTRP7 as a molecular biomarker associating with responsiveness to pulmonary vasodilators: insights from human and animal studies in pulmonary arterial hypertension.	P12_mouse_lung_chip;P13_lung_immune_chip;P2_lung_chip_disease	Journal Article
38826218	2025	bioRxiv	Seasock MJ	Let-7 restrains an oncogenic circuit in AT2 cells to prevent fibrogenic cell intermediates in pulmonary fibrosis.	P12_mouse_lung_chip;P2_lung_chip_disease;P4_encode_cellline	Journal Article;Preprint
40504462	2025	Inflammation	Wang X	AR Deficiency Protects Against Sepsis-Induced Acute Lung Injury by Inhibiting Macrophage M1 Polarization and Inflammatory Cytokine Secretion.	P12_mouse_lung_chip;P13_lung_immune_chip;P2_lung_chip_disease	Journal Article
41351040	2025	Cell Mol Biol Lett	Wang X	tsRNA-3040b accumulates R-loop to regulate Trim35 transcription, which leads to disordered glycolysis and promotes PAECs proliferation.	P12_mouse_lung_chip;P13_lung_immune_chip;P2_lung_chip_disease	Journal Article
39904774	2025	Cancer Immunol Immunother	Yao Y	Targeting HVEM-GPT2 axis: a novel approach to T cell activation and metabolic reprogramming in non-small cell lung cancer therapy.	P12_mouse_lung_chip;P13_lung_immune_chip;P4_encode_cellline	Journal Article
42152052	2026	Respir Res	Qu T	Snhg18 promotes hypoxic pulmonary hypertension by enhancing glycolysis.	P13_lung_immune_chip;P1_lung_chip_tf;P2_lung_chip_disease	Journal Article
41504242	2026	Cell Cycle	Freewoman JM	Locus-specific transcriptional regulation of transposable elements by p53.	P13_lung_immune_chip;P1_lung_chip_tf;P4_encode_cellline	Journal Article
41052458	2026	Am J Respir Crit Care Med	Kim EG	p300-Dependent modulation in regulatory T cells plays a crucial role in allergic asthma.	P13_lung_immune_chip;P1_lung_chip_tf;P2_lung_chip_disease	Journal Article;Research Support, Non-U.S. Gov't
41964031	2026	J Transl Med	He S	IGFBP2 promotes immunosuppression by regulating macrophage PD-L1 expression in NEUROD1-high small cell lung cancer.	P13_lung_immune_chip;P1_lung_chip_tf;P3_lung_tf_names	Journal Article
41339492	2026	Cancer Gene Ther	Tan X	AP-1 promotes oncogenic transcription in lung cancer cells by bridging promoter-enhancer interactions.	P1_lung_chip_tf;P5_lung_atac_footprint;P6_lung_3d	Journal Article
42373667	2026	Nat Commun	Gao W	Emergence of fibrotic pericytes and their transcriptional regulation in pulmonary fibrosis.	P13_lung_immune_chip;P1_lung_chip_tf;P2_lung_chip_disease	Journal Article
41522357	2026	Int J Biol Sci	Chen A	Zinc-Induced PKCδ-dependent Phosphorylation of MTF-1 Promotes Pulmonary Vascular Remodeling in Hypoxic Pulmonary Hypertension.	P13_lung_immune_chip;P1_lung_chip_tf;P2_lung_chip_disease	Journal Article
41665976	2026	Clin Transl Med	Cao M	BACH2 alleviates immune checkpoint inhibitors-induced cardiac pyroptosis via transcriptionally promoting GRSF1.	P13_lung_immune_chip;P1_lung_chip_tf;P2_lung_chip_disease	Journal Article
42582092	2026	Front Immunol	Xu X	IRF1 mediates airway epithelial innate memory through priming BRD4- EP300 activity.	P1_lung_chip_tf;P2_lung_chip_disease;P3_lung_tf_names	Journal Article
42579020	2026	J Bioenerg Biomembr	Zhang D	M2 macrophage-derived exosomal EHF transcriptionally activates FGFR1 to promote malignant phenotypes and glycolysis in NSCLC.	P13_lung_immune_chip;P1_lung_chip_tf;P4_encode_cellline	Journal Article
42540261	2026	Oncol Lett	Hu N	FOXA2 enhances anoikis sensitivity in lung adenocarcinoma cells: Dual role of ABCA8 upregulation and NOX4 suppression.	P1_lung_chip_tf;P3_lung_tf_names;P4_encode_cellline	Journal Article
42470544	2026	J Mol Histol	Li L	Human chorionic membrane mesenchymal stem cell-conditioned medium activates the SOX18/MECP2 axis to protect against sepsis-induced lung injury.	P13_lung_immune_chip;P1_lung_chip_tf;P2_lung_chip_disease	Journal Article
42390016	2026	Biofactors	Hou P	Dauriporphine Inhibits the Proliferation, Migration, Angiogenesis, and Glycolysis in Lung Cancer Cells by Repressing PGK1 Expression via CEBPA.	P1_lung_chip_tf;P3_lung_tf_names;P4_encode_cellline	Journal Article
42372476	2026	Pathol Res Pract	Yang Q	Taraxerol targets the HIF1A-NEK6 axis to block TDE-mediated M2 macrophage polarization and inhibits NSCLC progression.	P13_lung_immune_chip;P1_lung_chip_tf;P4_encode_cellline	Journal Article
42327952	2026	Research (Wash D C)	Bai Q	PCK2-Mediated PQBP1 Lactylation Promotes Asthmatic Inflammation through PRMT5 Inhibition.	P12_mouse_lung_chip;P1_lung_chip_tf;P2_lung_chip_disease	Journal Article
42245128	2026	Cent Eur J Immunol	Fan X	KLF14 restrained NLRP3-mediated pyroptosis in sepsis-induced acute lung injury by activating DTX3L.	P1_lung_chip_tf;P2_lung_chip_disease;P4_encode_cellline	Journal Article
42235626	2026	Cell Signal	Chen S	IRF5 promotes the polarization of M1 macrophages and aggravates pulmonary inflammation in connective tissue disease-related interstitial lung disease (CTD-ILD) by regulating IFN-β.	P13_lung_immune_chip;P14_variant_tf_binding;P1_lung_chip_tf	Journal Article
42228271	2026	Mol Cell Biochem	Tang H	Anemoside B4 inhibits mitochondrial dysfunction-related mitophagy in asthma by regulating KAT2B/IRF3 axis.	P1_lung_chip_tf;P2_lung_chip_disease;P4_encode_cellline	Journal Article
42214888	2026	Redox Biol	Wang C	Targeting the Fra2/LCN2 axis attenuates PM(2.5)-aggravated asthma by suppressing M2 macrophage ferroptosis.	P13_lung_immune_chip;P1_lung_chip_tf;P2_lung_chip_disease	Journal Article
41997467	2026	Gene	Huang Y	SOX4 is a transcriptional activator for CTHRC1 in lung fibroblast activation.	P13_lung_immune_chip;P1_lung_chip_tf;P2_lung_chip_disease	Journal Article
41957137	2026	Br J Cancer	Sun S	Novel transcription factor zinc finger 514 suppresses lung adenocarcinoma progression and enhances cisplatin sensitivity via transcriptional repression of COL1A1.	P14_variant_tf_binding;P1_lung_chip_tf;P4_encode_cellline	Journal Article
41933932	2026	Adv Sci (Weinh)	Wang Y	DOT1L Drives Endothelial-to-Mesenchymal Transition and Fibrotic Vascular Remodeling via H3K79 Methylation.	P13_lung_immune_chip;P1_lung_chip_tf;P2_lung_chip_disease	Journal Article
41787591	2026	Eur J Med Res	Cai Y	Autophagy promotes the brain metastasis of cisplatin-resistant lung cancer cells through the KLF4/KLF2/IL15 signaling pathway.	P12_mouse_lung_chip;P1_lung_chip_tf;P4_encode_cellline	Journal Article
41736051	2026	J Exp Clin Cancer Res	Ma J	HOXA10 drives immune evasion in early lung adenocarcinoma by recruiting immunosuppressive macrophages via NF-κB/CCL2 signaling.	P12_mouse_lung_chip;P13_lung_immune_chip;P1_lung_chip_tf	Journal Article
41494651	2026	Am J Physiol Lung Cell Mol Physiol	Dasgupta D	Tumor necrosis factor α-induced endoplasmic reticulum stress promotes airway smooth muscle cell proliferation.	P13_lung_immune_chip;P1_lung_chip_tf;P2_lung_chip_disease	Journal Article
41407172	2026	Cell Signal	Wu W	RBP-J-mediated suppression of LINC00324 promotes ferroptosis via SLC3A2 in silica-induced pulmonary fibrosis.	P1_lung_chip_tf;P2_lung_chip_disease;P4_encode_cellline	Journal Article
41192649	2026	Biochim Biophys Acta Mol Basis Dis	Wu Y	HIF1α/PRDX1 axis drives pulmonary vascular remodeling through DRP1 DeSUMOylation and mitochondrial fragmentation.	P13_lung_immune_chip;P1_lung_chip_tf;P2_lung_chip_disease	Journal Article
41188062	2026	Immunology	Liu J	KDM5A: A Master Epigenetic Regulator of Th2 Immunity and Allergic Disease Pathogenesis.	P13_lung_immune_chip;P1_lung_chip_tf;P3_lung_tf_names	Journal Article
40999579	2026	Kaohsiung J Med Sci	Wang L	HOXA5 Suppresses NEK7-Mediated Alveolar Epithelial Pyroptosis in Acute Lung Injury by Transcriptionally Inhibiting KAT2A.	P12_mouse_lung_chip;P1_lung_chip_tf;P2_lung_chip_disease	Journal Article
42206677	2026	Biomol Biomed	Boonto T	ZNF469 drives TGF-β1/SMAD3-mediated extracellular matrix regulation in pulmonary fibrosis.	P13_lung_immune_chip;P2_lung_chip_disease;P3_lung_tf_names	Journal Article
41674542	2026	Pulm Circ	Chen L	LIN28B Aggravates the Inflammation in Sepsis-Induced Lung Injury by Stabilizing GATA6 mRNA and Upregulating TRAF6.	P13_lung_immune_chip;P2_lung_chip_disease;P3_lung_tf_names	Journal Article
42419672	2026	Eur J Pharmacol	Li S	GDF11 regulates hypoxia-induced pulmonary endothelial cell pyroptosis through SOX2/NLRP3 axis.	P12_mouse_lung_chip;P13_lung_immune_chip;P3_lung_tf_names	Journal Article
26484284	2015	Genom Data	Holik AZ	Transcriptome and H3K27 tri-methylation profiling of Ezh2-deficient lung epithelium.	P12_mouse_lung_chip;P1_lung_chip_tf	Journal Article
25192440	2015	Am J Respir Cell Mol Biol	Sharma S	Glucocorticoid genes and the developmental origins of asthma susceptibility and treatment response.	P12_mouse_lung_chip;P2_lung_chip_disease	Journal Article;Research Support, N.I.H., Extramural;Research Support, N.I.H., Intramural
26286207	2015	Lung	Noguchi S	Regulation of Gene Expression by Sodium Valproate in Epithelial-to-Mesenchymal Transition.	P2_lung_chip_disease;P4_encode_cellline	Journal Article;Research Support, Non-U.S. Gov't
27076634	2016	J Biol Chem	Kadiyala V	Cistrome-based Cooperation between Airway Epithelial Glucocorticoid Receptor and NF-κB Orchestrates Anti-inflammatory Effects.	P1_lung_chip_tf;P3_lung_tf_names	Journal Article;Research Support, N.I.H., Extramural;Research Support, Non-U.S. Gov't
27638768	2016	Biol Open	Dharmadhikari AV	Lethal lung hypoplasia and vascular defects in mice with conditional Foxf1 overexpression.	P12_mouse_lung_chip;P13_lung_immune_chip	Journal Article
26947080	2016	Cell Rep	Marshall CB	p73 Is Required for Multiciliogenesis and Regulates the Foxj1-Associated Gene Network.	P12_mouse_lung_chip;P15_direct_targets	Journal Article;Research Support, N.I.H., Extramural
29254206	2017	Oncotarget	Ciribilli Y	Oncogenomics of c-Myc transgenic mice reveal novel regulators of extracellular signaling, angiogenesis and invasion with clinical significance for human lung adenocarcinoma.	P12_mouse_lung_chip;P8_tf_perturb_rna	Journal Article
28351900	2017	Circulation	Leisegang MS	Long Noncoding RNA MANTIS Facilitates Endothelial Angiogenic Function.	P13_lung_immune_chip;P9_lung_ppi	Journal Article
29342503	2018	Arthritis Rheumatol	Dritsoula A	Molecular Basis for Dysregulated Activation of NKX2-5 in the Vascular Remodeling of Systemic Sclerosis.	P13_lung_immune_chip;P2_lung_chip_disease	Journal Article;Meta-Analysis;Research Support, Non-U.S. Gov't
28732646	2018	J Allergy Clin Immunol	Wang P	Phosphatase wild-type p53-induced phosphatase 1 controls the development of T(H)9 cells and allergic airway inflammation.	P12_mouse_lung_chip;P2_lung_chip_disease	Journal Article;Research Support, Non-U.S. Gov't
30932261	2019	Phytother Res	Cui Z	Eugenol inhibits non-small cell lung cancer by repressing expression of NF-κB-regulated TRIM59.	P14_variant_tf_binding;P1_lung_chip_tf	Journal Article
31548395	2019	Proc Natl Acad Sci U S A	Little DR	Transcriptional control of lung alveolar type 1 cell development and maintenance by NK homeobox 2-1.	P12_mouse_lung_chip;P1_lung_chip_tf	Journal Article;Research Support, N.I.H., Extramural
30358439	2019	Am J Physiol Lung Cell Mol Physiol	Saito S	HDAC8 inhibition ameliorates pulmonary fibrosis.	P13_lung_immune_chip;P2_lung_chip_disease	Journal Article;Research Support, N.I.H., Extramural;Research Support, Non-U.S. Gov't
30579949	2019	Chemosphere	Ji X	Histone modification in the lung injury and recovery of mice in response to PM(2.5) exposure.	P12_mouse_lung_chip;P2_lung_chip_disease	Journal Article
31557407	2019	J Cell Mol Med	Swahn H	Coordinate regulation of ELF5 and EHF at the chr11p13 CF modifier region.	P2_lung_chip_disease;P3_lung_tf_names	Journal Article;Research Support, N.I.H., Extramural;Research Support, Non-U.S. Gov't
31028762	2019	Metabolism	Yang T	YY1: A novel therapeutic target for diabetic nephropathy orchestrated renal fibrosis.	P12_mouse_lung_chip;P2_lung_chip_disease	Journal Article;Research Support, Non-U.S. Gov't
31322254	2019	Mol Med Rep	Liu R	TRIM67 promotes NF‑κB pathway and cell apoptosis in GA‑13315‑treated lung cancer cells.	P4_encode_cellline;P8_tf_perturb_rna	Journal Article
31884422	2019	Aging (Albany NY)	Namani A	Genome-wide global identification of NRF2 binding sites in A549 non-small cell lung cancer cells by ChIP-Seq reveals NRF2 regulation of genes involved in focal adhesion pathways.	P4_encode_cellline;P8_tf_perturb_rna	Journal Article;Research Support, Non-U.S. Gov't
31237749	2019	J Cell Mol Med	Yang W	Herbal formula Yangyinjiedu induces lung cancer cell apoptosis via activation of early growth response 1.	P15_direct_targets;P4_encode_cellline	Journal Article;Research Support, Non-U.S. Gov't
30582451	2019	Circ Res	Miyagawa K	Smooth Muscle Contact Drives Endothelial Regeneration by BMPR2-Notch1-Mediated Metabolic and Epigenetic Changes.	P12_mouse_lung_chip;P13_lung_immune_chip	Journal Article;Research Support, N.I.H., Extramural;Research Support, Non-U.S. Gov't
32571982	2020	Mol Cancer Res	Tian Y	NRF2-Driven KEAP1 Transcription in Human Lung Cancer.	P1_lung_chip_tf;P3_lung_tf_names	Journal Article;Research Support, Non-U.S. Gov't
33070289	2020	Chromosome Res	Miura M	CUT&RUN detects distinct DNA footprints of RNA polymerase II near the transcription start sites.	P1_lung_chip_tf;P4_encode_cellline	Journal Article;Research Support, Non-U.S. Gov't
32573785	2020	Int J Cancer	Wu Y	Multi-omics analysis reveals the functional transcription and potential translation of enhancers.	P1_lung_chip_tf;P6_lung_3d	Journal Article;Research Support, Non-U.S. Gov't
31782890	2020	Mol Oncol	Hokari S	Comparative analysis of TTF-1 binding DNA regions in small-cell lung cancer and non-small-cell lung cancer.	P1_lung_chip_tf;P3_lung_tf_names	Journal Article;Research Support, Non-U.S. Gov't
32669118	2020	Genome Med	Szczepanski AP	ASXL3 bridges BRD4 to BAP1 complex and governs enhancer activity in small cell lung cancer.	P1_lung_chip_tf;P9_lung_ppi	Journal Article;Research Support, N.I.H., Extramural;Research Support, Non-U.S. Gov't
32200471	2020	Mol Cell Biochem	Xiong YC	Overexpression of MYBL2 promotes proliferation and migration of non-small-cell lung cancer via upregulating NCAPH.	P15_direct_targets;P1_lung_chip_tf	Journal Article
32943060	2020	Cell Commun Signal	Li H	CLPTM1L induces estrogen receptor β signaling-mediated radioresistance in non-small cell lung cancer cells.	P1_lung_chip_tf;P4_encode_cellline	Journal Article;Research Support, Non-U.S. Gov't
33455278	2020	ACS Biomater Sci Eng	Kiratipaiboon C	SOX2Mediates Carbon Nanotube-Induced Fibrogenesis and Fibroblast Stem Cell Acquisition.	P13_lung_immune_chip;P2_lung_chip_disease	Journal Article;Research Support, N.I.H., Extramural
32115750	2020	J Cell Biochem	Xiang Z	MeCP2 epigenetically regulates alpha-smooth muscle actin in human lung fibroblasts.	P13_lung_immune_chip;P2_lung_chip_disease	Journal Article;Research Support, N.I.H., Extramural
32179636	2020	J Immunol	Wang Z	Zhx2 Accelerates Sepsis by Promoting Macrophage Glycolysis via Pfkfb3.	P13_lung_immune_chip;P2_lung_chip_disease	Journal Article;Research Support, Non-U.S. Gov't
32493933	2020	Nat Commun	Cui L	Activation of JUN in fibroblasts promotes pro-fibrotic programme and modulates protective immunity.	P2_lung_chip_disease;P5_lung_atac_footprint	Journal Article;Research Support, N.I.H., Extramural;Research Support, Non-U.S. Gov't
32961439	2020	Redox Biol	Coarfa C	Epigenetic response to hyperoxia in the neonatal lung is sexually dimorphic.	P12_mouse_lung_chip;P2_lung_chip_disease	Journal Article;Research Support, N.I.H., Extramural;Research Support, Non-U.S. Gov't
33277858	2020	J BUON	Zang Q	GATA6 activated long non-coding RNA PCAT1 maintains stemness of non-small cell lung cancer by mediating FRK.	P12_mouse_lung_chip;P4_encode_cellline	Journal Article
33423291	2021	Clin Exp Immunol	Albers GJ	IRF5 regulates airway macrophage metabolic responses.	P13_lung_immune_chip;P1_lung_chip_tf	Journal Article;Research Support, Non-U.S. Gov't
35052581	2021	Antioxidants (Basel)	Bi Z	New Discoveries and Ambiguities of Nrf2 and ATF3 Signaling in Environmental Arsenic-Induced Carcinogenesis.	P1_lung_chip_tf;P3_lung_tf_names	Journal Article;Review
34712224	2021	Front Immunol	Cao S	The Transcription Factor FRA-1/AP-1 Controls Lipocalin-2 Expression and Inflammation in Sepsis Model.	P13_lung_immune_chip;P1_lung_chip_tf	Journal Article;Research Support, Non-U.S. Gov't
34260916	2021	Cell Rep	Hicks-Berthet J	Yap/Taz inhibit goblet cell fate to maintain lung epithelial homeostasis.	P12_mouse_lung_chip;P1_lung_chip_tf	Journal Article;Research Support, N.I.H., Extramural;Research Support, Non-U.S. Gov't
34097859	2021	Exp Cell Res	Wang H	ZEB1 induces non-small cell lung cancer development by targeting microRNA-320a to increase the expression of RAD51AP1.	P12_mouse_lung_chip;P1_lung_chip_tf	Journal Article;Research Support, Non-U.S. Gov't
34774019	2021	BMC Cancer	Pan H	MicroRNA-1915-3p inhibits cell migration and invasion by targeting SET in non-small-cell lung cancer.	P15_direct_targets;P1_lung_chip_tf	Journal Article
34880752	2021	Front Pharmacol	Liu Y	Tetrandrine Modulates Rheb-mTOR Signaling-Mediated Selective Autophagy and Protects Pulmonary Fibrosis.	P13_lung_immune_chip;P2_lung_chip_disease	Journal Article
34352276	2021	Exp Cell Res	Hong H	Dexmedetomidine preconditioning ameliorates lung injury induced by pulmonary ischemia/reperfusion by upregulating promoter histone H3K4me3 modification of KGF-2.	P13_lung_immune_chip;P2_lung_chip_disease	Journal Article;Research Support, Non-U.S. Gov't
33917769	2021	Int J Mol Sci	Zhang H	Mechanisms Contributing to the Dysregulation of miRNA-124 in Pulmonary Hypertension.	P13_lung_immune_chip;P2_lung_chip_disease	Journal Article
33836606	2021	Proc Natl Acad Sci U S A	Masaki T	Aryl hydrocarbon receptor is essential for the pathogenesis of pulmonary arterial hypertension.	P13_lung_immune_chip;P2_lung_chip_disease	Journal Article;Research Support, Non-U.S. Gov't
33497841	2021	J Oral Biosci	Tanaka J	Sox9 function in salivary gland development.	P3_lung_tf_names;P4_encode_cellline	Journal Article;Research Support, Non-U.S. Gov't;Review
34790744	2021	Ann Transl Med	Sha Z	Transcription factor CDX2 up-regulates proto-oncogenic miR-744 via a promoter activation mechanism in non-small-cell lung cancer.	P14_variant_tf_binding;P4_encode_cellline	Journal Article
34552866	2021	Front Oncol	Long J	A Functional Polymorphism in Accessible Chromatin Region Confers Risk of Non-Small Cell Lung Cancer in Chinese Population.	P4_encode_cellline;P5_lung_atac_footprint	Journal Article
33024270	2021	Br J Cancer	Siddiqui MA	Thymidylate synthase drives the phenotypes of epithelial-to-mesenchymal transition in non-small cell lung cancer.	P14_variant_tf_binding;P8_tf_perturb_rna	Journal Article;Research Support, N.I.H., Extramural;Research Support, Non-U.S. Gov't
34774095	2021	Arthritis Res Ther	Ikawa T	Endothelial CCR6 expression due to FLI1 deficiency contributes to vasculopathy associated with systemic sclerosis.	P12_mouse_lung_chip;P13_lung_immune_chip	Journal Article;Research Support, Non-U.S. Gov't
33731112	2021	Respir Res	Lüdtke TH	Combined genomic and proteomic approaches reveal DNA binding sites and interaction partners of TBX2 in the developing lung.	P12_mouse_lung_chip;P15_direct_targets	Journal Article
34408010	2021	J Immunol	Fraszczak J	Severe Inflammatory Reactions in Mice Expressing a GFI1(P2A) Mutant Defective in Binding to the Histone Demethylase KDM1A (LSD1).	P12_mouse_lung_chip;P13_lung_immune_chip	Journal Article;Research Support, Non-U.S. Gov't
34428336	2021	J Cell Mol Med	Qian Q	MicroRNA-205-5p targets E2F1 to promote autophagy and inhibit pulmonary fibrosis in silicosis through impairing SKP2-mediated Beclin1 ubiquitination.	P12_mouse_lung_chip;P13_lung_immune_chip	Journal Article
35989621	2022	J Periodontal Res	Li X	Dec2 negatively regulates bone resorption in periodontitis.	P12_mouse_lung_chip;P1_lung_chip_tf	Journal Article
36221069	2022	Cell Mol Biol Lett	Li Y	LARRPM restricts lung adenocarcinoma progression and M2 macrophage polarization through epigenetically regulating LINC00240 and CSF1.	P13_lung_immune_chip;P1_lung_chip_tf	Journal Article
35932528	2022	Biochem Biophys Res Commun	Zhong F	Combinatorial transcriptional regulation of HEB/ZEB1/ASCL1 and MYBL2 on Ras/ErbB signaling.	P1_lung_chip_tf;P3_lung_tf_names	Journal Article;Research Support, Non-U.S. Gov't
35294885	2022	Cell Rep	Lewis AE	Tracheal separation is driven by NKX2-1-mediated repression of Efnb2 and regulation of endodermal cell sorting.	P1_lung_chip_tf;P3_lung_tf_names	Journal Article;Research Support, N.I.H., Extramural;Research Support, Non-U.S. Gov't
36069232	2022	Oncol Rep	Huang Y	SOX2 regulates paclitaxel resistance of A549 non‑small cell lung cancer cells via promoting transcription of ClC‑3.	P1_lung_chip_tf;P4_encode_cellline	Journal Article
35427207	2022	Autophagy	Zhang J	ATF3 -activated accelerating effect of LINC00941/lncIAPF on fibroblast-to-myofibroblast differentiation by blocking autophagy depending on ELAVL1/HuR in pulmonary fibrosis.	P13_lung_immune_chip;P2_lung_chip_disease	Journal Article;Research Support, Non-U.S. Gov't
36386240	2022	Front Pharmacol	Zhu Q	Danshensu methyl ester enhances autophagy to attenuate pulmonary fibrosis by targeting lncIAPF-HuR complex.	P13_lung_immune_chip;P2_lung_chip_disease	Journal Article
35081007	2022	Am J Respir Crit Care Med	Manz XD	Epigenetic Modification of the von Willebrand Factor Promoter Drives Platelet Aggregation on the Pulmonary Endothelium in Chronic Thromboembolic Pulmonary Hypertension.	P13_lung_immune_chip;P2_lung_chip_disease	Journal Article
35453467	2022	Antioxidants (Basel)	Yang CC	HO-1 Upregulation by Kaempferol via ROS-Dependent Nrf2-ARE Cascade Attenuates Lipopolysaccharide-Mediated Intercellular Cell Adhesion Molecule-1 Expression in Human Pulmonary Alveolar Epithelial Cells.	P12_mouse_lung_chip;P2_lung_chip_disease	Journal Article
36456564	2022	Cell Death Discov	Gao Y	H3K27 tri-demethylase JMJD3 inhibits macrophage apoptosis by promoting ADORA2A in lipopolysaccharide-induced acute lung injury.	P13_lung_immune_chip;P2_lung_chip_disease	Journal Article
35615634	2022	Front Pediatr	Schilders KAA	Identification of SOX2 Interacting Proteins in the Developing Mouse Lung With Potential Implications for Congenital Diaphragmatic Hernia.	P12_mouse_lung_chip;P2_lung_chip_disease	Journal Article
35383125	2022	J Pharmacol Exp Ther	Zhang Y	Anisodamine Enhances Macrophage M2 Polarization through Suppressing G9a-Mediated Interferon Regulatory Factor 4 Silencing to Alleviate Lipopolysaccharide-Induced Acute Lung Injury.	P13_lung_immune_chip;P2_lung_chip_disease	Journal Article
35189144	2022	J Biol Chem	Bansal A	Interplay between nuclear factor-κB, p38 MAPK, and glucocorticoid receptor signaling synergistically induces functional TLR2 in lung epithelial cells.	P2_lung_chip_disease;P4_encode_cellline	Journal Article
35704651	2022	PLoS One	Feng S	Systematic characterization of the effective constituents and molecular mechanisms of Ardisiae Japonicae Herba using UPLC-Orbitrap Fusion MS and network pharmacology.	P10_global_ppi;P9_lung_ppi	Journal Article;Research Support, Non-U.S. Gov't
34911774	2022	J Immunol	Zheng Y	PRMT5 Deficiency Enforces the Transcriptional and Epigenetic Programs of Klrg1(+)CD8(+) Terminal Effector T Cells and Promotes Cancer Development.	P12_mouse_lung_chip;P13_lung_immune_chip	Journal Article;Research Support, Non-U.S. Gov't
35346195	2022	Cancer Cell Int	Wang Q	BMI1 promotes osteosarcoma proliferation and metastasis by repressing the transcription of SIK1.	P12_mouse_lung_chip;P15_direct_targets	Journal Article
36378541	2023	Mol Cancer Res	Chen H	BET Inhibitors Target the SCLC-N Subtype of Small-Cell Lung Cancer by Blocking NEUROD1 Transactivation.	P1_lung_chip_tf;P8_tf_perturb_rna	Journal Article;Research Support, N.I.H., Extramural;Research Support, N.I.H., Intramural
37826914	2023	Clin Respir J	Ma M	SCN4B inhibits the progression of lung adenocarcinoma and is associated with better prognosis.	P11_catalogs;P1_lung_chip_tf	Journal Article
36923501	2023	PeerJ	Liang J	HNF4G increases cisplatin resistance in lung adenocarcinoma via the MAPK6/Akt pathway.	P1_lung_chip_tf;P4_encode_cellline	Journal Article;Research Support, Non-U.S. Gov't
38187557	2023	bioRxiv	He H	PRDM3/16 Regulate Chromatin Accessibility Required for NKX2-1 Mediated Alveolar Epithelial Differentiation and Function.	P1_lung_chip_tf;P3_lung_tf_names	Preprint;Journal Article
37964204	2023	BMC Cancer	Sun J	ANKRD49 promotes the metastasis of NSCLC via activating JNK-ATF2/c-Jun-MMP-2/9 axis.	P1_lung_chip_tf;P4_encode_cellline	Journal Article
37497010	2023	Int J Biol Sci	Han M	SMURF2 facilitates ubiquitin-mediated degradation of ID2 to attenuate lung cancer cell proliferation.	P12_mouse_lung_chip;P1_lung_chip_tf	Journal Article;Research Support, Non-U.S. Gov't
37946265	2023	J Exp Clin Cancer Res	Zhang L	Lnc AC016727.1/BACH1/HIF-1 α signal loop promotes the progression of non-small cell lung cancer.	P12_mouse_lung_chip;P1_lung_chip_tf	Journal Article
37867222	2023	Adv Sci (Weinh)	Lee WH	Transcription Factor Id1 Plays an Essential Role in Th9 Cell Differentiation by Inhibiting Tcf3 and Tcf4.	P1_lung_chip_tf;P2_lung_chip_disease	Journal Article;Research Support, Non-U.S. Gov't
37150829	2023	J Exp Clin Cancer Res	Ning B	Convergence of YAP/TAZ, TEAD and TP63 activity is associated with bronchial premalignant severity and progression.	P1_lung_chip_tf;P3_lung_tf_names	Journal Article
37415626	2023	Oncol Lett	Wu J	MNX1 facilitates the malignant progress of lung adenocarcinoma through transcriptionally upregulating CCDC34.	P1_lung_chip_tf;P4_encode_cellline	Journal Article
37180584	2023	PeerJ	Besskaya V	Hepatic nuclear factor 4 alpha promotes the ferroptosis of lung adenocarcinoma via transcriptional activation of cytochrome P450 oxidoreductase.	P1_lung_chip_tf;P4_encode_cellline	Journal Article;Research Support, Non-U.S. Gov't
36899902	2023	Cells	Chioma OS	Low Gut Microbial Diversity Augments Estrogen-Driven Pulmonary Fibrosis in Female-Predominant Interstitial Lung Disease.	P1_lung_chip_tf;P2_lung_chip_disease	Journal Article;Research Support, N.I.H., Extramural;Research Support, Non-U.S. Gov't
36564027	2023	J Mol Cell Biol	Chen J	Histone lactylation driven by mROS-mediated glycolytic shift promotes hypoxic pulmonary hypertension.	P13_lung_immune_chip;P2_lung_chip_disease	Journal Article;Research Support, Non-U.S. Gov't
36104951	2023	Allergy	Liang Q	circS100A11 enhances M2a macrophage activation and lung inflammation in children with asthma.	P13_lung_immune_chip;P2_lung_chip_disease	Journal Article;Research Support, Non-U.S. Gov't
36942752	2023	J Am Heart Assoc	Xing Y	Circ-myh8 Promotes Pulmonary Hypertension by Recruiting KAT7 to Govern Hypoxia-Inducible Factor-1α Expression.	P13_lung_immune_chip;P2_lung_chip_disease	Journal Article;Research Support, Non-U.S. Gov't
37904708	2023	Immun Inflamm Dis	Gu P	Mechanism of KLF9 in airway inflammation in chronic obstructive pulmonary.	P2_lung_chip_disease;P4_encode_cellline	Journal Article;Research Support, Non-U.S. Gov't
36226860	2023	Immunopharmacol Immunotoxicol	Guo W	SRPK1 promotes sepsis-induced acute lung injury via regulating PI3K/AKT/FOXO3 signaling.	P13_lung_immune_chip;P2_lung_chip_disease	Journal Article
36537648	2023	Environ Toxicol	Gao Y	JMJD3 downregulates IL4i1 aggravating lipopolysaccharide-induced acute lung injury via H3K27 and H3K4 demethylation.	P13_lung_immune_chip;P2_lung_chip_disease	Journal Article
37399107	2023	Toxicol Sci	Wang Y	IL33-mediated NPM1 promotes fibroblast-to-myofibroblast transition via ERK/AP-1 signaling in silica-induced pulmonary fibrosis.	P13_lung_immune_chip;P2_lung_chip_disease	Journal Article;Research Support, Non-U.S. Gov't
36538076	2023	Inflamm Res	Liu F	Mitophagy-promoting miR-138-5p promoter demethylation inhibits pyroptosis in sepsis-associated acute lung injury.	P13_lung_immune_chip;P2_lung_chip_disease	Journal Article
36521562	2023	Am J Pathol	Oruqaj G	Transforming Growth Factor-β1 Regulates Peroxisomal Genes/Proteins via Smad Signaling in Idiopathic Pulmonary Fibrosis Fibroblasts and Transgenic Mouse Models.	P12_mouse_lung_chip;P2_lung_chip_disease	Journal Article;Research Support, N.I.H., Extramural;Research Support, Non-U.S. Gov't
37658121	2023	Med Microbiol Immunol	Meng Y	Histone methyltransferase SETD2 inhibits M1 macrophage polarization and glycolysis by suppressing HIF-1α in sepsis-induced acute lung injury.	P13_lung_immune_chip;P2_lung_chip_disease	Journal Article
36549351	2023	Life Sci	Li G	BAP31 regulates the expression of ICAM-1/VCAM-1 via MyD88/NF-κB pathway in acute lung injury mice model.	P13_lung_immune_chip;P2_lung_chip_disease	Journal Article
36674744	2023	Int J Mol Sci	Tsai ML	Montelukast Increased IL-25, IL-33, and TSLP via Epigenetic Regulation in Airway Epithelial Cells.	P2_lung_chip_disease;P4_encode_cellline	Journal Article
36883061	2023	PeerJ	Xiao X	LincRNA00612 inhibits apoptosis and inflammation in LPS-induced BEAS-2B cells via enhancing interaction between p-STAT3 and A2M promoter.	P2_lung_chip_disease;P4_encode_cellline	Journal Article;Research Support, Non-U.S. Gov't
36482877	2023	Arthritis Rheumatol	Servaas NH	Nuclear Receptor Subfamily 4A Signaling as a Key Disease Pathway of CD1c+ Dendritic Cell Dysregulation in Systemic Sclerosis.	P13_lung_immune_chip;P2_lung_chip_disease	Journal Article;Research Support, Non-U.S. Gov't
36940733	2023	Free Radic Biol Med	Tu Y	Irisin drives macrophage anti-inflammatory differentiation via JAK2-STAT6-dependent activation of PPARγ and Nrf2 signaling.	P13_lung_immune_chip;P3_lung_tf_names	Journal Article;Research Support, Non-U.S. Gov't
36930833	2023	Mol Cancer Res	Wu Y	FOXA1 Reprogramming Dictates Retinoid X Receptor Response in ESR1-Mutant Breast Cancer.	P3_lung_tf_names;P4_encode_cellline	Journal Article;Research Support, N.I.H., Extramural;Research Support, Non-U.S. Gov't;Research Support, U.S. Gov't, Non-P.H.S.
37961260	2023	bioRxiv	Gillis K	FoxA1/2-dependent epigenomic reprogramming drives lineage switching in lung adenocarcinoma.	P3_lung_tf_names;P6_lung_3d	Preprint;Journal Article
38030681	2023	Sci Rep	Okuma N	Amplification of poly(I:C)-induced interleukin-6 production in human bronchial epithelial cells by priming with interferon-γ.	P12_mouse_lung_chip;P4_encode_cellline	Journal Article
37094986	2023	J Immunother Cancer	Chen S	YY1 complex in M2 macrophage promotes prostate cancer progression by upregulating IL-6.	P13_lung_immune_chip;P6_lung_3d	Journal Article;Research Support, Non-U.S. Gov't
37070193	2023	Nucleic Acids Res	Mayayo-Peralta I	PAXIP1 and STAG2 converge to maintain 3D genome architecture and facilitate promoter/enhancer contacts to enable stress hormone-dependent transcription.	P6_lung_3d;P7_perturbseq	Journal Article;Research Support, Non-U.S. Gov't
36626231	2023	JCI Insight	Wertheim BM	Proline and glucose metabolic reprogramming supports vascular endothelial and medial biomass in pulmonary arterial hypertension.	P10_global_ppi;P9_lung_ppi	Journal Article;Research Support, Non-U.S. Gov't;Research Support, N.I.H., Extramural
36654811	2023	Evid Based Complement Alternat Med	Hu L	A Mechanism Exploration for the Yi-Fei-San-Jie Formula against Non-Small-Cell Lung Cancer Based on UPLC-MS/MS, Network Pharmacology, and In Silico Verification.	P10_global_ppi;P9_lung_ppi	Journal Article
38033505	2023	Front Oncol	Chen-Xi G	Long non-coding RNA PRR7-AS1 promotes osteosarcoma progression via binding RNF2 to transcriptionally suppress MTUS1.	P11_catalogs;P15_direct_targets	Journal Article
36300763	2023	Autophagy	Yao H	Ablation of endothelial Atg7 inhibits ischemia-induced angiogenesis by upregulating Stat1 that suppresses Hif1a expression.	P12_mouse_lung_chip;P13_lung_immune_chip	Journal Article;Research Support, N.I.H., Extramural
37190139	2023	Cancers (Basel)	Chang SY	SOX1 Functions as a Tumor Suppressor by Repressing HES1 in Lung Cancer.	P12_mouse_lung_chip;P15_direct_targets	Journal Article
37274058	2023	Breast Cancer (Dove Med Press)	Liu Y	Rab1A-Mediated Exosomal Sorting of miR-200c Enhances Breast Cancer Lung Metastasis.	P12_mouse_lung_chip;P13_lung_immune_chip	Journal Article;Retracted Publication
37930129	2023	J Immunol	Zhang J	Oxidative Stress Induces E-Selectin Expression through Repression of Endothelial Transcription Factor ERG.	P13_lung_immune_chip;P14_variant_tf_binding	Journal Article;Research Support, Non-U.S. Gov't
39042472	2024	JCI Insight	Kolostyak Z	EGR2 is an epigenomic regulator of phagocytosis and antifungal immunity in alveolar macrophages.	P12_mouse_lung_chip;P1_lung_chip_tf	Journal Article;Research Support, Non-U.S. Gov't;Research Support, N.I.H., Extramural
38583771	2024	J Thorac Oncol	Shukla V	Genome-Wide Analysis Identifies Nuclear Factor 1C as a Novel Transcription Factor and Potential Therapeutic Target in SCLC.	P1_lung_chip_tf;P5_lung_atac_footprint	Journal Article;Research Support, Non-U.S. Gov't;Research Support, N.I.H., Intramural
38176727	2024	Life Sci Alliance	Barrera-Lopez JF	Early Atf4 activity drives airway club and goblet cell differentiation.	P12_mouse_lung_chip;P1_lung_chip_tf	Journal Article;Research Support, Non-U.S. Gov't
39450540	2024	Oncol Rep	Hu X	HOXD1 inhibits lung adenocarcinoma progression and is regulated by DNA methylation.	P12_mouse_lung_chip;P1_lung_chip_tf	Journal Article
38707304	2024	Heliyon	Shen J	DNMT3A-mediated DNA methylation and transcription inhibition of FZD5 suppresses lung carcinogenesis.	P12_mouse_lung_chip;P1_lung_chip_tf	Journal Article
37606876	2024	Mol Biotechnol	Zhang Y	Transcription Factor FOXA1 Facilitates Glycolysis and Proliferation of Lung Adenocarcinoma via Activation of TEX19.	P1_lung_chip_tf;P4_encode_cellline	Journal Article
38682180	2024	Front Biosci (Landmark Ed)	Pu J	FOXA1/UBE2T Inhibits CD8(+)T Cell Activity by Inducing Mediates Glycolysis in Lung Adenocarcinoma.	P13_lung_immune_chip;P1_lung_chip_tf	Journal Article;Research Support, Non-U.S. Gov't
38799570	2024	iScience	Mao S	Circ_0007432 promotes non-small cell lung cancer progression and macrophage M2 polarization through SRSF1/KLF12 axis.	P13_lung_immune_chip;P1_lung_chip_tf	Journal Article
38424632	2024	J Transl Med	He Z	Ubiquitylation of RUNX3 by RNA-binding ubiquitin ligase MEX3C promotes tumorigenesis in lung adenocarcinoma.	P1_lung_chip_tf;P4_encode_cellline	Journal Article;Research Support, Non-U.S. Gov't
38353553	2024	Microbiol Spectr	Gerges E	Lsr2, a pleiotropic regulator at the core of the infectious strategy of Mycobacterium abscessus.	P1_lung_chip_tf;P2_lung_chip_disease	Journal Article;Research Support, Non-U.S. Gov't
38295932	2024	Environ Pollut	Ji H	Genomic and epigenetic characterization of the arsenic-induced oncogenic microRNA-21.	P1_lung_chip_tf;P4_encode_cellline	Journal Article
38781935	2024	Int Arch Allergy Immunol	Yang P	Transcription Factor ETV4 Activates AURKA to Promote PD-L1 Expression and Mediate Immune Escape in Lung Adenocarcinoma.	P13_lung_immune_chip;P1_lung_chip_tf	Journal Article;Research Support, Non-U.S. Gov't
39651207	2024	bioRxiv	Vusich J	Transcriptional Regulation of Mammary Alveolar Proliferation and Differentiation during Early Pregnancy.	P12_mouse_lung_chip;P1_lung_chip_tf	Journal Article;Preprint
39609127	2024	Immunity	Zou X	Hypoxia-inducible factor 2α promotes pathogenic polarization of stem-like Th2 cells via modulation of phospholipid metabolism.	P13_lung_immune_chip;P2_lung_chip_disease	Journal Article;Research Support, Non-U.S. Gov't
37742376	2024	J Hazard Mater	Wang P	H3K18 lactylation promotes the progression of arsenite-related idiopathic pulmonary fibrosis via YTHDF1/m6A/NREP.	P13_lung_immune_chip;P2_lung_chip_disease	Journal Article;Research Support, Non-U.S. Gov't
38536934	2024	Sci Transl Med	Liang M	Attenuation of fibroblast activation and fibrosis by adropin in systemic sclerosis.	P13_lung_immune_chip;P2_lung_chip_disease	Journal Article;Research Support, Non-U.S. Gov't
39494580	2024	J Am Heart Assoc	Wang X	Super-Enhancer-Driven Syndecan-4 Regulates Intercellular Communication in Hypoxic Pulmonary Hypertension.	P13_lung_immune_chip;P2_lung_chip_disease	Journal Article;Research Support, Non-U.S. Gov't
39248593	2024	J Immunol	Zhong B	Anti-Heat Shock Protein 70 Autoantibodies from Patients with Idiopathic Pulmonary Fibrosis Epigenetically Enhance Lung Fibroblast Apoptosis Resistance and Bcl-2 Expression.	P13_lung_immune_chip;P2_lung_chip_disease	Journal Article
38676899	2024	Immunol Res	Shi X	Desflurane alleviates LPS-induced acute lung injury by modulating let-7b-5p/HOXA9 axis.	P2_lung_chip_disease;P4_encode_cellline	Journal Article;Research Support, Non-U.S. Gov't
39300342	2024	Mol Med	Li M	CircMAPK1 induces cell pyroptosis in sepsis-induced lung injury by mediating KDM2B mRNA decay to epigenetically regulate WNK1.	P13_lung_immune_chip;P2_lung_chip_disease	Journal Article;Research Support, Non-U.S. Gov't
39777101	2024	Aging Med (Milton)	Dong Y	SAHA inhibits lung fibroblast activation by increasing p66Shc expression epigenetically.	P13_lung_immune_chip;P2_lung_chip_disease	Journal Article
39025314	2024	Chemosphere	Yu H	Indeno[1,2,3-cd]pyrene enhances the sensitivity of airway epithelial cells to ferroptosis and aggravates asthma.	P12_mouse_lung_chip;P2_lung_chip_disease	Journal Article
39418731	2024	Int Immunopharmacol	Xu F	The VDR/FFAR2 axis mitigates sepsis-induced lung injury by suppressing macrophage lipid peroxidation.	P13_lung_immune_chip;P2_lung_chip_disease	Journal Article
39360410	2024	Arterioscler Thromb Vasc Biol	Liu C	lncRNA VELRP Modulates Pulmonary Arterial Smooth Muscle Cell Proliferation and Promotes Vascular Remodeling in Pulmonary Hypertension.	P13_lung_immune_chip;P2_lung_chip_disease	Journal Article
39720271	2024	Cent Eur J Immunol	Zhang J	Knockdown of BATF alleviates lung injury in septic neonates through transcriptional regulation of COTL1.	P13_lung_immune_chip;P2_lung_chip_disease	Journal Article
38252663	2024	Am J Physiol Lung Cell Mol Physiol	Jbeli AH	Brg1/PRMT5 nuclear complex epigenetically regulates FOXO1 in IPF mesenchymal progenitor cells.	P2_lung_chip_disease;P5_lung_atac_footprint	Journal Article
38267920	2024	Respir Res	Xiao C	RUNX1 targeting AKT3 promotes alveolar hypercoagulation and fibrinolytic inhibition in LPS induced ARDS.	P15_direct_targets;P2_lung_chip_disease	Journal Article
39588951	2024	FASEB J	Ha AW	Epigenetic mechanisms mediate cytochrome P450 1A1 expression and lung endothelial injury caused by MRSA in vitro and in vivo.	P13_lung_immune_chip;P2_lung_chip_disease	Journal Article
38581996	2024	Int Immunopharmacol	Li D	Targeting BRD4 with PROTAC degrader ameliorates LPS-induced acute lung injury by inhibiting M1 alveolar macrophage polarization.	P13_lung_immune_chip;P2_lung_chip_disease	Journal Article
37914145	2024	Biochim Biophys Acta Gen Subj	Kang L	SENP1 knockdown-mediated CTCF SUMOylation enhanced its stability and alleviated lipopolysaccharide-evoked inflammatory injury in human lung fibroblasts via regulation of FOXA2 transcription.	P13_lung_immune_chip;P2_lung_chip_disease	Journal Article
39287912	2024	Immunol Res	Liu Y	DMRT3-mediated lncRNA OIP5-AS1 promotes the pyroptosis of bronchial epithelial cells by binding with EIF4A3 to enhance YAP mRNA stability.	P2_lung_chip_disease;P4_encode_cellline	Journal Article;Research Support, Non-U.S. Gov't
39187041	2024	Eur J Pharmacol	Liu A	Endonuclear Circ-calm4 regulates ferroptosis via a circR-Loop of the COMP gene in pulmonary artery smooth muscle cells.	P13_lung_immune_chip;P2_lung_chip_disease	Journal Article
38776730	2024	Tissue Cell	Liu Y	BACH1 transcriptionally upregulates FOSL2 to induce M2 macrophages phenotype by activating TGFβ/SMAD signaling to promote the transformation of lung fibroblasts into myofibroblasts.	P13_lung_immune_chip;P2_lung_chip_disease	Journal Article
38544929	2024	Int J Chron Obstruct Pulmon Dis	Wan M	Silencing KLF6 Alleviates Cigarette Smoke Extract-Induced Mitochondrial Dysfunction in Bronchial Epithelial Cells by SIRT4 Upregulation.	P2_lung_chip_disease;P4_encode_cellline	Journal Article
38505042	2024	J Thorac Dis	Lv H	HOXA5-induced lncRNA DNM3OS promotes human embryo lung fibroblast fibrosis via recruiting EZH2 to epigenetically suppress TSC2 expression.	P13_lung_immune_chip;P2_lung_chip_disease	Journal Article
38943137	2024	Cancer Cell Int	Shi K	NFIC mediates m6A mRNA methylation to orchestrate transcriptional and post-transcriptional regulation to represses malignant phenotype of non-small cell lung cancer cells.	P5_lung_atac_footprint;P8_tf_perturb_rna	Journal Article
38490328	2024	Cancer Lett	Luo S	Super-enhancer mediated upregulation of MYEOV suppresses ferroptosis in lung adenocarcinoma.	P6_lung_3d;P7_perturbseq	Journal Article;Research Support, Non-U.S. Gov't
38906146	2024	Am J Hum Genet	Long E	High-throughput characterization of functional variants highlights heterogeneity and polygenicity underlying lung cancer susceptibility.	P14_variant_tf_binding;P7_perturbseq	Journal Article;Research Support, Non-U.S. Gov't;Research Support, N.I.H., Extramural
39379099	2024	Aging (Albany NY)	Shen S	GATA2 downregulation contributes to pro-inflammatory phenotype and defective phagocytosis of pulmonary macrophages in chronic obstructive pulmonary disease.	P14_variant_tf_binding;P8_tf_perturb_rna	Journal Article
39701953	2024	Clin Proteomics	Liu J	TMT-based proteomic analysis of radiation lung injury in rats.	P10_global_ppi;P9_lung_ppi	Journal Article
38615437	2024	Transl Oncol	Zheng Y	Diagnostic and predictive significance of the ferroptosis-related gene TXNIP in lung adenocarcinoma stem cells based on multi-omics.	P10_global_ppi;P9_lung_ppi	Journal Article
37818572	2024	Comb Chem High Throughput Screen	Chen H	Investigation of the Molecular Mechanisms Underlying the Therapeutic Effect of Perilla frutescens L. Essential Oil on Acute Lung Injury Using Gas Chromatography-Mass Spectrometry and Network Pharmacology.	P10_global_ppi;P9_lung_ppi	Journal Article;Research Support, Non-U.S. Gov't
38740341	2024	Fitoterapia	Li Z	Identification of bioactive ingredients and potential mechanisms of flowers of Hosta Plantaginea in treating pneumonia based on network pharmacology and experimental validation.	P10_global_ppi;P9_lung_ppi	Journal Article
37114782	2024	Comb Chem High Throughput Screen	Chen L	NPM3 as an Unfavorable Prognostic Biomarker Involved in Oncogenic Pathways of Lung Adenocarcinoma via MYC Translational Activation.	P11_catalogs;P14_variant_tf_binding	Journal Article;Research Support, Non-U.S. Gov't
38868942	2024	Arterioscler Thromb Vasc Biol	Wu ML	Endothelial Chromatin-Remodeling Enzymes Regulate the Production of Critical ECM Components During Murine Lung Development.	P12_mouse_lung_chip;P13_lung_immune_chip	Journal Article;Research Support, N.I.H., Extramural;Research Support, Non-U.S. Gov't
39345371	2024	bioRxiv	Gomez-Arroyo J	Role of Forkhead box F1 in the Pathobiology of Pulmonary Arterial Hypertension.	P12_mouse_lung_chip;P13_lung_immune_chip	Journal Article;Preprint
39695662	2024	Cell Commun Signal	Zhang X	Dust mite antigens endow dendritic cells with the capacity to induce a Th2 response by regulating their methylation profiles.	P12_mouse_lung_chip;P13_lung_immune_chip	Journal Article
37858743	2024	Gene	Wu J	LINC00887 regulates malignant progression and T-cell chemotaxis in clear cell renal cell carcinoma by activating CD70 via recruitment of SPI1.	P13_lung_immune_chip;P14_variant_tf_binding	Journal Article
39098997	2024	Thorac Cancer	Wang J	CBX4/miR-190 regulatory loop inhibits lung cancer metastasis.	P14_variant_tf_binding;P15_direct_targets	Journal Article;Research Support, Non-U.S. Gov't
40635126	2025	J Clin Periodontol	Huang SJ	KAT6A Promotes Macrophage Inflammation and Periodontitis.	P12_mouse_lung_chip;P1_lung_chip_tf	Journal Article;Research Support, Non-U.S. Gov't
40721574	2025	Nat Commun	Hunold P	DynaTag for efficient mapping of transcription factors in low-input samples and at single-cell resolution.	P1_lung_chip_tf;P3_lung_tf_names	Journal Article
41210685	2025	J Cancer	Su BH	OCT4-mediated upregulation of DUSP6 promotes metastasis in non-small-cell lung cancer.	P1_lung_chip_tf;P4_encode_cellline	Journal Article
40715489	2025	Oncogene	Cao K	RFX2-BNIP3 axis-driven adaptive mitophagy promotes resistance to ACK1-targeted therapy in non-small cell lung cancer.	P13_lung_immune_chip;P1_lung_chip_tf	Journal Article
40899632	2025	Adv Sci (Weinh)	Ning YQ	Enhancer Reprogramming Reveals the Tumorigenic Role of PTPRZ1 in Lung Squamous Cell Carcinoma.	P1_lung_chip_tf;P3_lung_tf_names	Journal Article
41074131	2025	J Transl Med	Zhang T	KLF5 facilitates lung adenocarcinoma metastasis by regulating the epithelial-mesenchymal transition pathway through RHPN2.	P1_lung_chip_tf;P3_lung_tf_names	Journal Article;Research Support, Non-U.S. Gov't
40782465	2025	Pathol Res Pract	Zhou Q	ZEB1-upregulated LCN2 via transcription regulation affects ferroptosis and malignant progression in non-small cell lung cancer.	P13_lung_immune_chip;P1_lung_chip_tf	Journal Article
40646612	2025	Cell Div	Sun Q	TFAP2A upregulates FAM83A to suppress ferroptosis and diminish cisplatin sensitivity in non-small cell lung cancer.	P1_lung_chip_tf;P4_encode_cellline	Journal Article
40970227	2025	Int J Chron Obstruct Pulmon Dis	Zhang ZX	TET1 Alleviates Cigarette Smoke Induced Bronchial Epithelial Cell Apoptosis Through Upregulating Nrf2.	P1_lung_chip_tf;P2_lung_chip_disease	Journal Article;Research Support, Non-U.S. Gov't
41073134	2025	J Immunother Cancer	Wen S	ALCAM-CD6 axis suppression: a key determinant of immune-mediated metastasis recurrence in stage III non-small cell lung cancer.	P1_lung_chip_tf;P3_lung_tf_names	Journal Article
40364837	2025	Front Immunol	Hughes EP	Transcriptional co-regulator OCA-B/Pou2af1 restricts Th2 differentiation.	P13_lung_immune_chip;P1_lung_chip_tf	Journal Article
40716152	2025	Redox Biol	Klenja-Skudrinja D	Identification of a BACH1 lung cancer signature: A novel tool for understanding BACH1 biology and identifying new inhibitors.	P1_lung_chip_tf;P8_tf_perturb_rna	Journal Article;Research Support, Non-U.S. Gov't
40612682	2025	Int J Biol Sci	Ji H	Arsenic disrupts H3K9me3 and H3K27me3 balance by biasing PRC2.1 and PRC2.2 activity via PALI1 inhibition in carcinogenesis.	P1_lung_chip_tf;P4_encode_cellline	Journal Article
41458288	2025	Can Respir J	Hong KK	Upregulation of TFDP1 and CDC27 Plays an Important Role in Bronchiectasis.	P1_lung_chip_tf;P2_lung_chip_disease	Journal Article;Research Support, Non-U.S. Gov't
41299671	2025	Cancer Cell Int	Yang T	WNT pathway inhibition sensitizes HAT1-high lung cancers to treatment with PD-1 inhibitors.	P12_mouse_lung_chip;P1_lung_chip_tf	Journal Article
41287308	2025	Zhonghua Zhong Liu Za Zhi	Zhao Y	[Role of MYADM in the cholesterol mediated proliferation and metastasis of lung adenocarcinoma].	P1_lung_chip_tf;P4_encode_cellline	English Abstract;Journal Article
41279500	2025	bioRxiv	Sadaf S	Macrophage efferocytosis is controlled by epigenetic modifications mediated by RBPJ.	P12_mouse_lung_chip;P1_lung_chip_tf	Journal Article;Preprint
41215575	2025	J Biochem Mol Toxicol	Zhu A	FOXA1-NAT10 Positive Feedback Pathway Promotes Non-Small Cell Lung Cancer Cell Progression.	P1_lung_chip_tf;P3_lung_tf_names	Journal Article
41093624	2025	J Immunother Cancer	Zeng Y	EP300 compromises antitumor immunity by increasing SOCS1 expression.	P13_lung_immune_chip;P1_lung_chip_tf	Journal Article
41084191	2025	Cancer Commun (Lond)	Liang J	CD24 is a promising immunotherapeutic target for enhancing efficacy of third-generation EGFR-TKIs on EGFR-mutated lung cancer.	P13_lung_immune_chip;P1_lung_chip_tf	Journal Article
41050683	2025	Front Immunol	Lin C	TGM2 regulated by transcription factor NR3C1 drives p38 MAPK-mediated tumor progression and immune evasion in lung squamous cell carcinoma.	P13_lung_immune_chip;P1_lung_chip_tf	Journal Article
40967878	2025	Zhonghua Zhong Liu Za Zhi	Cui YS	[SRF promotes the progression of lung adenocarcinoma by regulating lncRNA FGD5-AS1].	P1_lung_chip_tf;P4_encode_cellline	English Abstract;Journal Article
40936371	2025	J Biochem Mol Toxicol	Wei Z	YY1-Upregulated MTHFD2 Drives Non-Small Cell Lung Cancer Progression Through the Regulation of LRRK2.	P1_lung_chip_tf;P4_encode_cellline	Journal Article
40874748	2025	mSystems	Shell SS	GplR1, an unusual TetR-like transcription factor in Mycobacterium abscessus, controls the production of cell wall glycopeptidolipids, colony morphology, and virulence.	P1_lung_chip_tf;P2_lung_chip_disease	Journal Article
40763516	2025	Ecotoxicol Environ Saf	Gao C	HMGA2/PHGDH axis-mediated glycolysis under hypoxia is required for cadmium-induced A549 cell migration.	P1_lung_chip_tf;P4_encode_cellline	Journal Article
40654788	2025	bioRxiv	Gentili M	miRNA-mRNA network analysis identifies PAX5 as a potential regulator of adaptive immune response in COPD.	P1_lung_chip_tf;P2_lung_chip_disease	Journal Article;Preprint
40654710	2025	bioRxiv	Shell SS	GplR1, an unusual TetR-like transcription factor in Mycobacterium abscessus, controls the production of cell wall glycopeptidolipids, colony morphology, and virulence.	P1_lung_chip_tf;P2_lung_chip_disease	Journal Article;Preprint
40555562	2025	J Immunother Cancer	Zhao Z	Ectopic expression of GDF15 in cancer-associated fibroblasts enhances melanoma immunosuppression via the GFRAL/RET cascade.	P13_lung_immune_chip;P1_lung_chip_tf	Journal Article
40316181	2025	Immunol Lett	Dong Y	Quercetin improves macrophage immune regulatory functions to alleviate airway Th2 polarization.	P13_lung_immune_chip;P1_lung_chip_tf	Journal Article
40258575	2025	Biochim Biophys Acta Mol Cell Res	Zhao Y	Role and regulatory mechanism of DLX5 in rhabdomyosarcoma tumorigenesis.	P12_mouse_lung_chip;P1_lung_chip_tf	Journal Article;Research Support, Non-U.S. Gov't
40250723	2025	Arch Biochem Biophys	You Q	Inhibition of histone acetyltransferase KAT8 inhibits oxidative stress and NLRP3 inflammasome activation through reducing p53 acetylation in LPS-induced acute lung injury.	P1_lung_chip_tf;P2_lung_chip_disease	Journal Article;Research Support, Non-U.S. Gov't
40211947	2025	Circ Res	Costantino S	Chromatin Rewiring by SETD2 Drives Lipotoxic Injury in Cardiometabolic HFpEF.	P1_lung_chip_tf;P2_lung_chip_disease	Journal Article
40153608	2025	Am J Respir Cell Mol Biol	Zhang Z	Esrrg Inhibition Protects against Fine Particulate Matter-induced Asthma Aggravation by Reducing Pde3b.	P1_lung_chip_tf;P2_lung_chip_disease	Journal Article
40005151	2025	Molecules	Jo H	Rocaglamide Suppresses Allergic Reactions by Regulating IL-4 Receptor Signaling.	P12_mouse_lung_chip;P1_lung_chip_tf	Journal Article
39822760	2025	MedComm (2020)	Gong F	H3K14la drives endothelial dysfunction in sepsis-induced ARDS by promoting SLC40A1/transferrin-mediated ferroptosis.	P13_lung_immune_chip;P2_lung_chip_disease	Journal Article
40449094	2025	Redox Biol	Wang RR	Histone lactylation-induced premature senescence contributes to 1-nitropyrene-Induced chronic obstructive pulmonary disease.	P12_mouse_lung_chip;P2_lung_chip_disease	Journal Article;Research Support, Non-U.S. Gov't
40433695	2025	Circ Res	Mei J	Super-Enhancer-Driven HCG20 Promotes Pulmonary Hypertension Through U2AF2 Splicing.	P13_lung_immune_chip;P2_lung_chip_disease	Journal Article
40690843	2025	J Hazard Mater	Shi L	H3K18 lactylation drives the progression of silica nanoparticles-induced pulmonary fibrosis via promoting macrophage M1 polarization.	P13_lung_immune_chip;P2_lung_chip_disease	Journal Article;Research Support, Non-U.S. Gov't
40778995	2025	Cell Mol Life Sci	Zhao SS	SETD2 drives METTL14-mediated m(6)A to suppress Piezo1 Attenuation and activate TGM2 to promote pulmonary hypertension.	P13_lung_immune_chip;P2_lung_chip_disease	Journal Article
39471914	2025	Biochim Biophys Acta Mol Basis Dis	Wang Z	EZH2 contributes to sepsis-induced acute lung injury through regulating macrophage polarization.	P13_lung_immune_chip;P2_lung_chip_disease	Journal Article
40877891	2025	Eur J Med Res	Ji L	HDAC2 mediates the activation of macrophage in sepsis induced lung injury via regulating the acetylation of SOX2 and the transcription of STAMP2.	P13_lung_immune_chip;P2_lung_chip_disease	Journal Article
40056637	2025	Phytomedicine	Yang L	Liang-Ge-San attenuates virus-induced acute lung injury by targeting FXR-mediated ACE2 downregulation to modulate the formation of the cytokine storm.	P13_lung_immune_chip;P2_lung_chip_disease	Journal Article
41361208	2025	Sci Rep	Deng H	KDM6B induces demethylation of H3K27me3 in MFN1 to modulate aberrant mitophagy in sepsis-induced acute lung injury.	P13_lung_immune_chip;P2_lung_chip_disease	Journal Article
39962785	2025	Zhongguo Dang Dai Er Ke Za Zhi	Chen H	[Expression of GATA1 in bronchial asthma and its effect on the transcription regulation of the ORMDL3 gene].	P2_lung_chip_disease;P4_encode_cellline	English Abstract;Journal Article
39907030	2025	Cell Prolif	Li S	Super-Enhancer Target Gene CBP/p300-Interacting Transactivator With Glu/Asp-Rich C-Terminal Domain, 2 Cooperates With Transcription Factor Forkhead Box J3 to Inhibit Pulmonary Vascular Remodeling.	P13_lung_immune_chip;P2_lung_chip_disease	Journal Article
39738844	2025	Cell Biochem Biophys	Lv Y	IRF7 Activates LCN2 Transcription to Enhance LPS-Induced Acute Lung Injury by Inducing Macrophage Ferroptosis and M1 Polarization.	P13_lung_immune_chip;P2_lung_chip_disease	Journal Article
39557349	2025	Toxicol In Vitro	Lu J	Tripartite motif 22 interacts with protein phosphatase magnesium-dependent 1 A to aggravate radiation-induced epithelial-mesenchymal transition and fibrogenesis in lung epithelial cells.	P2_lung_chip_disease;P4_encode_cellline	Journal Article
40587339	2025	J Clin Invest	Jin RU	SOX2 regulates foregut squamous epithelial homeostasis and is lost during Barrett's esophagus development.	P3_lung_tf_names;P4_encode_cellline	Journal Article;Research Support, Non-U.S. Gov't;Research Support, N.I.H., Extramural
41135949	2025	J Immunother Cancer	Yao Y	Tumor-secreted AGR2 induces dendritic cell dysfunction and impairs immunotherapy efficacy in LKB1-deficient cancer.	P13_lung_immune_chip;P3_lung_tf_names	Journal Article
41204108	2025	Cell Mol Biol Lett	Dong H	lncRNA IGFL2-AS1 mediates NSCLC chemoresistance via YBX1-induced HSPA1A/RAP1 activation.	P12_mouse_lung_chip;P4_encode_cellline	Journal Article
40771860	2025	Drug Des Devel Ther	Sun Y	Cinobufagin Inhibits Invasion and Migration of Non-Small Cell Lung Cancer via Regulating Glucose Metabolism Reprogramming in Tumor-Associated Macrophages.	P13_lung_immune_chip;P4_encode_cellline	Journal Article
40169782	2025	Acta Pharmacol Sin	Huang H	Nicotine promotes the progression and metastasis of non-small cell lung cancer by modulating the OTUB1-c-Myc-EZH2 axis.	P12_mouse_lung_chip;P4_encode_cellline	Journal Article
40205616	2025	Genome Med	Zhong X	Integration of functional genomics and statistical fine-mapping systematically characterizes adult-onset and childhood-onset asthma genetic associations.	P14_variant_tf_binding;P6_lung_3d	Journal Article;Research Support, N.I.H., Extramural
40034789	2025	medRxiv	Zhong X	Integration of functional genomics and statistical fine-mapping systematically characterizes adult-onset and childhood-onset asthma genetic associations.	P14_variant_tf_binding;P6_lung_3d	Journal Article;Preprint
41292984	2025	bioRxiv	Melore SM	SMARCA2 is an essential and potent cofactor for a specific subset of the glucocorticoid response in A549 cells.	P14_variant_tf_binding;P7_perturbseq	Journal Article;Preprint
40686151	2025	Zhongguo Zhong Yao Za Zhi	Lei JC	[Exploration of pharmacodynamic material basis and mechanism of Jinbei Oral Liquid against idiopathic pulmonary fibrosis based on UHPLC-Q-TOF-MS/MS and network pharmacology].	P10_global_ppi;P9_lung_ppi	English Abstract;Journal Article
40772364	2025	Allergy	Janas PP	Epithelial Memory After Respiratory Viral Infection in Mice Results in Prolonged Enhancement of Antigen Presentation.	P12_mouse_lung_chip;P13_lung_immune_chip	Journal Article
41188193	2025	Thorac Cancer	Chen J	NFAT5 Regulates IL8 to Promote Cell Growth and Migration in Non-Small Cell Lung Cancer.	P14_variant_tf_binding;P15_direct_targets	Journal Article
41629716	2026	Methods Mol Biol	Hanawa E	Chromatin Immunoprecipitation Sequencing and RNA Sequencing from Laser-Microdissected Human Lung Cancer Cells.	P1_lung_chip_tf;P5_lung_atac_footprint	Journal Article
41899624	2026	Cancers (Basel)	Liu R	Lung Adenocarcinoma Promotes NETosis via the NPM1-TNFAIP6-CD44-SPP1 Axis.	P1_lung_chip_tf;P9_lung_ppi	Journal Article
42424674	2026	Phytomedicine	Feng R	Veratramine alleviates asthmatic airway remodelling via the PKM2/CREB1 lactylation/SMAD7 axis.	P1_lung_chip_tf;P2_lung_chip_disease	Journal Article
41587523	2026	Transl Oncol	Wang Z	Ferroptosis induction enhances anti-PD-1 efficacy in NSCLC via HIF-1α/PD-L1 modulation.	P1_lung_chip_tf;P4_encode_cellline	Journal Article
42089308	2026	Am J Respir Cell Mol Biol	Thomas L	FOXJ1 transcriptional targets in human airway cells and impaired multiciliogenesis in FOXJ1-associated primary ciliary dyskinesia.	P1_lung_chip_tf;P3_lung_tf_names	Journal Article
42562924	2026	Nat Cell Biol	Aygenli F	CLOCK/BMAL1 interactome uncovers homeodomain factors as tissue regulators.	P1_lung_chip_tf;P9_lung_ppi	Journal Article
42557864	2026	J Biochem Mol Toxicol	Yu L	ATF4/SCO2 Inhibits Ferroptosis in Lung Cancer Through Activating the MAPK Signaling Pathway.	P12_mouse_lung_chip;P1_lung_chip_tf	Journal Article
42500691	2026	Turk J Biol	Yalim Camci İ	Context-dependent regulation of SIX1 by ETS1 within EMT-associated transcriptional networks.	P13_lung_immune_chip;P1_lung_chip_tf	Journal Article
42483591	2026	Environ Health (Wash)	Li Q	Chronic Exposure to Polystyrene Nanoplastics Promotes Lung Cancer Progression via Activating Gluconeogenesis and Inhibiting Glycolysis.	P1_lung_chip_tf;P4_encode_cellline	Journal Article
42464405	2026	Biol Direct	Sun TQ	ANKRD49 promotes immune evasion in lung adenocarcinoma by activating the MEF2A/PD‑L1 axis.	P13_lung_immune_chip;P1_lung_chip_tf	Journal Article
42409265	2026	J Biol Chem	Natarajan N	Macrophage-specific targeting of histone demethylases with small-molecule inhibitors suppresses inflammatory response in vivo.	P13_lung_immune_chip;P1_lung_chip_tf	Journal Article
42392346	2026	Arch Biochem Biophys	Xia T	FOSB deacetylation by HDAC6 drives HAMP-mediated ferroptosis in pulmonary ischemia-reperfusion injury.	P1_lung_chip_tf;P2_lung_chip_disease	Journal Article;Research Support, Non-U.S. Gov't
42381252	2026	Clin Transl Med	Fang S	Tumour-macrophage crosstalk initiated by NFIC/METTL3 negative feedback loop via exosomal miR-194-5p promotes NSCLC progression.	P13_lung_immune_chip;P1_lung_chip_tf	Journal Article;Research Support, Non-U.S. Gov't
42341853	2026	J Ethnopharmacol	Wang K	Targeting HDAC2 with bruceine D epigenetically restores SMAD3 expression via H4K16ac enrichment to suppress malignant progression in EGFR-TKI-resistant lung adenocarcinoma.	P1_lung_chip_tf;P3_lung_tf_names	Journal Article
42314925	2026	Am J Pathol	Konno K	Dual Mechanisms Underlie the Repression of Repressor Element 1-Silencing Transcription Factor Expression in Lung Neuroendocrine Carcinoma Cells.	P1_lung_chip_tf;P3_lung_tf_names	Journal Article
42309965	2026	J Clin Periodontol	Du J	METTL14-Mediated m6A Modification of NEAT1_2 Releases YBX1 From Paraspeckles to Exacerbate Periodontitis.	P12_mouse_lung_chip;P1_lung_chip_tf	Journal Article
42304413	2026	Respir Res	Lu T	SMC4 is a hypoxia-responsive driver of pulmonary arterial hypertension through an HIF-1α-HDAC6-p21 regulatory axis.	P13_lung_immune_chip;P1_lung_chip_tf	Journal Article
42224677	2026	Crit Rev Immunol	Xia W	Fusion Gene EPHB4-MET Driven by HOXA9 and Exerted Oncogenic Activity in Non-Small Cell Lung Cancer.	P1_lung_chip_tf;P4_encode_cellline	Journal Article
42069097	2026	Cell Signal	Wang B	Dual regulation of NFS1 by TRIM67-mediated degradation and CEBPA-driven transcription modulates colorectal cancer progression.	P1_lung_chip_tf;P3_lung_tf_names	Journal Article
42001853	2026	Cancer Rep (Hoboken)	Qin W	NFIB Regulates Chemoresistance in Small Cell Lung Cancer by Suppressing Notch Signaling Activity.	P1_lung_chip_tf;P3_lung_tf_names	Journal Article
41999493	2026	Funct Integr Genomics	Wu S	PSMG3 enhances the proliferation and metastasis of hepatocellular carcinoma via inhibiting HDAC6.	P1_lung_chip_tf;P3_lung_tf_names	Journal Article
41939996	2026	Regen Ther	Chen Z	Lung cancer cell-derived exosomal EHF drives M2 macrophage polarization via transcriptional activation of RNF41 to promote tumor progression.	P13_lung_immune_chip;P1_lung_chip_tf	Journal Article
41914529	2026	Allergy Asthma Immunol Res	Jo SH	Butyrate Silences MUC5AC in Airway Epithelial Cells Through Histone Deacetylation at Its Promoter Region.	P1_lung_chip_tf;P3_lung_tf_names	Journal Article
41855762	2026	Phytomedicine	Xu K	Pseudoginsenoside F11 enhances YBX1-mediated transcriptional repression of PRPS2 to inhibit the stemness and pulmonary metastasis of triple- negative breast cancer.	P14_variant_tf_binding;P1_lung_chip_tf	Journal Article
41846010	2026	Biochem Pharmacol	Wang Z	H3K18 lactylation promotes osteogenic differentiation of periodontal ligament stem cells via IGF2BP1/m(6)A/BMP2.	P12_mouse_lung_chip;P1_lung_chip_tf	Journal Article
41791465	2026	Biochim Biophys Acta Gen Subj	Fang J	Transcription factor FOSL2 enhances glycolytic metabolism and metastatic progression in lung adenocarcinoma via activation of BZW1.	P1_lung_chip_tf;P4_encode_cellline	Journal Article
41555104	2026	J Mol Med (Berl)	Chen X	E2F7 targets S100A2 to suppress CD8(+)T cell activity in lung adenocarcinoma by regulating glutamine metabolism.	P13_lung_immune_chip;P1_lung_chip_tf	Journal Article
41546562	2026	Anticancer Drugs	Zhou L	The PITX2/CKMT1B axis promotes lung adenocarcinoma stemness via lipid accumulation.	P1_lung_chip_tf;P3_lung_tf_names	Journal Article
41467319	2026	Cell Prolif	Gao K	Hypoxia Exacerbates Periapical Periodontitis-Associated Pathological Bone Loss via the Hypoxia-Inducible Factor-2α-Calmodulin-Dependent Protein Kinase IV Axis.	P12_mouse_lung_chip;P1_lung_chip_tf	Journal Article
41457952	2026	J Biochem Mol Toxicol	Li C	TFAP2A Transcriptionally Activates CST2 to Promote the Malignant Progression of Non-Small Cell Lung Cancer.	P1_lung_chip_tf;P4_encode_cellline	Journal Article
40759348	2026	J Adv Res	Liu Z	Elevated lactate production exacerbates PM2.5-induced pulmonary fibrosis by stabilizing TGF-β1.	P12_mouse_lung_chip;P2_lung_chip_disease	Journal Article;Research Support, Non-U.S. Gov't
41352427	2026	Vascul Pharmacol	Long C	RNA-seq and ChIP-seq reveal microplastics induce endothelial-mesenchymal transition via HK2-mediated histone lactylation in pulmonary hypertension.	P13_lung_immune_chip;P2_lung_chip_disease	Journal Article
41320149	2026	Exp Cell Res	Lin P	Histone H3 lysine 18 lactylation promotes alveolar epithelial cell apoptosis in sepsis-induced lung injury by upregulating caspase-8 in vivo and in vitro.	P12_mouse_lung_chip;P2_lung_chip_disease	Journal Article
41421227	2026	Int Immunopharmacol	Yao X	DPEP1 mediates regulation of mitochondrial quality control via FOXO1/ALDH1L2 axis to attenuate ferroptosis in pulmonary endothelial cells to alleviate sepsis-associated acute lung injury.	P13_lung_immune_chip;P2_lung_chip_disease	Journal Article
41734995	2026	J Immunother Cancer	Jiang Y	Macrophage Mtdh deficiency discordantly regulated tumor growth and metastasis through increased thrombospondin-1 production.	P13_lung_immune_chip;P2_lung_chip_disease	Journal Article
42413667	2026	Free Radic Biol Med	Wang MY	LDHA-mediated H3K14 lactylation promotes LRP5 transcription to damage airway epithelial barrier in chronic obstructive pulmonary disease.	P2_lung_chip_disease;P4_encode_cellline	Journal Article
42536664	2026	PLoS Negl Trop Dis	Miao Y	Hexokinase-3 upregulation and histone H3K18 lactylation mediate murine liver fibrosis induced by Echinococcus multilocularis.	P12_mouse_lung_chip;P2_lung_chip_disease	Journal Article
42323969	2026	Chem Biol Interact	Li W	Histone lactylation at H4K12 promotes macrophage-fibroblast crosstalk in neodymium oxide-induced pulmonary fibrosis via the PIK3R2/PI3K/Akt/mTOR axis.	P13_lung_immune_chip;P2_lung_chip_disease	Journal Article
42531623	2026	Mutat Res	Zhang Y	Mothers against decapentaplegic homolog 3-activated FAT atypical cadherin 2 regulates programmed death ligand-1 to mediate immune evasion in lung squamous cell carcinoma.	P13_lung_immune_chip;P3_lung_tf_names	Journal Article
42449922	2026	Int J Mol Sci	Jo IY	Converging Signaling Networks Drive Taste Bud Morphogenesis, Turnover, and Regeneration.	P3_lung_tf_names;P4_encode_cellline	Journal Article;Review
42380103	2026	Cell Death Discov	Xu Y	Wnt signaling-mediated activation of cancer cell stemness in thoracic SMARCA4-deficient undifferentiated tumor cells.	P12_mouse_lung_chip;P3_lung_tf_names	Journal Article
42145197	2026	Yi Chuan	Feng JH	Prediction method for transcription factor binding sites integrating channel and spatial attention mechanisms.	P3_lung_tf_names;P4_encode_cellline	Journal Article
41733424	2026	Mol Cancer Res	Adib E	Epigenetic Atlas of Bladder Cancer Reveals Master Transcription Factors and Risk-Associated Regulatory Elements in Luminal and Basal-Squamous Molecular Subtypes.	P11_catalogs;P3_lung_tf_names	Journal Article;Research Support, N.I.H., Extramural;Research Support, Non-U.S. Gov't
41266120	2026	Gut	Sasaki M	FOXM1 inhibition reduces IL-13-induced epithelial remodelling and inflammation in eosinophilic oesophagitis.	P3_lung_tf_names;P4_encode_cellline	Journal Article
41659399	2026	bioRxiv	Parveen S	EZH2 Inhibition Reshapes 3D Chromatin Architecture to Induce Immunogenic Phenotype in Small Cell Lung Cancer.	P5_lung_atac_footprint;P6_lung_3d	Journal Article;Preprint
41818350	2026	Pharmacology	Zhou Y	Heterogeneity and Regulatory Mechanisms of ALK-Mutant and Wild-Type Epithelial Cells in Non-Small-Cell Lung Cancer: Single-Cell Transcriptomics and Chromatin Accessibility.	P5_lung_atac_footprint;P8_tf_perturb_rna	Journal Article
41735611	2026	Nat Struct Mol Biol	Mota-Gómez I	Chromatin spatial analysis by METALoci unveils sex-determining 3D regulatory hubs.	P12_mouse_lung_chip;P6_lung_3d	Journal Article
40542660	2026	Clin Genet	Szafranski P	Highly Variable Expressivity of a CNV Deletion Involving TBX4 in Three Deceased Siblings With Lung Developmental Disorder and Their Mildly Affected Mother and Grandfather.	P14_variant_tf_binding;P6_lung_3d	Journal Article;Case Reports;Research Support, N.I.H., Extramural;Research Support, Non-U.S. Gov't
41867231	2026	medRxiv	O'Brien A	Integrative screening identifies functional variants and VNTRs underlying GWAS signals at the 5p15.33 multi-cancer susceptibility locus.	P14_variant_tf_binding;P7_perturbseq	Journal Article;Preprint
41905455	2026	Life Sci	Meng Y	Membrane protein-focused CRISPR screen identifies ATP2A2 as a druggable transcriptional co-regulator of CCND1 (cyclin D1) in lung adenocarcinoma.	P7_perturbseq;P9_lung_ppi	Journal Article
42050706	2026	J Transl Med	Wang Z	Dual immunosuppression mechanism induced by PTP1B in colorectal cancer: upregulation of PD-L1 by FOXO1/miR-34C/c-MYC axis and inhibition of the infiltration of CD8(+) T cell by downregulating of CXCL11.	P12_mouse_lung_chip;P13_lung_immune_chip	Journal Article
26497680	2015	Oncotarget	Tung MC	Mutant p53 confers chemoresistance in non-small cell lung cancer by upregulating Nrf2.	P1_lung_chip_tf	Journal Article;Research Support, Non-U.S. Gov't
26243279	2015	Respir Res	Stefanowicz D	Elevated H3K18 acetylation in airway epithelial cells of asthmatic subjects.	P2_lung_chip_disease	Journal Article;Research Support, Non-U.S. Gov't
26109048	2015	Genes Dev	Wamaitha SE	Gata6 potently initiates reprograming of pluripotent and differentiated cells to extraembryonic endoderm stem cells.	P3_lung_tf_names	Journal Article;Research Support, N.I.H., Extramural;Research Support, Non-U.S. Gov't
25758223	2015	Development	Walentin K	A Grhl2-dependent gene network controls trophoblast branching morphogenesis.	P3_lung_tf_names	Journal Article;Research Support, N.I.H., Intramural;Research Support, Non-U.S. Gov't
26408078	2015	Obesity (Silver Spring)	Singh P	Glucocorticoid receptor ChIP-sequencing of subcutaneous fat reveals modulation of inflammatory pathways.	P3_lung_tf_names	Journal Article;Research Support, N.I.H., Extramural;Research Support, Non-U.S. Gov't
25531315	2015	Oncogene	Gong C	FOXA1 repression is associated with loss of BRCA1 and increased promoter methylation and chromatin silencing in breast cancer.	P3_lung_tf_names	Journal Article;Research Support, Non-U.S. Gov't
25773124	2015	J Cancer Res Clin Oncol	Li S	Sp1-mediated transcriptional regulation of MALAT1 plays a critical role in tumor.	P4_encode_cellline	Journal Article;Research Support, Non-U.S. Gov't
25595426	2015	Lung Cancer	Yang H	TGF-β-activated SMAD3/4 complex transcriptionally upregulates N-cadherin expression in non-small cell lung cancer.	P4_encode_cellline	Journal Article;Research Support, Non-U.S. Gov't
25829491	2015	J Biol Chem	Jang SH	Nuclear localization and functional characteristics of voltage-gated potassium channel Kv1.3.	P4_encode_cellline	Journal Article;Research Support, Non-U.S. Gov't
26693067	2015	Am J Cancer Res	Wang G	The long noncoding RNA LINC01207 promotes proliferation of lung adenocarcinoma.	P4_encode_cellline	Journal Article
25995611	2015	Cancer Inform	Liu C	Prioritization of cancer-related genomic variants by SNP association network.	P6_lung_3d	Journal Article
25763813	2015	Hum Gene Ther	Yan Z	Optimization of Recombinant Adeno-Associated Virus-Mediated Expression for Large Transgenes, Using a Synthetic Promoter and Tandem Array Enhancers.	P6_lung_3d	Journal Article;Research Support, N.I.H., Extramural
25748654	2015	Cell	Chen S	Genome-wide CRISPR screen in a mouse model of tumor growth and metastasis.	P7_perturbseq	Journal Article;Research Support, N.I.H., Extramural;Research Support, Non-U.S. Gov't;Research Support, U.S. Gov't, Non-P.H.S.
26556242	2015	PLoS One	Clarke N	Integrative Genomics Implicates EGFR as a Downstream Mediator in NKX2-1 Amplified Non-Small Cell Lung Cancer.	P8_tf_perturb_rna	Journal Article;Research Support, Non-U.S. Gov't
25780943	2015	Am J Respir Cell Mol Biol	Priolo C	Tuberous sclerosis complex 2 loss increases lysophosphatidylcholine synthesis in lymphangioleiomyomatosis.	P9_lung_ppi	Journal Article;Research Support, N.I.H., Extramural;Research Support, Non-U.S. Gov't;Research Support, U.S. Gov't, Non-P.H.S.
25784717	2015	Mol Cancer Res	Wei Y	CHCHD2 Is Coamplified with EGFR in NSCLC and Regulates Mitochondrial Function and Cell Migration.	P9_lung_ppi	Journal Article;Research Support, Non-U.S. Gov't
26186194	2015	Cell	Huttlin EL	The BioPlex Network: A Systematic Exploration of the Human Interactome.	P10_global_ppi	Journal Article;Research Support, N.I.H., Extramural;Research Support, Non-U.S. Gov't
26734026	2015	Front Plant Sci	Ramalingam A	Proteomics and Metabolomics: Two Emerging Areas for Legume Improvement.	P10_global_ppi	Journal Article;Review
25877921	2015	Genes Dev	McCann KL	A protein interaction map of the LSU processome.	P10_global_ppi	Journal Article;Research Support, N.I.H., Extramural
25365352	2015	J Proteome Res	Yuan Y	Interactome map reveals phospholipid scramblase 1 as a novel regulator of hepatitis B virus x protein.	P10_global_ppi	Journal Article;Research Support, Non-U.S. Gov't
26118995	2015	Cell Host Microbe	Mirrashidi KM	Global Mapping of the Inc-Human Interactome Reveals that Retromer Restricts Chlamydia Infection.	P10_global_ppi	Journal Article;Research Support, N.I.H., Extramural;Research Support, Non-U.S. Gov't;Research Support, U.S. Gov't, Non-P.H.S.
25762420	2015	Cold Spring Harb Protoc	Pazin MJ	Using the ENCODE Resource for Functional Annotation of Genetic Variants.	P11_catalogs	Journal Article;Review
25776021	2015	Database (Oxford)	Malladi VS	Ontology application and use at the ENCODE DCC.	P11_catalogs	Journal Article;Research Support, N.I.H., Extramural;Review
24882357	2015	Biochim Biophys Acta	Chatonnet F	A temporary compendium of thyroid hormone target genes in brain.	P11_catalogs	Journal Article;Meta-Analysis;Review
25477382	2015	Nucleic Acids Res	Griffon A	Integrative analysis of public ChIP-seq experiments reveals a complex multi-cell regulatory landscape.	P11_catalogs	Journal Article
25463323	2015	Biochim Biophys Acta	Lee DY	DJ-1 regulates the expression of renal (pro)renin receptor via reactive oxygen species-mediated epigenetic modification.	P12_mouse_lung_chip	Journal Article;Research Support, Non-U.S. Gov't
26709698	2015	PLoS Pathog	Kroetz DN	Type I Interferon Induced Epigenetic Regulation of Macrophages Suppresses Innate and Adaptive Immunity in Acute Respiratory Viral Infection.	P12_mouse_lung_chip	Journal Article;Research Support, N.I.H., Extramural
25763778	2015	Respir Res	Tagne JB	Transcription factor and microRNA interactions in lung cells: an inhibitory link between NK2 homeobox 1, miR-200c and the developmental and oncogenic factors Nfib and Myb.	P12_mouse_lung_chip	Journal Article;Research Support, N.I.H., Extramural;Research Support, Non-U.S. Gov't
26413813	2015	Oncotarget	Inaguma S	GLI1 orchestrates CXCR4/CXCR7 signaling to enhance migration and metastasis of breast cancer cells.	P12_mouse_lung_chip	Journal Article;Research Support, Non-U.S. Gov't
25669152	2015	Mucosal Immunol	Nagata DE	Epigenetic control of Foxp3 by SMYD3 H3K4 histone methyltransferase controls iTreg development and regulates pathogenic T-cell responses during pulmonary viral infection.	P12_mouse_lung_chip	Journal Article;Research Support, N.I.H., Extramural
25790853	2015	Development	Galvis LA	Repression of Igf1 expression by Ezh2 prevents basal cell differentiation in the developing lung.	P12_mouse_lung_chip	Journal Article;Research Support, Non-U.S. Gov't
25885317	2015	BMC Cancer	Yeh HH	Ras induces experimental lung metastasis through up-regulation of RbAp46 to suppress RECK promoter activity.	P12_mouse_lung_chip	Journal Article;Research Support, Non-U.S. Gov't
26335021	2015	BMC Genomics	Ma XY	Malat1 as an evolutionarily conserved lncRNA, plays a positive role in regulating proliferation and maintaining undifferentiated status of early-stage hematopoietic cells.	P12_mouse_lung_chip	Journal Article;Research Support, N.I.H., Extramural;Research Support, Non-U.S. Gov't
25418835	2015	Mol Carcinog	Oji Y	Wilms' tumor gene WT1 promotes homologous recombination-mediated DNA damage repair.	P13_lung_immune_chip	Journal Article;Research Support, Non-U.S. Gov't
26359950	2015	Br J Pharmacol	Hsu CK	Mevastatin ameliorates sphingosine 1-phosphate-induced COX-2/PGE2-dependent cell migration via FoxO1 and CREB phosphorylation and translocation.	P13_lung_immune_chip	Journal Article;Research Support, Non-U.S. Gov't
25542862	2015	Cancer Res	Liu S	HOXB7 promotes malignant progression by activating the TGFβ signaling pathway.	P13_lung_immune_chip	Journal Article;Research Support, Non-U.S. Gov't
26040933	2015	Respir Res	Tang LL	Epigenetics of Notch1 regulation in pulmonary microvascular rarefaction following extrauterine growth restriction.	P13_lung_immune_chip	Journal Article;Research Support, Non-U.S. Gov't
25524739	2015	Arch Biochem Biophys	Xiao X	Regulation of myofibroblast differentiation by miR-424 during epithelial-to-mesenchymal transition.	P14_variant_tf_binding	Journal Article;Research Support, N.I.H., Extramural;Research Support, Non-U.S. Gov't
26044095	2015	Int J Oncol	Wang HY	SRF-miR‑29b-MMP2 axis inhibits NSCLC invasion and metastasis.	P15_direct_targets	Journal Article;Research Support, Non-U.S. Gov't;Retracted Publication
25921584	2015	Physiol Genomics	Gosalia N	FOXA2 regulates a network of genes involved in critical functions of human intestinal epithelial cells.	P15_direct_targets	Journal Article;Research Support, N.I.H., Extramural;Research Support, Non-U.S. Gov't
26162986	2015	Biochim Biophys Acta	Wang Y	The gene pair PRR11 and SKA2 shares a NF-Y-regulated bidirectional promoter and contributes to lung cancer development.	P15_direct_targets	Journal Article;Research Support, Non-U.S. Gov't
26088446	2015	Tumour Biol	Zhou C	Long noncoding RNA HOTAIR, a hypoxia-inducible factor-1α activated driver of malignancy, enhances hypoxic cancer cell proliferation, migration, and invasion in non-small cell lung cancer.	P15_direct_targets	Journal Article;Research Support, Non-U.S. Gov't
27350200	2016	Sheng Li Xue Bao	Li ZL	Target genes regulated by transcription factor E2F1 in small cell lung cancer.	P1_lung_chip_tf	Journal Article
26915270	2016	Adv Genet	Kheirallah AK	Translating Lung Function Genome-Wide Association Study (GWAS) Findings: New Insights for Lung Biology.	P2_lung_chip_disease	Journal Article;Research Support, Non-U.S. Gov't;Review
27211851	2016	Nat Commun	Kobayashi EH	Nrf2 suppresses macrophage inflammatory response by blocking proinflammatory cytokine transcription.	P3_lung_tf_names	Journal Article
27034986	2016	Sci Adv	Zhang G	FOXA1 defines cancer cell specificity.	P3_lung_tf_names	Journal Article;Research Support, N.I.H., Extramural
27498859	2016	Cell Rep	Sarkar A	Sox2 Suppresses Gastric Tumorigenesis in Mice.	P3_lung_tf_names	Journal Article
26818267	2016	APMIS	Sokol M	Utility of next-generation RNA-sequencing in identifying chimeric transcription involving human endogenous retroviruses.	P3_lung_tf_names	Journal Article;Review
27633730	2016	Bioessays	Swinstead EE	Pioneer factors and ATP-dependent chromatin remodeling factors interact dynamically: A new perspective: Multiple transcription factors can effect chromatin pioneer functions through dynamic interactions with ATP-dependent chromatin remodeling factors.	P3_lung_tf_names	Journal Article;Review;Research Support, N.I.H., Intramural;Research Support, Non-U.S. Gov't
27434865	2016	Biomed Pharmacother	Yu MH	TEAD1 enhances proliferation via activating SP1 in colorectal cancer.	P3_lung_tf_names	Journal Article
26677878	2016	Endocrinology	Grabowska MM	Nfib Regulates Transcriptional Networks That Control the Development of Prostatic Hyperplasia.	P3_lung_tf_names	Journal Article;Research Support, N.I.H., Extramural;Research Support, Non-U.S. Gov't;Research Support, U.S. Gov't, Non-P.H.S.
27471255	2016	Development	He X	AP-1 family members act with Sox9 to promote chondrocyte hypertrophy.	P3_lung_tf_names	Journal Article;Research Support, N.I.H., Extramural;Research Support, Non-U.S. Gov't
28078320	2016	Cell Mol Gastroenterol Hepatol	Tsai YH	LGR4 and LGR5 Function Redundantly During Human Endoderm Differentiation.	P4_encode_cellline	Journal Article
26148233	2016	Oncogene	Goswami MT	Regulation of complement-dependent cytotoxicity by TGF-β-induced epithelial-mesenchymal transition.	P4_encode_cellline	Journal Article;Research Support, N.I.H., Extramural;Research Support, Non-U.S. Gov't
27302168	2016	Cancer Res	Tellez CS	miR-196b Is Epigenetically Silenced during the Premalignant Stage of Lung Carcinogenesis.	P4_encode_cellline	Journal Article;Research Support, N.I.H., Extramural;Research Support, Non-U.S. Gov't
27374332	2016	Cell	Denny SK	Nfib Promotes Metastasis through a Widespread Increase in Chromatin Accessibility.	P5_lung_atac_footprint	Journal Article;Research Support, N.I.H., Extramural;Research Support, Non-U.S. Gov't
27191258	2016	Oncotarget	Li X	Rs2853677 modulates Snail1 binding to the TERT enhancer and affects lung adenocarcinoma susceptibility.	P6_lung_3d	Journal Article
27367781	2016	Am J Respir Crit Care Med	McGeachie MJ	Genetics and Genomics of Longitudinal Lung Function Patterns in Individuals with Asthma.	P6_lung_3d	Journal Article;Observational Study;Research Support, N.I.H., Extramural;Research Support, Non-U.S. Gov't
27613601	2016	BMC Genomics	Kiessling MK	Identification of oncogenic driver mutations by genome-wide CRISPR-Cas9 dropout screening.	P7_perturbseq	Journal Article
27231341	2016	J Biol Chem	Wang H	Tankyrase Inhibitor Sensitizes Lung Cancer Cells to Endothelial Growth Factor Receptor (EGFR) Inhibition via Stabilizing Angiomotins and Inhibiting YAP Signaling.	P7_perturbseq	Journal Article
26866271	2016	Cell Death Dis	Trisciuoglio D	Affinity purification-mass spectrometry analysis of bcl-2 interactome identified SLIRP as a novel interacting protein.	P9_lung_ppi	Journal Article;Research Support, Non-U.S. Gov't
27615514	2016	J Proteome Res	Haugsten EM	Proximity Labeling Reveals Molecular Determinants of FGFR4 Endosomal Transport.	P9_lung_ppi	Journal Article;Research Support, Non-U.S. Gov't
26472726	2016	Tumour Biol	Yan T	E-cadherin mediates adhesion of Aspergillus fumigatus to non-small cell lung cancer cells.	P9_lung_ppi	Journal Article
26839216	2016	Sci Rep	Breitkopf SB	A Cross-Species Study of PI3K Protein-Protein Interactions Reveals the Direct Interaction of P85 and SHP2.	P9_lung_ppi	Journal Article;Research Support, N.I.H., Extramural;Research Support, Non-U.S. Gov't
27107012	2016	Mol Syst Biol	Yachie N	Pooled-matrix protein interaction screens using Barcode Fusion Genetics.	P10_global_ppi	Journal Article;Research Support, N.I.H., Extramural;Research Support, Non-U.S. Gov't
27976756	2016	Wellcome Open Res	Chen Z	Quantitative cross-linking/mass spectrometry reveals subtle protein conformational changes.	P10_global_ppi	Journal Article
27853452	2016	Front Microbiol	Uytterhoeven B	A Protein Interaction Map of the Kalimantacin Biosynthesis Assembly Line.	P10_global_ppi	Journal Article
26689634	2016	Virus Res	Ojha NK	Hepatitis E virus ORF1 encoded non structural protein-host protein interaction network.	P10_global_ppi	Journal Article;Research Support, Non-U.S. Gov't
26872056	2016	Oncotarget	Van Coillie S	OncoBinder facilitates interpretation of proteomic interaction data by capturing coactivation pairs in cancer.	P10_global_ppi	Journal Article;Research Support, Non-U.S. Gov't
27595129	2016	Data Brief	Carnielli CM	Interaction network and mass spectrometry data of Xanthomonas citri subsp. citri surface proteins from differential proteomic analysis of infectious and non-infectious cells.	P10_global_ppi	Journal Article
26527727	2016	Nucleic Acids Res	Sloan CA	ENCODE data at the ENCODE portal.	P11_catalogs	Journal Article;Research Support, N.I.H., Extramural
26438538	2016	Nucleic Acids Res	Khan A	dbSUPER: a database of super-enhancers in mouse and human genome.	P11_catalogs	Journal Article;Research Support, Non-U.S. Gov't
27419873	2016	Cell	Kawakatsu T	Epigenomic Diversity in a Global Collection of Arabidopsis thaliana Accessions.	P11_catalogs	Journal Article;Research Support, N.I.H., Extramural;Research Support, U.S. Gov't, Non-P.H.S.
27964748	2016	Genome Med	Bahreini A	Non-coding single nucleotide variants affecting estrogen receptor binding and activity.	P11_catalogs	Journal Article;Research Support, N.I.H., Extramural;Research Support, Non-U.S. Gov't
27466232	2016	Genome Res	Wang S	Modeling cis-regulation with a compendium of genome-wide histone H3K27ac profiles.	P11_catalogs	Journal Article;Research Support, Non-U.S. Gov't;Research Support, N.I.H., Extramural
26980513	2016	Database (Oxford)	Hong EL	Principles of metadata organization at the ENCODE data coordination center.	P11_catalogs	Journal Article;Research Support, N.I.H., Extramural
26880692	2016	Cancer Discov	Colwell J	Expanding the Scope of ENCODE.	P11_catalogs	News
27549193	2016	Genome Biol	Li B	Comprehensive analyses of tumor immunity: implications for cancer immunotherapy.	P11_catalogs	Journal Article;Research Support, N.I.H., Extramural;Research Support, Non-U.S. Gov't
26986180	2016	J Exp Psychol Hum Percept Perform	Azañón E	Does the crossed-limb deficit affect the uncrossed portions of limbs?	P11_catalogs	Journal Article;Research Support, Non-U.S. Gov't
27503290	2016	Genome Biol Evol	Glinsky GV	Mechanistically Distinct Pathways of Divergent Regulatory DNA Creation Contribute to Evolution of Human-Specific Genomic Regulatory Networks Driving Phenotypic Divergence of Homo sapiens.	P11_catalogs	Journal Article;Research Support, Non-U.S. Gov't
27887606	2016	Mol Cancer	Shar NA	Cancer somatic mutations cluster in a subset of regulatory sites predicted from the ENCODE data.	P11_catalogs	Journal Article;Research Support, Non-U.S. Gov't
26778753	2016	J Hepatol	Qu C	Salt-inducible Kinase (SIK1) regulates HCC progression and WNT/β-catenin activation.	P12_mouse_lung_chip	Journal Article;Research Support, Non-U.S. Gov't
27495308	2016	Breast Cancer Res	Sethuraman A	SMARCE1 regulates metastatic potential of breast cancer cells through the HIF1A/PTK2 pathway.	P12_mouse_lung_chip	Journal Article;Research Support, N.I.H., Extramural
27215382	2016	Mol Cell Biol	Yoo KH	Histone Demethylase KDM6A Controls the Mammary Luminal Lineage through Enzyme-Independent Mechanisms.	P12_mouse_lung_chip	Journal Article;Research Support, N.I.H., Intramural
27001747	2016	J Exp Med	Langlais D	The macrophage IRF8/IRF1 regulome is required for protection against infections and is associated with chronic inflammation.	P12_mouse_lung_chip	Journal Article;Research Support, N.I.H., Extramural;Research Support, Non-U.S. Gov't
27387751	2016	J Biochem	Ebina-Shibuya R	The double knockout of Bach1 and Bach2 in mice reveals shared compensatory mechanisms in regulating alveolar macrophage function and lung surfactant homeostasis.	P12_mouse_lung_chip	Journal Article
27286066	2016	Am J Respir Cell Mol Biol	Mishra RK	c-Jun Is Required for Nuclear Factor-κB-Dependent, LPS-Stimulated Fos-Related Antigen-1 Transcription in Alveolar Macrophages.	P12_mouse_lung_chip	Journal Article;Research Support, N.I.H., Extramural
26399195	2016	Br J Dermatol	Saigusa R	Fli1 deficiency contributes to the downregulation of endothelial protein C receptor in systemic sclerosis: a possible role in prothrombotic conditions.	P12_mouse_lung_chip	Journal Article;Research Support, Non-U.S. Gov't
27105895	2016	Br J Dermatol	Takahashi T	A potential contribution of antimicrobial peptide LL-37 to tissue fibrosis and vasculopathy in systemic sclerosis.	P12_mouse_lung_chip	Journal Article
27371733	2016	Am J Physiol Lung Cell Mol Physiol	Sasse SK	Glucocorticoid and TNF signaling converge at A20 (TNFAIP3) to repress airway smooth muscle cytokine expression.	P13_lung_immune_chip	Journal Article
27697457	2016	Toxicology	Su HH	Aryl hydrocarbon receptor-ligand axis mediates pulmonary fibroblast migration and differentiation through increased arachidonic acid metabolism.	P13_lung_immune_chip	Journal Article
27099350	2016	Am J Physiol Cell Physiol	Sysol JR	PDGF induces SphK1 expression via Egr-1 to promote pulmonary artery smooth muscle cell proliferation.	P13_lung_immune_chip	Journal Article
27013613	2016	Arterioscler Thromb Vasc Biol	Ren B	LPA/PKD-1-FoxO1 Signaling Axis Mediates Endothelial Cell CD36 Transcriptional Repression and Proangiogenic and Proarteriogenic Reprogramming.	P13_lung_immune_chip	Journal Article;Research Support, N.I.H., Extramural;Research Support, Non-U.S. Gov't
26482610	2016	Tumour Biol	Su L	Skp2 regulates non-small cell lung cancer cell growth by Meg3 and miR-3163.	P14_variant_tf_binding	Journal Article
27261580	2016	Biomed Pharmacother	Zhu DY	MiR-454 promotes the progression of human non-small cell lung cancer and directly targets PTEN.	P14_variant_tf_binding	Journal Article
27186391	2016	Am J Cancer Res	Li Y	MicroRNA-338-3p suppresses metastasis of lung cancer cells by targeting the EMT regulator Sox4.	P15_direct_targets	Journal Article;Review
26282001	2016	Tumour Biol	Xie J	MicroRNA-218 regulates cisplatin (DPP) chemosensitivity in non-small cell lung cancer by targeting RUNX2.	P15_direct_targets	Journal Article
27184257	2016	BMC Cancer	Zhang Y	MicroRNA-663a is downregulated in non-small cell lung cancer and inhibits proliferation and invasion by targeting JunD.	P15_direct_targets	Journal Article;Research Support, Non-U.S. Gov't
25798833	2016	Oncogene	Kundu ST	The miR-200 family and the miR-183~96~182 cluster target Foxf2 to inhibit invasion and metastasis in lung cancers.	P15_direct_targets	Journal Article;Research Support, N.I.H., Extramural;Research Support, Non-U.S. Gov't
27207790	2016	Blood	Shahrin NH	Conditional knockout mice demonstrate function of Klf5 as a myeloid transcription factor.	P15_direct_targets	Journal Article;Research Support, Non-U.S. Gov't
27013197	2016	Cancer Res	Shoshan E	NFAT1 Directly Regulates IL8 and MMP3 to Promote Melanoma Tumor Growth and Metastasis.	P15_direct_targets	Journal Article
26584547	2016	Cell Oncol (Dordr)	Zhang J	Down-regulation of osteopontin mediates a novel mechanism underlying the cytostatic activity of TGF-β.	P15_direct_targets	Journal Article
27727250	2016	Mol Ther Nucleic Acids	Huang J	Notch-1 Confers Chemoresistance in Lung Adenocarcinoma to Taxanes through AP-1/microRNA-451 Mediated Regulation of MDR-1.	P15_direct_targets	Journal Article
27716141	2016	BMC Genomics	Chen J	Multi-omics analysis reveals regulators of the response to PDGF-BB treatment in pulmonary artery smooth muscle cells.	P15_direct_targets	Journal Article
27195669	2016	PLoS One	Currier JM	Developing a Gene Biomarker at the Tipping Point of Adaptive and Adverse Responses in Human Bronchial Epithelial Cells.	P15_direct_targets	Journal Article;Research Support, U.S. Gov't, Non-P.H.S.
27903974	2017	Oncotarget	Liu B	LncRNAs are altered in lung squamous cell carcinoma and lung adenocarcinoma.	P1_lung_chip_tf	Journal Article
29115924	2017	BMC Cancer	Wang T	Transcription factor E2F1 promotes EMT by regulating ZEB2 in small cell lung cancer.	P1_lung_chip_tf	Journal Article
28299657	2017	Adv Exp Med Biol	Lin S	RUNX1-ETO Leukemia.	P3_lung_tf_names	Journal Article;Review
28013411	2017	Protoplasma	Grbesa I	Genomic effects of glucocorticoids.	P3_lung_tf_names	Journal Article;Review
28390865	2017	Gastroenterology	Lo YH	SPDEF Induces Quiescence of Colorectal Cancer Cells by Changing the Transcriptional Targets of β-catenin.	P3_lung_tf_names	Journal Article;Research Support, N.I.H., Extramural;Research Support, Non-U.S. Gov't
28174757	2017	Cell Mol Gastroenterol Hepatol	Lo YH	Transcriptional Regulation by ATOH1 and its Target SPDEF in the Intestine.	P3_lung_tf_names	Journal Article
27325420	2017	Gut	Martinelli P	GATA6 regulates EMT and tumour dissemination, and is a marker of response to adjuvant chemotherapy in pancreatic cancer.	P3_lung_tf_names	Journal Article;Research Support, Non-U.S. Gov't
29383103	2017	Oncotarget	Miao J	YAP regulates PD-L1 expression in human NSCLC cells.	P4_encode_cellline	Journal Article
28937961	2017	Environ Health Perspect	Chen D	Regulation of Chromatin Assembly and Cell Transformation by Formaldehyde Exposure in Human Cells.	P4_encode_cellline	Journal Article;Research Support, Non-U.S. Gov't;Research Support, N.I.H., Extramural
28137312	2017	BMC Mol Biol	Zhang L	Transcriptional regulation of human sperm-associated antigen 16 gene by S-SOX5.	P4_encode_cellline	Journal Article;Research Support, Non-U.S. Gov't;Research Support, N.I.H., Extramural
29285248	2017	Oncotarget	Yuan C	Super enhancer associated RAI14 is a new potential biomarker in lung adenocarcinoma.	P4_encode_cellline	Journal Article
28455686	2017	Mol Biol Rep	Jin HL	Flightless-I homolog regulates glucocorticoid receptor-mediated transcription via direct interaction of the leucine-rich repeat domain.	P4_encode_cellline	Journal Article
28039105	2017	Am J Physiol Lung Cell Mol Physiol	Altonsy MO	Long-acting β(2)-agonists promote glucocorticoid-mediated repression of NF-κB by enhancing expression of the feedback regulator TNFAIP3.	P4_encode_cellline	Journal Article
29212231	2017	Oncotarget	Ocadiz-Ruiz R	ZBP-89 function in colonic stem cells and during butyrate-induced senescence.	P4_encode_cellline	Journal Article
28205598	2017	Sci Rep	Wang X	Lyn regulates mucus secretion and MUC5AC via the STAT6 signaling pathway during allergic airway inflammation.	P4_encode_cellline	Journal Article;Research Support, Non-U.S. Gov't
29207489	2017	Int J Mol Sci	Harada M	Quinacrine Inhibits ICAM-1 Transcription by Blocking DNA Binding of the NF-κB Subunit p65 and Sensitizes Human Lung Adenocarcinoma A549 Cells to TNF-α and the Fas Ligand.	P4_encode_cellline	Journal Article
28549169	2017	Nucleic Acids Res	Stolzenburg LR	Regulatory dynamics of 11p13 suggest a role for EHF in modifying CF lung disease severity.	P6_lung_3d	Journal Article
29059299	2017	Nucleic Acids Res	Goyal A	A cautionary tale of sense-antisense gene pairs: independent regulation despite inverse correlation of expression.	P7_perturbseq	Journal Article
28742165	2017	Mol Biosyst	Donakonda S	System analysis identifies distinct and common functional networks governed by transcription factor ASCL1, in glioma and small cell lung cancer.	P8_tf_perturb_rna	Journal Article
28527949	2017	Bone	Salmon CR	Microproteome of dentoalveolar tissues.	P9_lung_ppi	Journal Article
28271730	2017	Expert Rev Proteomics	Fujii K	Recent mass spectrometry-based proteomics for biomarker discovery in lung cancer, COPD, and asthma.	P9_lung_ppi	Journal Article;Review
29021892	2017	Cell Biosci	Qiu Y	Catching global interactions in vivo.	P9_lung_ppi	Journal Article
27807832	2017	Methods Mol Biol	Day TF	Transcriptome and Proteome Analyses of TNFAIP8 Knockdown Cancer Cells Reveal New Insights into Molecular Determinants of Cell Survival and Tumor Progression.	P9_lung_ppi	Journal Article;Review
29083321	2017	J Clin Invest	Tang X	EMC3 coordinates surfactant protein and lipid homeostasis required for respiration.	P9_lung_ppi	Journal Article;Research Support, N.I.H., Extramural;Research Support, Non-U.S. Gov't;Research Support, U.S. Gov't, Non-P.H.S.
28514442	2017	Nature	Huttlin EL	Architecture of the human interactome defines protein communities and disease networks.	P10_global_ppi	Journal Article;Research Support, N.I.H., Extramural;Research Support, Non-U.S. Gov't
28495876	2017	Science	Thul PJ	A subcellular map of the human proteome.	P10_global_ppi	Journal Article;Research Support, Non-U.S. Gov't
28544880	2017	Cell Syst	Mallam AL	Systems-wide Studies Uncover Commander, a Multiprotein Complex Essential to Human Development.	P10_global_ppi	Journal Article;Research Support, N.I.H., Extramural;Research Support, Non-U.S. Gov't;Research Support, U.S. Gov't, Non-P.H.S.;Review
28918672	2017	Expert Rev Proteomics	Havugimana PC	Protein complexes, big data, machine learning and integrative proteomics: lessons learned over a decade of systematic analysis of protein interaction networks.	P10_global_ppi	Journal Article;Review;Research Support, Non-U.S. Gov't
28869005	2017	J Gen Virol	Patzina C	Human interactome of the influenza B virus NS1 protein.	P10_global_ppi	Journal Article
28747494	2017	J Virol	Berjón-Otero M	Bam35 Tectivirus Intraviral Interaction Map Unveils New Function and Localization of Phage ORFan Proteins.	P10_global_ppi	Journal Article
28596423	2017	Mol Syst Biol	Drew K	Integration of over 9,000 mass spectrometry experiments builds a global map of human protein complexes.	P10_global_ppi	Journal Article;Research Support, N.I.H., Extramural;Research Support, U.S. Gov't, Non-P.H.S.;Research Support, Non-U.S. Gov't
29322920	2017	BMC Syst Biol	Su MG	Investigation and identification of functional post-translational modification sites associated with drug binding and protein-protein interactions.	P10_global_ppi	Journal Article
27751915	2017	Cell Signal	Amith SR	Defining the Na(+)/H(+) exchanger NHE1 interactome in triple-negative breast cancer cells.	P10_global_ppi	Journal Article;Research Support, Non-U.S. Gov't
28539447	2017	J Virol	King BR	A Map of the Arenavirus Nucleoprotein-Host Protein Interactome Reveals that Junín Virus Selectively Impairs the Antiviral Activity of Double-Stranded RNA-Activated Protein Kinase (PKR).	P10_global_ppi	Journal Article;Research Support, N.I.H., Extramural
27924024	2017	Nucleic Acids Res	Yevshin I	GTRD: a database of transcription factor binding sites identified by ChIP-seq experiments.	P11_catalogs	Journal Article;Research Support, Non-U.S. Gov't
29092952	2017	Cancer Res	Li T	TIMER: A Web Server for Comprehensive Analysis of Tumor-Infiltrating Immune Cells.	P11_catalogs	Journal Article
29092931	2017	Cancer Res	Mei S	Cistrome Cancer: A Web Resource for Integrative Gene Regulation Modeling in Cancer.	P11_catalogs	Journal Article;Research Support, N.I.H., Extramural;Research Support, Non-U.S. Gov't
27789702	2017	Nucleic Acids Res	Mei S	Cistrome Data Browser: a data portal for ChIP-Seq and chromatin accessibility data in human and mouse.	P11_catalogs	Journal Article;Research Support, N.I.H., Extramural;Research Support, Non-U.S. Gov't
28403240	2017	PLoS One	Hitz BC	SnoVault and encodeD: A novel object-based storage system and applications to ENCODE metadata.	P11_catalogs	Journal Article
28056037	2017	PLoS One	Zacher B	Accurate Promoter and Enhancer Identification in 127 ENCODE and Roadmap Epigenomics Cell Types and Tissues by GenoSTAN.	P11_catalogs	Journal Article
28166722	2017	BMC Genomics	Singh PK	Integration of VDR genome wide binding and GWAS genetic variation data reveals co-occurrence of VDR and NF-κB binding that is linked to immune phenotypes.	P11_catalogs	Journal Article;Research Support, Non-U.S. Gov't;Research Support, N.I.H., Extramural;Research Support, U.S. Gov't, Non-P.H.S.
28027912	2017	J Steroid Biochem Mol Biol	Long MD	Integrative genomic approaches to dissect clinically-significant relationships between the VDR cistrome and gene expression in primary colon cancer.	P11_catalogs	Journal Article;Research Support, N.I.H., Extramural
28445614	2017	Ann N Y Acad Sci	Cornely RM	Two common human CLDN5 alleles encode different open reading frames but produce one protein isoform.	P11_catalogs	Journal Article;Research Support, N.I.H., Extramural;Research Support, Non-U.S. Gov't
28263636	2017	J Exp Psychol Hum Percept Perform	Llompart M	Articulatory information helps encode lexical contrasts in a second language.	P11_catalogs	Journal Article;Research Support, Non-U.S. Gov't
28081379	2017	J Dent Res	Cho Y	Direct Gingival Fibroblast/Osteoblast Transdifferentiation via Epigenetics.	P12_mouse_lung_chip	Journal Article
28255028	2017	EMBO Mol Med	Guo M	Gene signature driving invasive mucinous adenocarcinoma of the lung.	P12_mouse_lung_chip	Journal Article;Research Support, Non-U.S. Gov't
28886730	2017	J Exp Clin Cancer Res	Feng X	Annexin A2 contributes to cisplatin resistance by activation of JNK-p53 pathway in non-small cell lung cancer cells.	P12_mouse_lung_chip	Journal Article;Research Support, Non-U.S. Gov't
28507181	2017	J Rheumatol	Taniguchi T	Fli1 Deficiency Induces CXCL6 Expression in Dermal Fibroblasts and Endothelial Cells, Contributing to the Development of Fibrosis and Vasculopathy in Systemic Sclerosis.	P12_mouse_lung_chip	Journal Article;Research Support, Non-U.S. Gov't
27878828	2017	Allergy	Hwang SS	RHS6 coordinately regulates the Th2 cytokine genes by recruiting GATA3, SATB1, and IRF4.	P12_mouse_lung_chip	Journal Article
28278176	2017	PLoS Genet	Mapes J	CUZD1 is a critical mediator of the JAK/STAT5 signaling pathway that controls mammary gland development during pregnancy.	P12_mouse_lung_chip	Journal Article
28484848	2017	Cell Tissue Res	Xie X	MicroRNA-27a/b mediates endothelin-1-induced PPARγ reduction and proliferation of pulmonary artery smooth muscle cells.	P13_lung_immune_chip	Journal Article;Research Support, Non-U.S. Gov't
27560128	2017	Am J Respir Cell Mol Biol	Sanders YY	Epigenetic Regulation of Caveolin-1 Gene Expression in Lung Fibroblasts.	P13_lung_immune_chip	Journal Article;Research Support, Non-U.S. Gov't;Research Support, N.I.H., Extramural
28100679	2017	J Immunol	Koh B	Etv5 Regulates IL-10 Production in Th Cells.	P14_variant_tf_binding	Journal Article
28921827	2017	Cancer Sci	Chi Y	miR-203 inhibits cell proliferation, invasion, and migration of non-small-cell lung cancer by downregulating RGS17.	P14_variant_tf_binding	Journal Article
28535533	2017	Cell Physiol Biochem	Xiang Y	MALAT1 Modulates TGF-β1-Induced Endothelial-to-Mesenchymal Transition through Downregulation of miR-145.	P14_variant_tf_binding	Journal Article
28422739	2017	Oncotarget	Liu S	Diagnostic role of Wnt pathway gene promoter methylation in non small cell lung cancer.	P14_variant_tf_binding	Journal Article
28656235	2017	Mol Med Rep	Wang Y	MicroRNA-661 promotes non-small cell lung cancer progression by directly targeting RUNX3.	P15_direct_targets	Journal Article
29130108	2017	Oncol Rep	Zhao L	miR-149 suppresses human non-small cell lung cancer growth and metastasis by inhibiting the FOXM1/cyclin D1/MMP2 axis.	P15_direct_targets	Journal Article
28474808	2017	Cancer Sci	Griesing S	Thyroid transcription factor-1-regulated microRNA-532-5p targets KRAS and MKL2 oncogenes and induces apoptosis in lung adenocarcinoma cells.	P15_direct_targets	Journal Article
28699703	2017	J Cell Mol Med	Zhu Y	A positive feedback loop promotes HIF-1α stability through miR-210-mediated suppression of RUNX3 in paraquat-induced EMT.	P15_direct_targets	Journal Article
28534958	2017	Oncol Rep	Shen SQ	miR-204 regulates the biological behavior of breast cancer MCF-7 cells by directly targeting FOXA1.	P15_direct_targets	Journal Article
28151013	2017	DNA Cell Biol	Li C	Sex-Determining Region Y-box 2 Promotes Growth of Lung Squamous Cell Carcinoma and Directly Targets Cyclin D1.	P15_direct_targets	Journal Article
30080437	2018	Epigenetics	Handoko L	JQ1 affects BRD2-dependent and independent transcription regulation without disrupting H4-hyperacetylated chromatin states.	P1_lung_chip_tf	Journal Article;Research Support, Non-U.S. Gov't
30349386	2018	Cancer Manag Res	Chen Y	Rasip1 is a RUNX1 target gene and promotes migration of NSCLC cells.	P1_lung_chip_tf	Journal Article
29339772	2018	Sci Rep	Buttrick TS	Foxo1 Promotes Th9 Cell Differentiation and Airway Allergy.	P2_lung_chip_disease	Journal Article;Research Support, N.I.H., Extramural
29924937	2018	Am J Respir Crit Care Med	Qu J	Reversing Mechanoinductive DSP Expression by CRISPR/dCas9-mediated Epigenome Editing.	P2_lung_chip_disease	Journal Article;Research Support, N.I.H., Extramural;Research Support, Non-U.S. Gov't
29053336	2018	Am J Respir Cell Mol Biol	Coward WR	Interplay between EZH2 and G9a Regulates CXCL10 Gene Repression in Idiopathic Pulmonary Fibrosis.	P2_lung_chip_disease	Journal Article;Research Support, Non-U.S. Gov't
29588580	2018	Int J Chron Obstruct Pulmon Dis	Li JX	A functional SNP upstream of the ADRB2 gene is associated with COPD.	P2_lung_chip_disease	Journal Article;Research Support, Non-U.S. Gov't
30004838	2018	Physiol Genomics	Ke X	Persistent pulmonary hypertension alters the epigenetic characteristics of endothelial nitric oxide synthase gene in pulmonary artery endothelial cells in a fetal lamb model.	P2_lung_chip_disease	Journal Article;Research Support, N.I.H., Extramural;Research Support, Non-U.S. Gov't
29950142	2018	Autophagy	Pajares M	Transcription factor NFE2L2/NRF2 modulates chaperone-mediated autophagy through the regulation of LAMP2A.	P3_lung_tf_names	Journal Article;Research Support, N.I.H., Extramural;Research Support, Non-U.S. Gov't
29530947	2018	Cold Spring Harb Perspect Med	Labbé DP	Transcriptional Regulation in Prostate Cancer.	P3_lung_tf_names	Journal Article;Research Support, Non-U.S. Gov't;Review
29442330	2018	Adv Exp Med Biol	Kondoh H	Roles of ZIC2 in Regulation of Pluripotent Stem Cells.	P3_lung_tf_names	Journal Article;Research Support, Non-U.S. Gov't;Review
29610357	2018	Cold Spring Harb Protoc	Kim TH	Formaldehyde Cross-Linking.	P4_encode_cellline	Journal Article
29842899	2018	Neurosci Lett	Zajkowicz A	The Alzheimer's disease-associated TREM2 gene is regulated by p53 tumor suppressor protein.	P4_encode_cellline	Journal Article;Research Support, Non-U.S. Gov't
30143676	2018	Sci Rep	Glass K	Integrative epigenomic analysis in differentiated human primary bronchial epithelial cells exposed to cigarette smoke.	P4_encode_cellline	Journal Article;Research Support, N.I.H., Extramural
30013043	2018	Sci Rep	Lee JH	Tescalcin/c-Src/IGF1Rβ-mediated STAT3 activation enhances cancer stemness and radioresistant properties through ALDH1.	P4_encode_cellline	Journal Article;Research Support, Non-U.S. Gov't
29959223	2018	Mol Pharmacol	Rider CF	Long-Acting β(2)-Adrenoceptor Agonists Enhance Glucocorticoid Receptor (GR)-Mediated Transcription by Gene-Specific Mechanisms Rather Than Generic Effects via GR.	P4_encode_cellline	Journal Article;Research Support, Non-U.S. Gov't
29872551	2018	Oncoimmunology	Dockry É	Epigenetic induction of CD1d expression primes lung cancer cells for killing by invariant natural killer T cells.	P4_encode_cellline	Journal Article;Research Support, Non-U.S. Gov't
30228179	2018	Cancer Discov	Yang D	Intertumoral Heterogeneity in SCLC Is Influenced by the Cell Type of Origin.	P5_lung_atac_footprint	Journal Article;Research Support, N.I.H., Extramural;Research Support, Non-U.S. Gov't;Research Support, U.S. Gov't, Non-P.H.S.
30131302	2018	Mol Ther	Sun Y	Disruption of Chromosomal Architecture of cox2 Locus Sensitizes Lung Cancer Cells to Radiotherapy.	P6_lung_3d	Journal Article;Research Support, Non-U.S. Gov't
30232004	2018	Cell Rep	Abraham CG	ΔNp63α Suppresses TGFB2 Expression and RHOA Activity to Drive Cell Proliferation in Squamous Cell Carcinomas.	P7_perturbseq	Journal Article;Research Support, N.I.H., Extramural;Research Support, Non-U.S. Gov't
29912950	2018	PLoS One	Dompe N	A CRISPR screen identifies MAPK7 as a target for combination with MEK inhibition in KRAS mutant NSCLC.	P7_perturbseq	Journal Article;Research Support, Non-U.S. Gov't
30018747	2018	Oncotarget	Yoshida M	Development of an integrated CRISPRi targeting ΔNp63 for treatment of squamous cell carcinoma.	P7_perturbseq	Journal Article
29251177	2018	Cell Cycle	Lomert E	Co-expression of RelA/p65 and ACTN4 induces apoptosis in non-small lung carcinoma cells.	P9_lung_ppi	Journal Article;Research Support, Non-U.S. Gov't
29307493	2018	Cell	Piazza I	A Map of Protein-Metabolite Interactions Reveals Principles of Chemical Communication.	P10_global_ppi	Journal Article;Research Support, Non-U.S. Gov't
29106664	2018	Nucleic Acids Res	Schmidt T	ProteomicsDB.	P10_global_ppi	Dataset;Journal Article;Research Support, Non-U.S. Gov't
29944780	2018	Curr Protoc Plant Biol	Altmann M	High-Quality Yeast-2-Hybrid Interaction Network Mapping.	P10_global_ppi	Journal Article;Research Support, Non-U.S. Gov't
30099871	2018	J Proteome Res	Omenn GS	Progress on Identifying and Characterizing the Human Proteome: 2018 Metrics from the HUPO Human Proteome Project.	P10_global_ppi	Journal Article;Research Support, N.I.H., Extramural;Research Support, Non-U.S. Gov't;Review
28782718	2018	J Proteomics	Crosara KTB	Merging in-silico and in vitro salivary protein complex partners using the STRING database: A tutorial.	P10_global_ppi	Journal Article;Review;Research Support, Non-U.S. Gov't
30421409	2018	Methods Mol Biol	Rizzetto S	Toward Large-Scale Computational Prediction of Protein Complexes.	P10_global_ppi	Journal Article
30118682	2018	Mol Cell	Penn BH	An Mtb-Human Protein-Protein Interaction Map Identifies a Switch between Host Antiviral and Antibacterial Responses.	P10_global_ppi	Journal Article;Research Support, N.I.H., Extramural;Research Support, Non-U.S. Gov't
29317492	2018	J Biol Chem	Faraz M	A protein interaction network centered on leucine-rich repeats and immunoglobulin-like domains 1 (LRIG1) regulates growth factor receptors.	P10_global_ppi	Journal Article;Research Support, Non-U.S. Gov't
30280577	2018	J Proteome Res	Siddiqui O	Chromosome 17 Missing Proteins: Recent Progress and Future Directions as Part of the neXt-MP50 Challenge.	P10_global_ppi	Journal Article;Research Support, N.I.H., Extramural;Research Support, U.S. Gov't, Non-P.H.S.
30713425	2018	Mol Vis	Harman JC	Comprehensive characterization of the adult ND4 Swiss Webster mouse retina: Using discovery-based mass spectrometry to decipher the total proteome and phosphoproteome.	P10_global_ppi	Journal Article;Research Support, N.I.H., Extramural;Research Support, Non-U.S. Gov't
29414888	2018	Int J Mol Sci	Muñoz R	Mass Spectrometry-Based Proteomic Profiling of Thrombotic Material Obtained by Endovascular Thrombectomy in Patients with Ischemic Stroke.	P10_global_ppi	Journal Article
29921666	2018	mBio	de Assis LJ	Regulation of Aspergillus nidulans CreA-Mediated Catabolite Repression by the F-Box Proteins Fbx23 and Fbx47.	P10_global_ppi	Journal Article;Research Support, Non-U.S. Gov't
29632809	2018	FEBS Open Bio	Csősz É	Salivary proteome profiling of oral squamous cell carcinoma in a Hungarian population.	P10_global_ppi	Journal Article
30413482	2018	EMBO Rep	Oki S	ChIP-Atlas: a data-mining suite powered by full integration of public ChIP-seq data.	P11_catalogs	Journal Article;Research Support, Non-U.S. Gov't
29126285	2018	Nucleic Acids Res	Chèneby J	ReMap 2018: an updated atlas of regulatory regions from an integrative analysis of DNA-binding ChIP-seq experiments.	P11_catalogs	Journal Article;Research Support, Non-U.S. Gov't
29126249	2018	Nucleic Acids Res	Davis CA	The Encyclopedia of DNA elements (ENCODE): data portal update.	P11_catalogs	Journal Article;Research Support, N.I.H., Extramural
29140464	2018	Nucleic Acids Res	Kulakovskiy IV	HOCOMOCO: towards a complete collection of transcription factor binding models for human and mouse via large-scale ChIP-Seq analysis.	P11_catalogs	Journal Article;Research Support, Non-U.S. Gov't
30040077	2018	Sci Data	Fornes O	MANTA2, update of the Mongo database for the analysis of transcription factor binding site alterations.	P11_catalogs	Dataset;Journal Article;Research Support, Non-U.S. Gov't
29846656	2018	Nucleic Acids Res	Kiesel A	The BaMM web server for de-novo motif discovery and regulatory sequence analysis.	P11_catalogs	Journal Article;Research Support, Non-U.S. Gov't
28778663	2018	Mol Cell Endocrinol	Simandi Z	RXR heterodimers orchestrate transcriptional control of neurogenesis and cell fate specification.	P11_catalogs	Journal Article;Research Support, Non-U.S. Gov't
30416387	2018	Int J Biol Sci	Zeng J	TFmapper: A Tool for Searching Putative Factors Regulating Gene Expression Using ChIP-seq Data.	P11_catalogs	Journal Article;Research Support, Non-U.S. Gov't
29868600	2018	Front Nutr	Lamarine M	Fast and Accurate Approaches for Large-Scale, Automated Mapping of Food Diaries on Food Composition Tables.	P11_catalogs	Journal Article
29845246	2018	Int J Oncol	Zhang W	Exosome-mediated transfer of lncRNA RP11‑838N2.4 promotes erlotinib resistance in non-small cell lung cancer.	P12_mouse_lung_chip	Journal Article;Retracted Publication
29909489	2018	Clin Exp Metastasis	Millien G	ETS1 regulates Twist1 transcription in a Kras(G12D)/Lkb1(-/-) metastatic lung tumor model of non-small cell lung cancer.	P12_mouse_lung_chip	Journal Article;Research Support, U.S. Gov't, Non-P.H.S.
30287739	2018	Int J Mol Sci	Chuang HM	Non-Canonical Regulation of Type I Collagen through Promoter Binding of SOX2 and Its Contribution to Ameliorating Pulmonary Fibrosis by Butylidenephthalide.	P12_mouse_lung_chip	Journal Article
30154451	2018	Cell Death Dis	Li T	TGF-β1-SOX9 axis-inducible COL10A1 promotes invasion and metastasis in gastric cancer via epithelial-to-mesenchymal transition.	P12_mouse_lung_chip	Journal Article;Research Support, Non-U.S. Gov't
29855376	2018	J Exp Clin Cancer Res	Hao X	SOX30 is a key regulator of desmosomal gene suppressing tumor growth and metastasis in lung adenocarcinoma.	P12_mouse_lung_chip	Journal Article
30088830	2018	Br J Pharmacol	Cho RL	Haem oxygenase-1 up-regulation by rosiglitazone via ROS-dependent Nrf2-antioxidant response elements axis or PPARγ attenuates LPS-mediated lung inflammation.	P12_mouse_lung_chip	Journal Article;Research Support, Non-U.S. Gov't
29571895	2018	Toxicol Lett	Wang X	Low dose cadmium upregulates the expression of von Willebrand factor in endothelial cells.	P12_mouse_lung_chip	Journal Article
30135315	2018	JCI Insight	Sontake V	Wilms' tumor 1 drives fibroproliferation and myofibroblast transformation in severe fibrotic lung disease.	P13_lung_immune_chip	Journal Article;Research Support, N.I.H., Extramural;Research Support, Non-U.S. Gov't;Research Support, U.S. Gov't, Non-P.H.S.;Video-Audio Media
30591689	2018	Int J Mol Sci	Zheng T	IL-8 Secreted from M2 Macrophages Promoted Prostate Tumorigenesis via STAT3/MALAT1 Pathway.	P13_lung_immune_chip	Journal Article
29956161	2018	Methods Mol Biol	Harmacek LD	Library Preparation for ATAC-Sequencing of Mouse CD4+ T Cells Isolated from the Lung and Lymph Nodes After Helminth Infection.	P13_lung_immune_chip	Journal Article;Research Support, N.I.H., Extramural
30036873	2018	Cell Physiol Biochem	Xiong DD	The LncRNA NEAT1 Accelerates Lung Adenocarcinoma Deterioration and Binds to Mir-193a-3p as a Competitive Endogenous RNA.	P14_variant_tf_binding	Journal Article;Meta-Analysis
30250547	2018	Oncol Lett	Cui Y	Increased MALAT1 expression contributes to cisplatin resistance in non-small cell lung cancer.	P14_variant_tf_binding	Journal Article
29260980	2018	Pharm Biol	Peng YG	Baohuoside-I suppresses cell proliferation and migration by up-regulating miR-144 in melanoma.	P14_variant_tf_binding	Journal Article
30280775	2018	Eur Rev Med Pharmacol Sci	Wu JL	High expression of lncRNA MEG3 participates in non-small cell lung cancer by regulating microRNA-7-5p.	P14_variant_tf_binding	Journal Article
29133127	2018	Exp Cell Res	Guo D	Knockdown of LncRNA PVT1 inhibits tumorigenesis in non-small-cell lung cancer by regulating miR-497 expression.	P14_variant_tf_binding	Journal Article
30195880	2018	Phytomedicine	Zhang W	Curcumin enhances cisplatin sensitivity of human NSCLC cell lines through influencing Cu-Sp1-CTR1 regulatory loop.	P14_variant_tf_binding	Journal Article
30002193	2018	Mol Cancer Res	Caswell DR	Tumor Suppressor Activity of Selenbp1, a Direct Nkx2-1 Target, in Lung Adenocarcinoma.	P15_direct_targets	Journal Article;Research Support, N.I.H., Extramural;Research Support, Non-U.S. Gov't;Research Support, U.S. Gov't, Non-P.H.S.
29501727	2018	Cell Signal	Chen C	Sonic hedgehog signaling pathway promotes INSM1 transcription factor in neuroendocrine lung cancer.	P15_direct_targets	Journal Article;Research Support, Non-U.S. Gov't
30448056	2018	Biochem Biophys Res Commun	Qu R	LncRNA ZEB1-AS1/miR-409-3p/ZEB1 feedback loop is involved in the progression of non-small cell lung cancer.	P15_direct_targets	Journal Article;Research Support, Non-U.S. Gov't
29576613	2018	Oncogene	Monterisi S	HOXB7 overexpression in lung cancer is a hallmark of acquired stem-like phenotype.	P15_direct_targets	Journal Article;Research Support, Non-U.S. Gov't
30536319	2018	Eur Rev Med Pharmacol Sci	Zheng HE	MicroRNA-495 inhibits the progression of non-small-cell lung cancer by targeting TCF4 and inactivating Wnt/β-catenin pathway.	P15_direct_targets	Journal Article
30190333	2018	EMBO Mol Med	Insua-Rodríguez J	Stress signaling in breast cancer cells induces matrix components that promote chemoresistant metastasis.	P15_direct_targets	Journal Article;Research Support, Non-U.S. Gov't
29138830	2018	Mol Med Rep	Lei Z	miR‑185 inhibits non‑small cell lung cancer cell proliferation and invasion through targeting of SOX9 and regulation of Wnt signaling.	P15_direct_targets	Journal Article
29867080	2018	Mucosal Immunol	Xu C	High expression of Sonic hedgehog in allergic airway epithelia contributes to goblet cell metaplasia.	P15_direct_targets	Journal Article;Research Support, N.I.H., Extramural;Research Support, Non-U.S. Gov't
29767254	2018	Mol Med Rep	Liu N	MicroRNA‑433 reduces cell proliferation and invasion in non‑small cell lung cancer via directly targeting E2F transcription factor 3.	P15_direct_targets	Journal Article;Retracted Publication
30314701	2018	Biochem Biophys Res Commun	Zamboni M	TTF-1/Nkx2.1 functional connection with mutated EGFR relies on LRIG1 and β-catenin pathways in lung cancer cells.	P15_direct_targets	Journal Article;Research Support, Non-U.S. Gov't
29138807	2018	Int J Oncol	Shi J	Role of LASP-1, a novel SOX9 transcriptional target, in the progression of lung cancer.	P15_direct_targets	Journal Article
30250575	2018	Oncol Lett	Zhang B	MicroRNA-153 suppresses human laryngeal squamous cell carcinoma migration and invasion by targeting the SNAI1 gene.	P15_direct_targets	Journal Article
31107524	2019	Endocrinology	Seow BKL	Identification of Betamethasone-Regulated Target Genes and Cell Pathways in Fetal Rat Lung Mesenchymal Fibroblasts.	P1_lung_chip_tf	Journal Article;Research Support, Non-U.S. Gov't
31141247	2019	Cell Biol Int	Zhou ZH	TCF19 contributes to cell proliferation of non-small cell lung cancer by inhibiting FOXO1.	P1_lung_chip_tf	Journal Article
30401956	2019	Lab Invest	Wu J	ZNF326 promotes proliferation of non-small cell lung cancer cells by regulating ERCC1 expression.	P1_lung_chip_tf	Journal Article;Research Support, Non-U.S. Gov't
30683132	2019	J Exp Clin Cancer Res	Fei LR	PRDM16 functions as a suppressor of lung adenocarcinoma metastasis.	P1_lung_chip_tf	Journal Article
31124131	2019	J Cell Physiol	Quan X	p53/miR-30a-5p/ SOX4 feedback loop mediates cellular proliferation, apoptosis, and migration of non-small-cell lung cancer.	P1_lung_chip_tf	Journal Article;Research Support, Non-U.S. Gov't
31408727	2019	Free Radic Biol Med	Kapetanaki MG	Free heme regulates placenta growth factor through NRF2-antioxidant response signaling.	P2_lung_chip_disease	Journal Article;Research Support, N.I.H., Extramural
30528088	2019	Mol Ther	Song X	lncITPF Promotes Pulmonary Fibrosis by Targeting hnRNP-L Depending on Its Host Gene ITGBL1.	P2_lung_chip_disease	Journal Article;Research Support, Non-U.S. Gov't
30130138	2019	Am J Respir Cell Mol Biol	Bai L	Glutaminolysis Epigenetically Regulates Antiapoptotic Gene Expression in Idiopathic Pulmonary Fibrosis Fibroblasts.	P2_lung_chip_disease	Journal Article;Research Support, N.I.H., Extramural;Research Support, U.S. Gov't, Non-P.H.S.
30638745	2019	Neuron	Matsuda T	Pioneer Factor NeuroD1 Rearranges Transcriptional and Epigenetic Profiles to Execute Microglia-Neuron Conversion.	P3_lung_tf_names	Journal Article;Research Support, Non-U.S. Gov't
30899425	2019	Oncotarget	Ghosh C	Super-enhancers: novel target for pancreatic ductal adenocarcinoma.	P3_lung_tf_names	Journal Article
29878134	2019	Cereb Cortex	Liu Z	Sp9 Regulates Medial Ganglionic Eminence-Derived Cortical Interneuron Development.	P3_lung_tf_names	Journal Article;Research Support, N.I.H., Extramural;Research Support, Non-U.S. Gov't
31588232	2019	Theranostics	Jiang G	Cooperativity of co-factor NR2F2 with Pioneer Factors GATA3, FOXA1 in promoting ERα function.	P3_lung_tf_names	Journal Article;Research Support, Non-U.S. Gov't
30165373	2019	Bioinformatics	Yamada N	Characterizing protein-DNA binding event subtypes in ChIP-exo data.	P3_lung_tf_names	Journal Article;Research Support, N.I.H., Extramural;Research Support, Non-U.S. Gov't;Research Support, U.S. Gov't, Non-P.H.S.
30620009	2019	Life Sci Alliance	Singh AA	Optimized ChIP-seq method facilitates transcription factor profiling in human tumors.	P3_lung_tf_names	Journal Article;Research Support, Non-U.S. Gov't
31084623	2019	Genome Biol	Holding AN	VULCAN integrates ChIP-seq with patient-derived co-expression networks to identify GRHL2 as a key co-regulator of ERa at enhancers in breast cancer.	P3_lung_tf_names	Evaluation Study;Journal Article;Research Support, Non-U.S. Gov't
32308830	2019	AMIA Annu Symp Proc	Diwadkar AR	Facilitating Analysis of Publicly Available ChIP-Seq Data for Integrative Studies.	P3_lung_tf_names	Journal Article
31628195	2019	J Biol Chem	Liu P	Differential and overlapping targets of the transcriptional regulators NRF1, NRF2, and NRF3 in human cells.	P3_lung_tf_names	Journal Article;Research Support, N.I.H., Extramural;Research Support, U.S. Gov't, Non-P.H.S.
31120998	2019	PLoS One	Peng L	HoxA9 binds and represses the Cebpa +8 kb enhancer.	P3_lung_tf_names	Journal Article;Research Support, N.I.H., Extramural;Research Support, Non-U.S. Gov't
31267532	2019	Allergy	Ruffner MA	Toll-like receptor 2 stimulation augments esophageal barrier integrity.	P4_encode_cellline	Journal Article;Research Support, N.I.H., Extramural;Research Support, Non-U.S. Gov't
31885380	2019	J Vis Exp	Hu WY	Isolation of Stem-like Cells from 3-Dimensional Spheroid Cultures.	P4_encode_cellline	Journal Article;Research Support, N.I.H., Extramural;Video-Audio Media
30986261	2019	PLoS One	García-Sánchez A	PTGDR expression is upregulated through retinoic acid receptors (RAR) mechanism in allergy.	P4_encode_cellline	Journal Article;Research Support, Non-U.S. Gov't
31122284	2019	J Exp Clin Cancer Res	Liang X	Inhibition of RNA polymerase III transcription by Triptolide attenuates colorectal tumorigenesis.	P4_encode_cellline	Journal Article
31131047	2019	Theranostics	Jiang L	HCP5 is a SMAD3-responsive long non-coding RNA that promotes lung adenocarcinoma metastasis via miR-203/SNAI axis.	P4_encode_cellline	Journal Article;Research Support, Non-U.S. Gov't
31858547	2019	Eur Rev Med Pharmacol Sci	Xu JL	FOXF2 aggravates the progression of non-small cell lung cancer through targeting lncRNA H19 to downregulate PTEN.	P4_encode_cellline	Journal Article
31624471	2019	Cancer Cell Int	Ma D	KLF8 overexpression promotes the growth of human lung cancer cells by promoting the expression of JMJD2A.	P4_encode_cellline	Journal Article
31402092	2019	Am J Hum Genet	Chen Z	Identifying Putative Susceptibility Genes and Evaluating Their Associations with Somatic Mutations in Human Cancers.	P6_lung_3d	Journal Article;Research Support, N.I.H., Extramural;Research Support, Non-U.S. Gov't
30444296	2019	Plant J	Sun W	The genome of the medicinal plant Andrographis paniculata provides insight into the biosynthesis of the bioactive diterpenoid neoandrographolide.	P6_lung_3d	Journal Article;Research Support, N.I.H., Extramural;Research Support, Non-U.S. Gov't
31481541	2019	J Bacteriol	Qu J	Modulating Pathogenesis with Mobile-CRISPRi.	P7_perturbseq	Journal Article;Research Support, N.I.H., Extramural;Research Support, Non-U.S. Gov't;Research Support, U.S. Gov't, Non-P.H.S.
31138768	2019	Sci Signal	Lou K	KRAS(G12C) inhibition produces a driver-limited state revealing collateral dependencies.	P7_perturbseq	Journal Article;Research Support, N.I.H., Extramural;Research Support, Non-U.S. Gov't
30815697	2019	Toxicol Sci	Sobh A	Functional Profiling Identifies Determinants of Arsenic Trioxide Cellular Toxicity.	P7_perturbseq	Journal Article;Research Support, N.I.H., Extramural;Research Support, Non-U.S. Gov't
31416841	2019	Cancer Res	Vartanian S	ERBB3 and IGF1R Signaling Are Required for Nrf2-Dependent Growth in KEAP1-Mutant Lung Cancer.	P7_perturbseq	Journal Article
31604991	2019	Sci Rep	Gul N	The MTH1 inhibitor TH588 is a microtubule-modulating agent that eliminates cancer cells by activating the mitotic surveillance pathway.	P7_perturbseq	Journal Article;Research Support, Non-U.S. Gov't
31741433	2019	Elife	Zeng H	Genome-wide CRISPR screening reveals genetic modifiers of mutant EGFR dependence in human NSCLC.	P7_perturbseq	Journal Article
31294695	2019	Elife	Kabir S	The CUL5 ubiquitin ligase complex mediates resistance to CDK9 and MCL1 inhibitors in lung cancer cells.	P7_perturbseq	Journal Article;Research Support, N.I.H., Extramural;Research Support, Non-U.S. Gov't
30527810	2019	Biochem Biophys Res Commun	Rago F	Degron mediated BRM/SMARCA2 depletion uncovers novel combination partners for treatment of BRG1/SMARCA4-mutant cancers.	P7_perturbseq	Journal Article
31341204	2019	Sci Rep	Hollern DP	E2F1 Drives Breast Cancer Metastasis by Regulating the Target Gene FGF13 and Altering Cell Migration.	P8_tf_perturb_rna	Journal Article;Research Support, N.I.H., Extramural
31819116	2019	Sci Rep	Xu W	Integrative proteomics and phosphoproteomics in pulmonary arterial hypertension.	P9_lung_ppi	Journal Article;Research Support, N.I.H., Extramural;Research Support, Non-U.S. Gov't
31228215	2019	Cancer Sci	Kotani N	Proximity proteomics identifies cancer cell membrane cis-molecular complex as a potential cancer target.	P9_lung_ppi	Journal Article
30615629	2019	PLoS One	Bansal M	Elucidating synergistic dependencies in lung adenocarcinoma by proteome-wide signaling-network analysis.	P9_lung_ppi	Journal Article;Research Support, N.I.H., Extramural;Research Support, Non-U.S. Gov't
31331330	2019	J Transl Med	Zhang L	Revealing the pathogenic changes of PAH based on multiomics characteristics.	P9_lung_ppi	Journal Article;Research Support, Non-U.S. Gov't
30133175	2019	Curr Protoc Protein Sci	Paiano A	Yeast Two-Hybrid Assay to Identify Interacting Proteins.	P10_global_ppi	Journal Article;Research Support, Non-U.S. Gov't;Review
31249591	2019	Front Genet	Hawe JS	Inferring Interaction Networks From Multi-Omics Data.	P10_global_ppi	Journal Article;Review
31347048	2019	Adv Exp Med Biol	Yakubu RR	The Methods Employed in Mass Spectrometric Analysis of Posttranslational Modifications (PTMs) and Protein-Protein Interactions (PPIs).	P10_global_ppi	Journal Article;Review
31227708	2019	Nat Commun	Happonen L	A quantitative Streptococcus pyogenes-human protein-protein interaction map reveals localization of opsonizing antibodies.	P10_global_ppi	Journal Article;Research Support, Non-U.S. Gov't
32457940	2019	ACM BCB	Lugo-Martinez J	Integration of Heterogeneous Experimental Data Improves Global Map of Human Protein Complexes.	P10_global_ppi	Journal Article
31814986	2019	Hortic Res	Wang X	Global analysis of lysine succinylation in patchouli plant leaves.	P10_global_ppi	Journal Article
30630894	2019	J Cell Sci	Li Y	The N-cadherin interactome in primary cardiomyocytes as defined using quantitative proximity proteomics.	P10_global_ppi	Journal Article;Research Support, N.I.H., Extramural
31612721	2019	J Proteome Res	Lee SY	SAAVpedia: Identification, Functional Annotation, and Retrieval of Single Amino Acid Variants for Proteogenomic Interpretation.	P10_global_ppi	Journal Article;Research Support, Non-U.S. Gov't
31344497	2019	J Proteomics	Xing L	A comprehensive atlas of lysine acetylome in onion thrips (Thrips tabaci Lind.) revealed by proteomics analysis.	P10_global_ppi	Journal Article;Research Support, Non-U.S. Gov't
30831195	2019	Cell Signal	Li YQ	Regulation of endothelial cell survival and death by the MAP kinase/ERK kinase kinase 3 - glyceraldehyde-3-phosphate dehydrogenase signaling axis.	P10_global_ppi	Journal Article;Research Support, Non-U.S. Gov't
31405957	2019	Infect Immun	Olson MG	Proximity Labeling To Map Host-Pathogen Interactions at the Membrane of a Bacterium-Containing Vacuole in Chlamydia trachomatis-Infected Human Cells.	P10_global_ppi	Journal Article;Research Support, N.I.H., Extramural;Research Support, Non-U.S. Gov't
30517703	2019	Nucleic Acids Res	Gheorghe M	A map of direct TF-DNA interactions in the human genome.	P11_catalogs	Journal Article;Research Support, Non-U.S. Gov't
30445619	2019	Nucleic Acids Res	Yevshin I	GTRD: a database on gene transcription regulation-2019 update.	P11_catalogs	Journal Article;Research Support, Non-U.S. Gov't
31751002	2019	Curr Protoc Bioinformatics	Jou J	The ENCODE Portal as an Epigenomics Resource.	P11_catalogs	Journal Article;Research Support, N.I.H., Extramural
30462313	2019	Nucleic Acids Res	Zheng R	Cistrome Data Browser: expanded datasets and new tools for gene regulatory analysis.	P11_catalogs	Journal Article;Research Support, N.I.H., Extramural;Research Support, Non-U.S. Gov't
31465497	2019	PLoS One	Kolmykov SK	Population size estimation for quality control of ChIP-Seq datasets.	P11_catalogs	Journal Article;Research Support, Non-U.S. Gov't
30737237	2019	Genome Res	Zhou B	Comprehensive, integrated, and phased whole-genome analysis of the primary ENCODE cell line K562.	P11_catalogs	Journal Article;Research Support, N.I.H., Extramural;Research Support, Non-U.S. Gov't;Research Support, U.S. Gov't, Non-P.H.S.
31161194	2019	Bioinformatics	Zhou J	MTTFsite: cross-cell type TF binding site prediction by using multi-task learning.	P11_catalogs	Journal Article;Research Support, Non-U.S. Gov't
30773865	2019	Zhen Ci Yan Jiu	Xu DS	[A new attempt of re-mapping acupoint atlas in the rat].	P11_catalogs	Journal Article
31379814	2019	Front Immunol	Wang B	Prognostic Significance of Potential Immune Checkpoint Member HHLA2 in Human Tumors: A Comprehensive Analysis.	P11_catalogs	Journal Article;Research Support, Non-U.S. Gov't
30658436	2019	Cancers (Basel)	Ting CH	FOSB⁻PCDHB13 Axis Disrupts the Microtubule Network in Non-Small Cell Lung Cancer.	P12_mouse_lung_chip	Journal Article
30628670	2019	Int J Oncol	Sang Y	Histone deacetylase 7 inhibits plakoglobin expression to promote lung cancer cell growth and metastasis.	P12_mouse_lung_chip	Journal Article
30934992	2019	J Clin Med	Lin CC	CO-Releasing Molecule-2 Induces Nrf2/ARE-Dependent Heme Oxygenase-1 Expression Suppressing TNF-α-Induced Pulmonary Inflammation.	P12_mouse_lung_chip	Journal Article
29884909	2019	Lab Invest	Wang Y	ZBTB46 is a shear-sensitive transcription factor inhibiting endothelial cell proliferation via gene expression regulation of cell cycle proteins.	P12_mouse_lung_chip	Journal Article;Research Support, N.I.H., Extramural
31119153	2019	Biomed Res Int	Stock CJW	Bromodomain and Extraterminal (BET) Protein Inhibition Restores Redox Balance and Inhibits Myofibroblast Activation.	P13_lung_immune_chip	Journal Article
30894058	2019	Autophagy	Laha D	KLF2 (kruppel-like factor 2 [lung]) regulates osteoclastogenesis by modulating autophagy.	P13_lung_immune_chip	Journal Article;Research Support, N.I.H., Extramural
30994266	2019	Immun Inflamm Dis	Kanagalingam T	IL-2 modulates Th2 cell responses to glucocorticosteroid: A cause of persistent type 2 inflammation?	P13_lung_immune_chip	Journal Article;Research Support, Non-U.S. Gov't
30911072	2019	Cell Death Dis	Yuan W	TAZ sensitizes EGFR wild-type non-small-cell lung cancer to gefitinib by promoting amphiregulin transcription.	P13_lung_immune_chip	Journal Article;Research Support, Non-U.S. Gov't
30885360	2019	Adv Cancer Res	Bacolod MD	Pathways- and epigenetic-based assessment of relative immune infiltration in various types of solid tumors.	P13_lung_immune_chip	Journal Article;Research Support, Non-U.S. Gov't
31115562	2019	Oncol Rep	Xia Y	miR‑497 suppresses malignant phenotype in non‑small cell lung cancer via targeting KDR.	P14_variant_tf_binding	Journal Article
30995936	2019	Biol Res	He Y	PELI3 mediates pro-tumor actions of down-regulated miR-365a-5p in non-small cell lung cancer.	P14_variant_tf_binding	Journal Article
31492847	2019	Oncogenesis	Yang Y	Reciprocal regulatory mechanism between miR-214-3p and FGFR1 in FGFR1-amplified lung cancer.	P14_variant_tf_binding	Journal Article
31010333	2019	Artif Cells Nanomed Biotechnol	Zhang L	Long noncoding RNA LINC-PINT inhibits non-small cell lung cancer progression through sponging miR-218-5p/PDCD4.	P14_variant_tf_binding	Journal Article;Retracted Publication
31252267	2019	Biomed Pharmacother	Jiao P	SNHG14 silencing suppresses the progression and promotes cisplatin sensitivity in non-small cell lung cancer.	P14_variant_tf_binding	Journal Article
31561125	2019	Mol Ther Nucleic Acids	Li C	Crosstalk of mRNA, miRNA, lncRNA, and circRNA and Their Regulatory Pattern in Pulmonary Fibrosis.	P14_variant_tf_binding	Journal Article
31819489	2019	Onco Targets Ther	Yang Y	RRM2 Regulated By LINC00667/miR-143-3p Signal Is Responsible For Non-Small Cell Lung Cancer Cell Progression.	P14_variant_tf_binding	Journal Article
30569167	2019	Mol Med Rep	Sun J	MiR‑495 suppresses cell proliferation by directly targeting HMGA2 in lung cancer.	P14_variant_tf_binding	Journal Article
31825519	2019	Folia Histochem Cytobiol	Meng L	MiR-539-5p alleviates sepsis-induced acute lung injury by targeting ROCK1.	P14_variant_tf_binding	Journal Article
31114230	2019	Onco Targets Ther	Sun H	FAM111B, a direct target of p53, promotes the malignant process of lung adenocarcinoma.	P15_direct_targets	Journal Article
29615147	2019	Oncol Res	Dou L	miR-223-5p Suppresses Tumor Growth and Metastasis in Non-Small Cell Lung Cancer by Targeting E2F8.	P15_direct_targets	Journal Article
30703266	2019	Stem Cells	Xu W	FOXD3 Suppresses Tumor-Initiating Features in Lung Cancer via Transcriptional Repression of WDR5.	P15_direct_targets	Journal Article;Research Support, Non-U.S. Gov't
30727918	2019	Anticancer Agents Med Chem	Akgun S	NF-κB-Induced Upregulation of miR-548as-3p Increases Invasion of NSCLC by Targeting PTEN.	P15_direct_targets	Journal Article;Research Support, Non-U.S. Gov't
30679988	2019	Exp Ther Med	Zhao D	MicroRNA-361-3p regulates retinoblastoma cell proliferation and stemness by targeting hedgehog signaling.	P15_direct_targets	Journal Article
31150989	2019	Biomed Pharmacother	An YX	STAT3-induced long noncoding RNA LINC00668 promotes migration and invasion of non-small cell lung cancer via the miR-193a/KLF7 axis.	P15_direct_targets	Journal Article
30942957	2019	FEBS J	Li X	MicroRNA-520c-3p functions as a novel tumor suppressor in lung adenocarcinoma.	P15_direct_targets	Journal Article;Research Support, Non-U.S. Gov't
31106044	2019	PeerJ	Liu Y	Integrated analysis reveals five potential ceRNA biomarkers in human lung adenocarcinoma.	P15_direct_targets	Journal Article
30816536	2019	Mol Med Rep	Zhuang B	MicroRNA‑629 inhibition suppresses the viability and invasion of non‑small cell lung cancer cells by directly targeting RUNX3.	P15_direct_targets	Journal Article;Retracted Publication
31719172	2019	Sci Signal	Morikawa M	The ALK-1/SMAD/ATOH8 axis attenuates hypoxic responses and protects against the development of pulmonary arterial hypertension.	P15_direct_targets	Journal Article;Research Support, Non-U.S. Gov't
31147293	2019	EBioMedicine	Chen D	FOX-A1 contributes to acquisition of chemoresistance in human lung adenocarcinoma via transactivation of SOX5.	P15_direct_targets	Journal Article
30755230	2019	J Exp Clin Cancer Res	Luo P	MiR-223-3p functions as a tumor suppressor in lung squamous cell carcinoma by miR-223-3p-mutant p53 regulatory feedback loop.	P15_direct_targets	Journal Article
31491838	2019	Int J Mol Sci	Aryappalli P	Inhibition of Tyrosine-Phosphorylated STAT3 in Human Breast and Lung Cancer Cells by Manuka Honey is Mediated by Selective Antagonism of the IL-6 Receptor.	P15_direct_targets	Journal Article
31071528	2019	Mol Ther Nucleic Acids	Sun W	MicroRNA-3648 Is Upregulated to Suppress TCF21, Resulting in Promotion of Invasion and Metastasis of Human Bladder Cancer.	P15_direct_targets	Journal Article
33298086	2020	Cancer Cell Int	Liu J	The interplay between ATF2 and NEAT1 contributes to lung adenocarcinoma progression.	P1_lung_chip_tf	Journal Article
31658996	2020	Mol Cell Biol	Voronkova MA	The SOX9-Aldehyde Dehydrogenase Axis Determines Resistance to Chemotherapy in Non-Small-Cell Lung Cancer.	P1_lung_chip_tf	Journal Article;Research Support, N.I.H., Extramural
33015591	2020	iScience	Desterke C	PPARγ Cistrome Repression during Activation of Lung Monocyte-Macrophages in Severe COVID-19.	P1_lung_chip_tf	Journal Article
32855269	2020	Mol Cancer Res	Song S	Loss of SWI/SNF Chromatin Remodeling Alters NRF2 Signaling in Non-Small Cell Lung Carcinoma.	P1_lung_chip_tf	Journal Article;Research Support, N.I.H., Extramural;Research Support, Non-U.S. Gov't
32762943	2020	Biochem Biophys Res Commun	Zheng G	E2F1-induced ferritin heavy chain 1 pseudogene 3 (FTH1P3) accelerates non-small cell lung cancer gefitinib resistance.	P1_lung_chip_tf	Journal Article;Research Support, Non-U.S. Gov't
33097055	2020	Cell Commun Signal	Dong Q	Lactate-induced MRP1 expression contributes to metabolism-based etoposide resistance in non-small cell lung cancer cells.	P1_lung_chip_tf	Journal Article;Research Support, Non-U.S. Gov't
31900217	2020	Stem Cell Res Ther	Feng Y	Effect of hCMSCs and liraglutide combination in ALI through cAMP/PKAc/β-catenin signaling pathway.	P2_lung_chip_disease	Journal Article;Research Support, Non-U.S. Gov't;Retracted Publication
31903140	2020	Theranostics	Zhang Q	Mdig promotes oncogenic gene expression through antagonizing repressive histone methylation markers.	P2_lung_chip_disease	Journal Article;Research Support, N.I.H., Extramural
32812343	2020	J Cell Mol Med	Chen JH	Long non-coding RNA MALAT1 targeting STING transcription promotes bronchopulmonary dysplasia through regulation of CREB.	P2_lung_chip_disease	Journal Article;Research Support, Non-U.S. Gov't
31833571	2020	Allergy	Ye L	A critical role for c-Myc in group 2 innate lymphoid cell activation.	P2_lung_chip_disease	Journal Article;Research Support, N.I.H., Extramural
32051591	2020	Nature	Wheeler MA	MAFG-driven astrocytes promote CNS inflammation.	P3_lung_tf_names	Journal Article
32375051	2020	Cell Rep	Toledo EM	Srebf1 Controls Midbrain Dopaminergic Neurogenesis.	P3_lung_tf_names	Journal Article;Research Support, Non-U.S. Gov't
32619460	2020	Gastroenterology	Jiang YY	TP63, SOX2, and KLF5 Establish a Core Regulatory Circuitry That Controls Epigenetic and Transcription Patterns in Esophageal Squamous Cell Carcinoma Cell Lines.	P3_lung_tf_names	Journal Article;Research Support, N.I.H., Extramural;Research Support, Non-U.S. Gov't
31895944	2020	PLoS Genet	Piggin CL	ELF5 modulates the estrogen receptor cistrome in breast cancer.	P3_lung_tf_names	Journal Article;Research Support, Non-U.S. Gov't
31969356	2020	Development	Yu Y	Regulation of embryonic and adult neurogenesis by Ars2.	P3_lung_tf_names	Journal Article;Research Support, N.I.H., Extramural;Research Support, Non-U.S. Gov't
33332417	2020	PLoS One	Barberi T	C/EBPα induces Ebf1 gene expression in common lymphoid progenitors.	P3_lung_tf_names	Journal Article;Research Support, N.I.H., Extramural;Research Support, Non-U.S. Gov't
31838646	2020	Cerebellum	Fraser J	Common Regulatory Targets of NFIA, NFIX and NFIB during Postnatal Cerebellar Development.	P3_lung_tf_names	Journal Article
32142663	2020	Cell Stem Cell	Ringel T	Genome-Scale CRISPR Screening in Human Intestinal Organoids Identifies Drivers of TGF-β Resistance.	P4_encode_cellline	Journal Article;Research Support, Non-U.S. Gov't
33447366	2020	Toxicol Res (Camb)	Zhou Z	LncRNA-ENST00000446135 is a novel biomarker of cadmium toxicity in 16HBE cells, rats, and Cd-exposed workers and regulates DNA damage and repair.	P4_encode_cellline	Journal Article
32711097	2020	Cancer Lett	Hases L	Intestinal estrogen receptor beta suppresses colon inflammation and tumorigenesis in both sexes.	P4_encode_cellline	Journal Article;Research Support, N.I.H., Extramural;Research Support, Non-U.S. Gov't
31688895	2020	Bioinformatics	Cheng Q	YY1 is a cis-regulator in the organoid models of high mammographic density.	P4_encode_cellline	Journal Article;Research Support, N.I.H., Extramural;Research Support, U.S. Gov't, Non-P.H.S.
32929331	2020	Theranostics	Zhang J	Targeted inhibition of KDM6 histone demethylases eradicates tumor-initiating cells via enhancer reprogramming in colorectal cancer.	P4_encode_cellline	Journal Article;Research Support, Non-U.S. Gov't
32467991	2020	Mol Med Rep	He J	Transcription factor AP‑2α negatively regulates thymic stromal lymphopoietin expression in respiratory syncytial virus infection.	P4_encode_cellline	Journal Article
32393270	2020	Mol Cancer	Jin X	LncRNA TROJAN promotes proliferation and resistance to CDK4/6 inhibitor via CDK2 transcriptional activation in ER+ breast cancer.	P4_encode_cellline	Journal Article;Research Support, Non-U.S. Gov't
32373970	2020	Eur Rev Med Pharmacol Sci	Meng QZ	METTL3 promotes the progression of nasopharyngeal carcinoma through mediating M6A modification of EZH2.	P4_encode_cellline	Journal Article;Retracted Publication
32139118	2020	Biochem Biophys Res Commun	Yang L	MLL2 regulates glucocorticoid receptor-mediated transcription of ENACα in human retinal pigment epithelial cells.	P4_encode_cellline	Journal Article;Research Support, Non-U.S. Gov't
32096155	2020	Eur Rev Med Pharmacol Sci	Zhou T	Long non-coding RNA ANCR promotes progression of NSCLC by inhibiting E-Ca expression.	P4_encode_cellline	Journal Article;Retracted Publication
32586342	2020	Cell Commun Signal	Dietinger V	Wnt-driven LARGE2 mediates laminin-adhesive O-glycosylation in human colonic epithelial cells and colorectal cancer.	P4_encode_cellline	Journal Article;Research Support, Non-U.S. Gov't
33014158	2020	Oncol Lett	Li S	Demethylation of HACE1 gene promoter by propofol promotes autophagy of human A549 cells.	P4_encode_cellline	Journal Article
33291363	2020	Cancers (Basel)	Lachat C	EZH2 and KDM6B Expressions Are Associated with Specific Epigenetic Signatures during EMT in Non Small Cell Lung Carcinomas.	P4_encode_cellline	Journal Article
33090513	2020	J Appl Toxicol	Wei W	Water-soluble fraction of particulate matter <2.5 μm promoted lung epithelia cells apoptosis by regulating the expression of caveolin-1 and Krüppel-like factor 5.	P4_encode_cellline	Journal Article
33034909	2020	Microbiol Immunol	Geng F	High mobility group nucleosomal binding 2 reduces integrin α5/β1-mediated adhesion of Klebsiella pneumoniae on human pulmonary epithelial cells via nuclear factor I.	P4_encode_cellline	Journal Article
33033902	2020	Mol Biol Rep	Chen X	Transcription factor Kruppel-like factor 5 positively regulates the expression of AarF domain containing kinase 4.	P4_encode_cellline	Journal Article
32402246	2020	Mol Ther	Suzuki S	Highly Efficient Gene Editing of Cystic Fibrosis Patient-Derived Airway Basal Cells Results in Functional CFTR Correction.	P5_lung_atac_footprint	Journal Article;Research Support, N.I.H., Extramural;Research Support, Non-U.S. Gov't
31980751	2020	Nat Protoc	Kaul A	Identifying statistically significant chromatin contacts from Hi-C data with FitHiC2.	P6_lung_3d	Journal Article;Research Support, N.I.H., Extramural
33188283	2020	Commun Biol	Helling BA	Altered transcriptional and chromatin responses to rhinovirus in bronchial epithelial cells from adults with asthma.	P6_lung_3d	Journal Article;Research Support, N.I.H., Extramural
32614429	2020	Carcinogenesis	Cheng L	Genetic variants in the human leukocyte antigen region and survival of Chinese patients with non-small cell lung carcinoma.	P6_lung_3d	Journal Article;Research Support, Non-U.S. Gov't
32327564	2020	Genetics	Mak ACY	Lung Function in African American Children with Asthma Is Associated with Novel Regulatory Variants of the KIT Ligand KITLG/SCF and Gene-By-Air-Pollution Interaction.	P6_lung_3d	Journal Article;Research Support, N.I.H., Extramural;Research Support, Non-U.S. Gov't
31956354	2020	J Cancer	Ji P	Systematic analyses of genetic variants in chromatin interaction regions identified four novel lung cancer susceptibility loci.	P6_lung_3d	Journal Article
32723749	2020	Ann Rheum Dis	Kwon YC	Genome-wide association study in a Korean population identifies six novel susceptibility loci for rheumatoid arthritis.	P6_lung_3d	Journal Article;Research Support, Non-U.S. Gov't
32106092	2020	J Mol Endocrinol	Jain L	3D interactions with the growth hormone locus in cellular signalling and cancer-related pathways.	P6_lung_3d	Journal Article;Research Support, Non-U.S. Gov't
31744829	2020	Cancer Discov	Li F	In Vivo Epigenetic CRISPR Screen Identifies Asf1a as an Immunotherapeutic Target in Kras-Mutant Lung Adenocarcinoma.	P7_perturbseq	Journal Article;Research Support, N.I.H., Extramural
32302524	2020	Cell Host Microbe	Tian S	Genome-Wide CRISPR Screen Identifies Semaphorin 6A and 6B as Receptors for Paeniclostridium sordellii Toxin TcsL.	P7_perturbseq	Journal Article;Research Support, N.I.H., Extramural;Research Support, Non-U.S. Gov't
32300176	2020	Oncogene	Huang M	Genome-wide CRISPR screen uncovers a synergistic effect of combining Haspin and Aurora kinase B inhibition.	P7_perturbseq	Journal Article;Research Support, N.I.H., Extramural;Research Support, Non-U.S. Gov't
33157015	2020	Mol Cell	Bieging-Rolett KT	Zmat3 Is a Key Splicing Regulator in the p53 Tumor Suppression Program.	P7_perturbseq	Journal Article;Research Support, N.I.H., Extramural;Research Support, Non-U.S. Gov't
32075772	2020	Cell Rep	Cai MY	Cooperation of the ATM and Fanconi Anemia/BRCA Pathways in Double-Strand Break End Resection.	P7_perturbseq	Journal Article;Research Support, N.I.H., Extramural;Research Support, Non-U.S. Gov't;Research Support, U.S. Gov't, Non-P.H.S.
32024681	2020	Cancer Discov	Menzel J	Epigenetic Modulation of the Tumor Immune Microenvironment to Potentiate Immune Checkpoint Blockade Therapy.	P7_perturbseq	Journal Article;Research Support, N.I.H., Extramural;Comment
32929382	2020	Theranostics	Zhang Y	LncRNA DSCAM-AS1 interacts with YBX1 to promote cancer progression by forming a positive feedback loop that activates FOXA1 transcription network.	P8_tf_perturb_rna	Journal Article;Research Support, Non-U.S. Gov't
32307915	2020	Wiley Interdiscip Rev Syst Biol Med	Silverman EK	Molecular networks in Network Medicine: Development and applications.	P9_lung_ppi	Journal Article;Research Support, N.I.H., Extramural;Research Support, Non-U.S. Gov't;Review
33001583	2020	Thorac Cancer	Mao CG	BCAR1 promotes proliferation and cell growth in lung adenocarcinoma via upregulation of POLR2A.	P9_lung_ppi	Journal Article;Research Support, Non-U.S. Gov't
32903271	2020	PLoS One	Tong J	Cancer proteome and metabolite changes linked to SHMT2.	P9_lung_ppi	Journal Article;Research Support, Non-U.S. Gov't
32727735	2020	Cancer Discov	Kelly MR	Combined Proteomic and Genetic Interaction Mapping Reveals New RAS Effector Pathways and Susceptibilities.	P9_lung_ppi	Journal Article;Research Support, N.I.H., Extramural;Research Support, Non-U.S. Gov't
32030316	2020	PeerJ	Wu M	Protein expression profile changes of lung tissue in patients with pulmonary hypertension.	P9_lung_ppi	Journal Article
32859985	2020	Sci Rep	Patidar PL	XRN2 interactome reveals its synthetic lethal relationship with PARP1 inhibition.	P9_lung_ppi	Journal Article;Research Support, N.I.H., Extramural
32241891	2020	Proc Natl Acad Sci U S A	Aznaourova M	Noncoding RNA MaIL1 is an integral component of the TLR4-TRIF pathway.	P9_lung_ppi	Journal Article;Research Support, Non-U.S. Gov't
31728542	2020	Rheumatology (Oxford)	Betteridge Z	Identification of a novel autoantigen eukaryotic initiation factor 3 associated with polymyositis.	P9_lung_ppi	Comparative Study;Journal Article;Research Support, Non-U.S. Gov't
32856055	2020	Biosci Rep	Liao L	Bioinformatics analysis of the potential biomarkers for acute respiratory distress syndrome.	P9_lung_ppi	Journal Article;Research Support, Non-U.S. Gov't
33299006	2020	Sci Rep	Colozza G	Wnt-inducible Lrp6-APEX2 interacting proteins identify ESCRT machinery and Trk-fused gene as components of the Wnt signaling pathway.	P9_lung_ppi	Journal Article;Research Support, N.I.H., Extramural;Research Support, Non-U.S. Gov't
31986926	2020	Expert Rev Proteomics	Zilocchi M	Misconnecting the dots: altered mitochondrial protein-protein interactions and their role in neurodegenerative disorders.	P10_global_ppi	Journal Article;Review
32984079	2020	Front Cell Infect Microbiol	Santiago PB	Proteomic Mapping of Multifunctional Complexes Within Triatomine Saliva.	P10_global_ppi	Journal Article;Research Support, Non-U.S. Gov't
32511329	2020	bioRxiv	Gordon DE	A SARS-CoV-2-Human Protein-Protein Interaction Map Reveals Drug Targets and Potential Drug-Repurposing.	P10_global_ppi	Journal Article;Preprint
32575886	2020	Genes (Basel)	Poverennaya E	Predicting Functions of Uncharacterized Human Proteins: From Canonical to Proteoforms.	P10_global_ppi	Journal Article;Research Support, Non-U.S. Gov't
32591639	2020	Sci Rep	Kothari C	Machine learning analysis identifies genes differentiating triple negative breast cancers.	P10_global_ppi	Journal Article;Research Support, Non-U.S. Gov't
33017654	2020	Microb Pathog	Amiri-Dashatan N	Quantitative proteomic analysis reveals differentially expressed proteins in Leishmania major metacyclogenesis.	P10_global_ppi	Journal Article
32878211	2020	Diagnostics (Basel)	Latosinska A	Molecular Changes in Tissue Proteome during Prostate Cancer Development: Proof-of-Principle Investigation.	P10_global_ppi	Journal Article
32307268	2020	J Integr Med	Zhang ZJ	Active constituents and mechanisms of Respiratory Detox Shot, a traditional Chinese medicine prescription, for COVID-19 control and prevention: Network-molecular docking-LC-MS(E) analysis.	P10_global_ppi	Journal Article;Research Support, Non-U.S. Gov't
32718019	2020	Biology (Basel)	Tessier TM	Piggybacking on Classical Import and Other Non-Classical Mechanisms of Nuclear Import Appear Highly Prevalent within the Human Proteome.	P10_global_ppi	Journal Article
32457219	2020	Diabetes	Tran DT	Unbiased Profiling of the Human Proinsulin Biosynthetic Interaction Network Reveals a Role for Peroxiredoxin 4 in Proinsulin Folding.	P10_global_ppi	Journal Article;Research Support, N.I.H., Extramural;Research Support, Non-U.S. Gov't
32987815	2020	Int J Mol Sci	Li H	Rho GTPase ROP1 Interactome Analysis Reveals Novel ROP1-Associated Pathways for Pollen Tube Polar Growth in Arabidopsis.	P10_global_ppi	Journal Article
31397940	2020	Rapid Commun Mass Spectrom	Chang KC	Identification of carbonylated proteins in a bactericidal process induced by curcumin with blue light irradiation on imipenem-resistant Acinetobacter baumannii.	P10_global_ppi	Journal Article
32442275	2020	Nucleic Acids Res	Li T	TIMER2.0 for analysis of tumor-infiltrating immune cells.	P11_catalogs	Journal Article;Research Support, Non-U.S. Gov't;Research Support, U.S. Gov't, Non-P.H.S.
32728248	2020	Nature	Snyder MP	Perspectives on ENCODE.	P11_catalogs	Journal Article;Research Support, N.I.H., Extramural
31665499	2020	Nucleic Acids Res	Chèneby J	ReMap 2020: a database of regulatory regions from an integrative analysis of Human and Arabidopsis DNA-binding sequencing experiments.	P11_catalogs	Journal Article;Research Support, Non-U.S. Gov't
32728046	2020	Nat Commun	Zhang J	An integrative ENCODE resource for cancer genomics.	P11_catalogs	Journal Article;Research Support, N.I.H., Extramural;Research Support, Non-U.S. Gov't
33347457	2020	PLoS One	Sharipov RN	Assessment of transcriptional importance of cell line-specific features based on GTRD and FANTOM5 data.	P11_catalogs	Journal Article;Research Support, Non-U.S. Gov't
33370256	2020	PLoS Comput Biol	Ronzio M	On the NF-Y regulome as in ENCODE (2019).	P11_catalogs	Journal Article;Research Support, Non-U.S. Gov't
31754708	2020	Nucleic Acids Res	Lin QXX	TFregulomeR reveals transcription factors' context-specific features and functions.	P11_catalogs	Journal Article;Research Support, Non-U.S. Gov't
32814038	2020	Cell Rep	Funk CC	Atlas of Transcription Factor Binding Sites from ENCODE DNase Hypersensitivity Data across 27 Tissue Types.	P11_catalogs	Journal Article;Research Support, N.I.H., Extramural
33213447	2020	BMC Med Genomics	Kołat D	Functional genomics of AP-2α and AP-2γ in cancers: in silico study.	P11_catalogs	Comparative Study;Journal Article
32953885	2020	Biomed Res Int	Sun YL	A Prognostic Model Based on Six Metabolism-Related Genes in Colorectal Cancer.	P11_catalogs	Journal Article
32884943	2020	Biomed Res Int	Jiang Y	Development of an Immune-Related Risk Signature in Patients with Bladder Urothelial Carcinoma.	P11_catalogs	Journal Article
31942977	2020	Database (Oxford)	Czipa E	ChIPSummitDB: a ChIP-seq-based database of human transcription factor binding sites and the topological arrangements of the proteins bound to them.	P11_catalogs	Dataset;Journal Article;Research Support, Non-U.S. Gov't
32060051	2020	Genome Res	Kang Y	Dual threshold optimization and network inference reveal convergent evidence from TF binding locations and TF perturbation responses.	P11_catalogs	Journal Article;Research Support, N.I.H., Extramural
32663767	2020	Int Immunopharmacol	El-Arabey AA	SnapShot: TP53 status and macrophages infiltration in TCGA-analyzed tumors.	P11_catalogs	Journal Article
32788867	2020	Int J Med Sci	Sun YL	A Prognostic Model Based on the Immune-related Genes in Colon Adenocarcinoma.	P11_catalogs	Journal Article
33193571	2020	Front Genet	Pei J	Identification and Validation of an Immunological Expression-Based Prognostic Signature in Breast Cancer.	P11_catalogs	Journal Article
33570992	2020	Behav Neurosci	Ghosh M	Instantaneous amplitude and shape of postrhinal theta oscillations differentially encode running speed.	P11_catalogs	Journal Article
32989157	2020	Proc Natl Acad Sci U S A	Hunter AL	Nuclear receptor REVERBα is a state-dependent regulator of liver energy metabolism.	P11_catalogs	Journal Article;Research Support, Non-U.S. Gov't
33585235	2020	Front Oncol	Huang R	Construction of Bone Metastasis-Specific Regulation Network Based on Prognostic Stemness-Related Signatures in Breast Invasive Carcinoma.	P11_catalogs	Journal Article
31967986	2020	Med Sci Monit	Jing QB	Clinical Significance and Potential Regulatory Mechanisms of Serum Response Factor in 1118 Cases of Thyroid Cancer Based on Gene Chip and RNA-Sequencing Data.	P11_catalogs	Journal Article
33313328	2020	Mol Biol Res Commun	Pakhrou O	Using two retrotransposon-based marker systems (SRAP and REMAP) for genetic diversity analysis of Moroccan Argan tree.	P11_catalogs	Journal Article
32412910	2020	Aging (Albany NY)	Gao M	NAC1 attenuates BCL6 negative autoregulation and functions as a BCL6 coactivator of FOXQ1 transcription in cancer cells.	P11_catalogs	Journal Article;Research Support, Non-U.S. Gov't
33062408	2020	PeerJ	Tang R	The role of m6A-related genes in the prognosis and immune microenvironment of pancreatic adenocarcinoma.	P11_catalogs	Journal Article
33042464	2020	Am J Transl Res	Li R	Identification and validation of the prognostic value of immune-related genes in non-small cell lung cancer.	P11_catalogs	Journal Article
32117432	2020	Front Genet	Mishra GP	BedSect: An Integrated Web Server Application to Perform Intersection, Visualization, and Functional Annotation of Genomic Regions From Multiple Datasets.	P11_catalogs	Journal Article
32168782	2020	Int J Mol Sci	Erdős E	NR2F2 Orphan Nuclear Receptor is Involved in Estrogen Receptor Alpha-Mediated Transcriptional Regulation in Luminal A Breast Cancer Cells.	P11_catalogs	Journal Article
32514254	2020	Cancer Cell Int	Lv L	Downexpression of HSD17B6 correlates with clinical prognosis and tumor immune infiltrates in hepatocellular carcinoma.	P11_catalogs	Journal Article
31860771	2020	J Gene Med	Chen W	Expression, immune infiltration and clinical significance of SPAG5 in hepatocellular carcinoma: A gene expression-based study.	P11_catalogs	Journal Article
33292199	2020	Cancer Cell Int	Zhou C	Identification of an immune gene signature for predicting the prognosis of patients with uterine corpus endometrial carcinoma.	P11_catalogs	Journal Article
33014809	2020	Front Oncol	Li R	Identification of a Prognostic Model Based on Immune-Related Genes of Lung Squamous Cell Carcinoma.	P11_catalogs	Journal Article
33374641	2020	Int J Mol Sci	Han S	Identifying the p65-Dependent Effect of Sulforaphene on Esophageal Squamous Cell Carcinoma Progression via Bioinformatics Analysis.	P11_catalogs	Journal Article
32212850	2020	Arterioscler Thromb Vasc Biol	Li Z	Runx2 (Runt-Related Transcription Factor 2)-Mediated Microcalcification Is a Novel Pathological Characteristic and Potential Mediator of Abdominal Aortic Aneurysm.	P11_catalogs	Journal Article;Research Support, Non-U.S. Gov't
33293474	2020	Aging (Albany NY)	Hsiao YJ	MITF functions as a tumor suppressor in non-small cell lung cancer beyond the canonically oncogenic role.	P12_mouse_lung_chip	Journal Article;Research Support, Non-U.S. Gov't
32873634	2020	Cancer Res	Timofeev O	Phosphorylation Control of p53 DNA-Binding Cooperativity Balances Tumorigenesis and Aging.	P12_mouse_lung_chip	Journal Article;Research Support, Non-U.S. Gov't;Comment
32972446	2020	Mol Brain	Cai LJ	LncRNA MALAT1 facilitates inflammasome activation via epigenetic suppression of Nrf2 in Parkinson's disease.	P12_mouse_lung_chip	Journal Article;Research Support, Non-U.S. Gov't
32052077	2020	Arch Toxicol	Fujioka M	Dimethylarsinic acid (DMA) enhanced lung carcinogenesis via histone H3K9 modification in a transplacental mouse model.	P12_mouse_lung_chip	Journal Article;Research Support, Non-U.S. Gov't
31792077	2020	Infect Immun	Kennedy JM	ZBTB7B (ThPOK) Is Required for Pathogenesis of Cerebral Malaria and Protection against Pulmonary Tuberculosis.	P12_mouse_lung_chip	Journal Article
33042615	2020	Am J Cancer Res	Zou GL	The role of Nrf2/PIWIL2/purine metabolism axis in controlling radiation-induced lung fibrosis.	P12_mouse_lung_chip	Journal Article
33343379	2020	Front Physiol	Yuan H	Histone Deacetylase 3-Mediated Inhibition of microRNA-19a-3p Facilitates the Development of Rheumatoid Arthritis-Associated Interstitial Lung Disease.	P12_mouse_lung_chip	Journal Article
32696626	2020	J Biol Regul Homeost Agents	Wang WL	Effects of fine particulate PM(2.5) on emphysema of mice via regulating FOXO3A/BIM axis.	P12_mouse_lung_chip	Journal Article
32473645	2020	Mol Cancer	Chen J	LINC00173.v1 promotes angiogenesis and progression of lung squamous cell carcinoma by sponging miR-511-5p to regulate VEGFA expression.	P13_lung_immune_chip	Journal Article;Research Support, Non-U.S. Gov't
32373233	2020	Theranostics	Sun L	miR-182-3p/Myadm contribute to pulmonary artery hypertension vascular remodeling via a KLF4/p21-dependent mechanism.	P13_lung_immune_chip	Journal Article;Research Support, Non-U.S. Gov't
32878637	2020	Genome Med	Sun CC	FOXC1-mediated LINC00301 facilitates tumor progression and triggers an immune-suppressing microenvironment in non-small cell lung cancer by regulating the HIF1α pathway.	P13_lung_immune_chip	Journal Article;Research Support, Non-U.S. Gov't
31647966	2020	J Allergy Clin Immunol	Sun L	Particulate matter of 2.5 μm or less in diameter disturbs the balance of T(H)17/regulatory T cells by targeting glutamate oxaloacetate transaminase 1 and hypoxia-inducible factor 1α in an asthma model.	P13_lung_immune_chip	Journal Article;Research Support, Non-U.S. Gov't
32356397	2020	Mol Oncol	He M	Estrogen receptor α promotes lung cancer cell invasion via increase of and cross-talk with infiltrated macrophages through the CCL2/CCR2/MMP9 and CXCL12/CXCR4 signaling pathways.	P13_lung_immune_chip	Journal Article
32021297	2020	Onco Targets Ther	Yao J	circGFRA1 Enhances NSCLC Progression by Sponging miR-188-3p.	P14_variant_tf_binding	Journal Article
33090403	2020	Eur Rev Med Pharmacol Sci	Wang ZX	CircRNF20 aggravates the progression of non-small-cell lung carcinoma by activating MAPK9.	P14_variant_tf_binding	Journal Article
32858372	2020	Pathol Res Pract	Luo X	LncRNA NCK1-AS1 promotes non-small cell lung cancer progression via regulating miR-512-5p/p21 axis.	P14_variant_tf_binding	Journal Article
32142727	2020	Biochem Pharmacol	Kovacsics D	Precision-engineered reporter cell lines reveal ABCG2 regulation in live lung cancer cells.	P14_variant_tf_binding	Journal Article;Research Support, Non-U.S. Gov't
32386284	2020	Med Sci Monit	Xu T	CircPSMC3 Suppresses Migration and Invasion of Non-Small Cell Lung Cancer Cells via miR-182-5p/NME2 Axis.	P14_variant_tf_binding	Journal Article
33085761	2020	Acta Biochim Biophys Sin (Shanghai)	Zhang D	Circular RNA SMARCA5 suppressed non-small cell lung cancer progression by regulating miR-670-5p/RBM24 axis.	P14_variant_tf_binding	Journal Article
32648688	2020	Thorac Cancer	Du H	CEACAM6 promotes cisplatin resistance in lung adenocarcinoma and is regulated by microRNA-146a and microRNA-26a.	P14_variant_tf_binding	Journal Article;Research Support, Non-U.S. Gov't
33378022	2020	Eur Rev Med Pharmacol Sci	Li XJ	MiR-587 acts as an oncogene in non-small-cell lung carcinoma via reducing CYLD expression.	P14_variant_tf_binding	Journal Article;Research Support, Non-U.S. Gov't
31791863	2020	J Hazard Mater	Wang W	Ammonia regulates chicken tracheal cell necroptosis via the LncRNA-107053293/MiR-148a-3p/FAF1 axis.	P14_variant_tf_binding	Journal Article;Research Support, Non-U.S. Gov't
33109222	2020	Diagn Pathol	Zhang K	Circ_0001421 facilitates glycolysis and lung cancer development by regulating miR-4677-3p/CDCA3.	P14_variant_tf_binding	Journal Article
32772818	2020	Technol Cancer Res Treat	Wang K	miRNA-9 Inhibits Proliferation and Migration of Lung Squamous Cell Carcinoma Cells by Regulating NRSF/EGFR.	P14_variant_tf_binding	Journal Article;Research Support, Non-U.S. Gov't
32556677	2020	Biochem Genet	Li F	Long Non-coding RNA MIAT Mediates Non-small Cell Lung Cancer Development Through Regulating the miR-128-3p/PELI3 Axis.	P14_variant_tf_binding	Journal Article
32440218	2020	Cancer Manag Res	Wang L	SNHG7 Contributes to the Progression of Non-Small-Cell Lung Cancer via the SNHG7/miR-181a-5p/E2F7 Axis.	P14_variant_tf_binding	Journal Article
33174014	2020	Int J Oncol	Song H	Long non‑coding RNA FEZF1‑AS1 facilitates non‑small cell lung cancer progression via the ITGA11/miR‑516b‑5p axis.	P14_variant_tf_binding	Journal Article;Observational Study
32228656	2020	J Exp Clin Cancer Res	Yu C	circFOXM1 promotes proliferation of non-small cell lung carcinoma cells by acting as a ceRNA to upregulate FAM83D.	P14_variant_tf_binding	Journal Article
33332077	2020	Acta Biochim Pol	Dong W	Dexmedetomidine alleviates pulmonary ischemia-reperfusion injury through modulating the miR-21-5p/Nr4a1 signaling pathway.	P14_variant_tf_binding	Journal Article
31917898	2020	Thorac Cancer	Li Y	CircRNA CDR1as knockdown inhibits progression of non-small-cell lung cancer by regulating miR-219a-5p/SOX5 axis.	P14_variant_tf_binding	Journal Article
33159015	2020	Aging (Albany NY)	Tang H	linc00968 inhibits the tumorigenesis and metastasis of lung adenocarcinoma via serving as a ceRNA against miR-9-5p and increasing CPEB3.	P14_variant_tf_binding	Journal Article;Research Support, Non-U.S. Gov't
32894569	2020	Eur Rev Med Pharmacol Sci	Zhang Y	LncRNA NEAT1 regulates pulmonary fibrosis through miR-9-5p and TGF-β signaling pathway.	P14_variant_tf_binding	Journal Article;Research Support, Non-U.S. Gov't
33015172	2020	Biomed Res Int	Hong W	circHIPK3 Acts as Competing Endogenous RNA and Promotes Non-Small-Cell Lung Cancer Progression through the miR-107/BDNF Signaling Pathway.	P14_variant_tf_binding	Journal Article
31906986	2020	J Exp Clin Cancer Res	Jin D	Metformin-repressed miR-381-YAP-snail axis activity disrupts NSCLC growth and metastasis.	P15_direct_targets	Journal Article;Retracted Publication
33230475	2020	Mol Ther Nucleic Acids	Mi X	M2 Macrophage-Derived Exosomal lncRNA AFAP1-AS1 and MicroRNA-26a Affect Cell Migration and Metastasis in Esophageal Cancer.	P15_direct_targets	Journal Article
31270801	2020	J Cell Physiol	Shan F	HIF1α-induced upregulation of KLF4 promotes migration of human vascular smooth muscle cells under hypoxia.	P15_direct_targets	Journal Article;Research Support, Non-U.S. Gov't
31906958	2020	BMC Med Genomics	Gao L	MiR-182-5p and its target HOXA9 in non-small cell lung cancer: a clinical and in-silico exploration with the combination of RT-qPCR, miRNA-seq and miRNA-chip.	P15_direct_targets	Journal Article;Research Support, Non-U.S. Gov't
32064170	2020	Am J Cancer Res	Fan L	Aberrant miR-1246 expression promotes radioresistance in non-small cell lung cancer: a potential prognostic biomarker and radiotherapy sensitization target.	P15_direct_targets	Journal Article;Retracted Publication
33142744	2020	Biomedicines	Choi YE	FAM188B Expression Is Critical for Cell Growth via FOXM1 Regulation in Lung Cancer.	P15_direct_targets	Journal Article
33060136	2020	Genes Dev	Daniel B	The transcription factor EGR2 is the molecular linchpin connecting STAT6 activation to the late, stable epigenomic program of alternative macrophage polarization.	P15_direct_targets	Journal Article;Research Support, N.I.H., Extramural;Research Support, Non-U.S. Gov't
32621922	2020	Life Sci	Tan S	Trehalose alleviates apoptosis by protecting the autophagy-lysosomal system in alveolar macrophages during human silicosis.	P15_direct_targets	Journal Article
33935284	2021	Cell Death Dis	Wu L	SMYD2 promotes tumorigenesis and metastasis of lung adenocarcinoma through RPS7.	P1_lung_chip_tf	Journal Article;Research Support, Non-U.S. Gov't
34082012	2021	Cell Signal	Su H	YBX1 regulated by Runx3-miR-148a-3p axis facilitates non-small-cell lung cancer progression.	P1_lung_chip_tf	Journal Article
34976785	2021	Front Oncol	Xie Q	YBX1 Enhances Metastasis and Stemness by Transcriptionally Regulating MUC1 in Lung Adenocarcinoma.	P1_lung_chip_tf	Journal Article
33719895	2021	Autophagy	Lu X	AMPK protects against alcohol-induced liver injury through UQCRC2 to up-regulate mitophagy.	P2_lung_chip_disease	Journal Article;Research Support, Non-U.S. Gov't
34157145	2021	Br J Dermatol	Wang L	Glucocorticoids promote CCL20 expression in keratinocytes.	P2_lung_chip_disease	Journal Article;Research Support, Non-U.S. Gov't
33504568	2021	Thorax	Zakarya R	BET proteins are associated with the induction of small airway fibrosis in COPD.	P2_lung_chip_disease	Journal Article;Research Support, Non-U.S. Gov't
34229599	2021	Mol Med	Cheng WH	Hypoxia-induced preadipocyte factor 1 expression in human lung fibroblasts through ERK/PEA3/c-Jun pathway.	P2_lung_chip_disease	Journal Article;Research Support, Non-U.S. Gov't
34109240	2021	ERJ Open Res	Nemani SSP	COL4A3 expression in asthmatic epithelium depends on intronic methylation and ZNF263 binding.	P2_lung_chip_disease	Journal Article
34722630	2021	Front Mol Biosci	Huang JQ	Mechanically Activated Calcium Channel PIEZO1 Modulates Radiation-Induced Epithelial-Mesenchymal Transition by Forming a Positive Feedback With TGF-β1.	P2_lung_chip_disease	Journal Article
33382170	2021	Clin Exp Allergy	Johansson E	Second-hand smoke and NFE2L2 genotype interaction increases paediatric asthma risk and severity.	P3_lung_tf_names	Journal Article;Research Support, N.I.H., Extramural
34356598	2021	Biomolecules	Głowacka A	Regulation of S100A10 Gene Expression.	P3_lung_tf_names	Journal Article;Research Support, Non-U.S. Gov't
33577795	2021	Stem Cell Reports	Rao Z	Molecular Mechanisms Underlying Ascl1-Mediated Astrocyte-to-Neuron Conversion.	P3_lung_tf_names	Journal Article;Research Support, Non-U.S. Gov't
33823236	2021	Semin Cancer Biol	Bi Z	Cooperation between NRF2-mediated transcription and MDIG-dependent epigenetic modifications in arsenic-induced carcinogenesis and cancer stem cells.	P3_lung_tf_names	Journal Article;Research Support, N.I.H., Extramural;Review
33320934	2021	Brief Bioinform	Subkhankulova T	Novel ChIP-seq simulating program with superior versatility: isChIP.	P3_lung_tf_names	Journal Article;Research Support, Non-U.S. Gov't
33785741	2021	Nat Commun	Baca SC	Reprogramming of the FOXA1 cistrome in treatment-emergent neuroendocrine prostate cancer.	P3_lung_tf_names	Journal Article;Research Support, N.I.H., Extramural;Research Support, Non-U.S. Gov't;Research Support, U.S. Gov't, Non-P.H.S.
34146197	2021	Mol Biol Rep	Qu X	ELF5 inhibits the proliferation and invasion of breast cancer cells by regulating CD24.	P3_lung_tf_names	Journal Article
34722892	2021	Open Med (Wars)	Liang Y	Superenhancer-transcription factor regulatory network in malignant tumors.	P3_lung_tf_names	Journal Article
33420376	2021	Oncogene	Chen D	Nonlinear relationship between chromatin accessibility and estradiol-regulated gene expression.	P3_lung_tf_names	Journal Article;Research Support, Non-U.S. Gov't
33903675	2021	Sci Rep	Lemma RB	Chromatin occupancy and target genes of the haematopoietic master transcription factor MYB.	P3_lung_tf_names	Journal Article
33693707	2021	Hum Mol Genet	Edelman HE	SOX9 modulates cancer biomarker and cilia genes in pancreatic cancer.	P3_lung_tf_names	Journal Article;Research Support, N.I.H., Extramural
33530829	2021	RNA Biol	Yue M	NEDD4 triggers FOXA1 ubiquitination and promotes colon cancer progression under microRNA-340-5p suppression and ATF1 upregulation.	P3_lung_tf_names	Journal Article
33469230	2021	Cell Death Differ	Liu J	TEAD1 protects against necroptosis in postmitotic cardiomyocytes through regulation of nuclear DNA-encoded mitochondrial genes.	P3_lung_tf_names	Journal Article;Research Support, N.I.H., Extramural;Research Support, Non-U.S. Gov't
33750801	2021	Nat Commun	He Y	A noncanonical AR addiction drives enzalutamide resistance in prostate cancer.	P3_lung_tf_names	Journal Article;Research Support, N.I.H., Extramural;Research Support, Non-U.S. Gov't
34359888	2021	Cells	Thalheim T	Epigenetic Drifts during Long-Term Intestinal Organoid Culture.	P4_encode_cellline	Journal Article;Research Support, Non-U.S. Gov't
33184061	2021	J Biol Chem	Mostafa MM	Genomic determinants implicated in the glucocorticoid-mediated induction of KLF9 in pulmonary epithelial cells.	P4_encode_cellline	Journal Article;Research Support, Non-U.S. Gov't
33478486	2021	Respir Res	Karolak JA	Potential interactions between the TBX4-FGF10 and SHH-FOXF1 signaling during human lung development revealed using ChIP-seq.	P4_encode_cellline	Journal Article
34539188	2021	Cancer Manag Res	Li X	Comprehensive Analysis to Identify Enhancer-Regulated Inflammation-Associated Genes in Lung Adenocarcinoma.	P4_encode_cellline	Journal Article
33239422	2021	J Immunol	Zhai W	PRMT1 Modulates Processing of Asthma-Related Primary MicroRNAs (Pri-miRNAs) into Mature miRNAs in Lung Epithelial Cells.	P4_encode_cellline	Journal Article;Research Support, Non-U.S. Gov't
34629892	2021	Int J Gen Med	Li M	Identification of Prognostic Factors Related to Super Enhancer-Regulated ceRNA Network in Metastatic Lung Adenocarcinoma.	P4_encode_cellline	Journal Article
34454013	2021	Toxicol Lett	Li M	DNA adduct formation and reduced EIF4A3expression contributes to benzo[a]pyrene-induced DNA damage in human bronchial epithelial BEAS-2B cells.	P4_encode_cellline	Journal Article
34737814	2021	Exp Ther Med	Wang F	LPS-induced inflammatory response and apoptosis are mediated by Fra-1 upregulation and binding to YKL-40 in A549 cells.	P4_encode_cellline	Journal Article
34867391	2021	Front Pharmacol	Pan J	Up-Regulation of p53/miR-628-3p Pathway, a Novel Mechanism of Shikonin on Inhibiting Proliferation and Inducing Apoptosis of A549 and PC-9 Non-Small Cell Lung Cancer Cell Lines.	P4_encode_cellline	Journal Article
33923915	2021	Int J Mol Sci	Borczyk M	Role of Non-Coding Regulatory Elements in the Control of GR-Dependent Gene Expression.	P4_encode_cellline	Journal Article
33782107	2021	J Immunother Cancer	Sui Q	Dickkopf 1 impairs the tumor response to PD-1 blockade by inactivating CD8+ T cells in deficient mismatch repair colorectal cancer.	P4_encode_cellline	Journal Article;Research Support, Non-U.S. Gov't
34175886	2021	Oncogene	Xiang Z	Dexamethasone suppresses immune evasion by inducing GR/STAT3 mediated downregulation of PD-L1 and IDO1 pathways.	P4_encode_cellline	Journal Article;Research Support, Non-U.S. Gov't
33421513	2021	Gastroenterology	Liu M	Zinc-Dependent Regulation of ZEB1 and YAP1 Coactivation Promotes Epithelial-Mesenchymal Transition Plasticity and Metastasis in Pancreatic Cancer.	P4_encode_cellline	Journal Article;Research Support, N.I.H., Extramural;Research Support, Non-U.S. Gov't
34268311	2021	Front Cell Dev Biol	Guo Y	Oncogenic Chromatin Modifier KAT2A Activates MCT1 to Drive the Glycolytic Process and Tumor Progression in Renal Cell Carcinoma.	P4_encode_cellline	Journal Article
34446075	2021	Genome Biol	Fang K	NucHMM: a method for quantitative modeling of nucleosome organization identifying functional nucleosome states distinctly associated with splicing potentiality.	P4_encode_cellline	Journal Article;Research Support, N.I.H., Extramural
34204112	2021	Pathogens	Kim SS	Transcription Factor HSF1 Suppresses the Expression of Surfactant Protein D in Cells Infected with Aspergillus fumigatus.	P4_encode_cellline	Journal Article
34140780	2021	Onco Targets Ther	Li Y	G9a Regulates Cell Sensitivity to Radiotherapy via Histone H3 Lysine 9 Trimethylation and CCDC8 in Lung Cancer.	P4_encode_cellline	Journal Article
34134708	2021	BMC Med Genomics	Poppenberg KE	Epigenetic landscapes of intracranial aneurysm risk haplotypes implicate enhancer function of endothelial cells and fibroblasts in dysregulated gene expression.	P4_encode_cellline	Journal Article
33805840	2021	Biomedicines	Kang DY	Antitumor Effects of Ursolic Acid through Mediating the Inhibition of STAT3/PD-L1 Signaling in Non-Small Cell Lung Cancer Cells.	P4_encode_cellline	Journal Article
33652749	2021	Cancers (Basel)	Chan LKY	Short-Form Thymic Stromal Lymphopoietin (sfTSLP) Is the Predominant Isoform Expressed by Gynaecologic Cancers and Promotes Tumour Growth.	P4_encode_cellline	Journal Article
33649818	2021	Oncol Rep	Hu Y	LRPPRC contributes to the cisplatin resistance of lung cancer cells by regulating MDR1 expression.	P4_encode_cellline	Journal Article
33146789	2021	Cell Biol Toxicol	Bagam P	In vitro study of the role of FOXO transcription factors in regulating cigarette smoke extract-induced autophagy.	P4_encode_cellline	Journal Article;Research Support, Non-U.S. Gov't
33049301	2021	Eur J Pharmacol	Vo NT	α-Conidendrin inhibits the expression of intercellular adhesion molecule-1 induced by tumor necrosis factor-α in human lung adenocarcinoma A549 cells.	P4_encode_cellline	Journal Article
34163071	2021	Nature	Alexanian M	A transcriptional switch governs fibroblast activation in heart disease.	P5_lung_atac_footprint	Journal Article;Research Support, N.I.H., Extramural;Research Support, Non-U.S. Gov't
34664989	2021	Epigenomics	Pierre LS	Beyond the transcription factor: the under-studied role of epigenomics in lung differentiation.	P5_lung_atac_footprint	Editorial;Research Support, Non-U.S. Gov't;Research Support, U.S. Gov't, Non-P.H.S.
34513309	2021	Mol Ther Nucleic Acids	Wang L	Chromatin accessibility regulates chemotherapy-induced dormancy and reactivation.	P5_lung_atac_footprint	Journal Article
34341533	2021	Nat Cell Biol	Pierce SE	LKB1 inactivation modulates chromatin accessibility to drive metastatic progression.	P5_lung_atac_footprint	Journal Article;Research Support, N.I.H., Extramural;Research Support, U.S. Gov't, Non-P.H.S.
33501917	2021	Elife	Xu P	Foxc1 establishes enhancer accessibility for craniofacial cartilage differentiation.	P5_lung_atac_footprint	Journal Article;Research Support, N.I.H., Extramural
35002741	2021	Front Pharmacol	Brasier AR	The Hexosamine Biosynthetic Pathway Links Innate Inflammation With Epithelial-Mesenchymal Plasticity in Airway Remodeling.	P5_lung_atac_footprint	Journal Article;Review
33323974	2021	Oncogene	Swoboda A	STAT3 promotes melanoma metastasis by CEBP-induced repression of the MITF pathway.	P5_lung_atac_footprint	Journal Article;Research Support, Non-U.S. Gov't
34745971	2021	Front Oncol	Yue D	Integrated Multiomics Analyses Revealing Different Molecular Profiles Between Early- and Late-Stage Lung Adenocarcinoma.	P5_lung_atac_footprint	Journal Article
33567266	2021	Structure	Guarnera E	Three-dimensional chromatin ensemble reconstruction via stochastic embedding.	P6_lung_3d	Journal Article;Research Support, Non-U.S. Gov't
33840167	2021	Genomics Inform	Lee AJ	Functional annotation of lung cancer‒associated genetic variants by cell type‒specific epigenome and long-range chromatin interactome.	P6_lung_3d	Journal Article
34849199	2021	Comput Struct Biotechnol J	Guo D	Synergistic alterations in the multilevel chromatin structure anchor dysregulated genes in small cell lung cancer.	P6_lung_3d	Journal Article
34436670	2021	Hum Genet	Melo US	Complete lung agenesis caused by complex genomic rearrangements with neo-TAD formation at the SHH locus.	P6_lung_3d	Journal Article
34116262	2021	Genomics Proteomics Bioinformatics	Li T	Integrative Analysis of Genome, 3D Genome, and Transcriptome Alterations of Clinical Lung Cancer Samples.	P6_lung_3d	Journal Article;Research Support, Non-U.S. Gov't
34759959	2021	Front Genet	Thiecke MJ	Prioritisation of Candidate Genes Underpinning COVID-19 Host Genetic Traits Based on High-Resolution 3D Chromosomal Topology.	P6_lung_3d	Journal Article
34065289	2021	Int J Mol Sci	Cantalupo S	Regulatory Noncoding and Predicted Pathogenic Coding Variants of CCR5 Predispose to Severe COVID-19.	P6_lung_3d	Journal Article
34555356	2021	Mol Cell	Sengupta D	NSD2 dimethylation at H3K36 promotes lung adenocarcinoma pathogenesis.	P7_perturbseq	Journal Article;Research Support, N.I.H., Extramural;Research Support, Non-U.S. Gov't
34612202	2021	Elife	Sun D	A functional genetic toolbox for human tissue-derived organoids.	P7_perturbseq	Journal Article;Research Support, Non-U.S. Gov't
33634993	2021	Clin Transl Med	Wang S	FAM83H-AS1 is a noncoding oncogenic driver and therapeutic target of lung adenocarcinoma.	P7_perturbseq	Journal Article;Research Support, Non-U.S. Gov't
34023776	2021	Biochem Biophys Res Commun	Kang JY	The H3K4 methyltransferase SETD1A is required for proliferation of non-small cell lung cancer cells by promoting S-phase progression.	P7_perturbseq	Journal Article;Research Support, Non-U.S. Gov't
33486886	2021	Cell Microbiol	Gani Z	Mycobacterium tuberculosis glyceraldehyde-3-phosphate dehydrogenase plays a dual role-As an adhesin and as a receptor for plasmin(ogen).	P7_perturbseq	Journal Article;Research Support, Non-U.S. Gov't
33501440	2021	bioRxiv	Samelson AJ	BRD2 inhibition blocks SARS-CoV-2 infection by reducing transcription of the host cell receptor ACE2.	P7_perturbseq	Preprint;Journal Article
34407391	2021	Immunity	Liu SS	The chemokine CCL1 triggers an AMFR-SPRY1 pathway that promotes differentiation of lung fibroblasts into myofibroblasts and drives pulmonary fibrosis.	P9_lung_ppi	Journal Article;Research Support, Non-U.S. Gov't
34580671	2021	bioRxiv	May DG	A BioID-derived proximity interactome for SARS-CoV-2 proteins.	P9_lung_ppi	Preprint;Journal Article
34812694	2021	Expert Rev Proteomics	Tan HW	Human bronchial-pulmonary proteomics in coronavirus disease 2019 (COVID-19) pandemic: applications and implications.	P9_lung_ppi	Journal Article;Research Support, Non-U.S. Gov't;Review
34568067	2021	Front Oncol	Zhang W	ASF1B Promotes Oncogenesis in Lung Adenocarcinoma and Other Cancer Types.	P9_lung_ppi	Journal Article
34115501	2021	J Proteome Res	Kaneda H	Proximity Proteomics Has Potential for Extracellular Vesicle Identification.	P9_lung_ppi	Journal Article;Research Support, Non-U.S. Gov't
34321331	2021	Neurol Neuroimmunol Neuroinflamm	Do LD	Argonaute Autoantibodies as Biomarkers in Autoimmune Neurologic Diseases.	P9_lung_ppi	Journal Article;Research Support, Non-U.S. Gov't
33296138	2021	Proteomics	Fang J	Quantitative Proteomic Analysis of Global Protein Acetylation in PRRSV-Infected Pulmonary Alveolar Macrophages.	P9_lung_ppi	Journal Article;Research Support, Non-U.S. Gov't
34096348	2021	Biol Res Nurs	Downs CA	Analysis of RAGE Proteome and Interactome in Lung Adenocarcinoma Using PANTHER and STRING Databases.	P9_lung_ppi	Journal Article
34446006	2021	Cancer Cell Int	Tanaka I	The current issues and future perspective of artificial intelligence for developing new treatment strategy in non-small cell lung cancer: harmonization of molecular cancer biology and artificial intelligence.	P9_lung_ppi	Journal Article;Review
34669399	2021	J Proteome Res	Klont F	Adsorptive Microtiter Plates As Solid Supports in Affinity Purification Workflows.	P9_lung_ppi	Journal Article;Research Support, Non-U.S. Gov't
33619478	2021	bioRxiv	Bamberger C	The Host Interactome of Spike Expands the Tropism of SARS-CoV-2.	P9_lung_ppi	Preprint;Journal Article
35265665	2021	Front Mol Biosci	Meng Y	Clinical Prognostic Value of the PLOD Gene Family in Lung Adenocarcinoma.	P9_lung_ppi	Journal Article
34149814	2021	Front Genet	Lu G	Upregulation of LIMK1 Is Correlated With Poor Prognosis and Immune Infiltrates in Lung Adenocarcinoma.	P9_lung_ppi	Journal Article
34724356	2021	Cancer Med	Wattanathamsan O	CAMSAP3 depletion induces lung cancer cell senescence-associated phenotypes through extracellular signal-regulated kinase inactivation.	P9_lung_ppi	Journal Article;Research Support, Non-U.S. Gov't
33961781	2021	Cell	Huttlin EL	Dual proteome-scale networks reveal cell-specific remodeling of the human interactome.	P10_global_ppi	Journal Article;Research Support, N.I.H., Extramural;Research Support, Non-U.S. Gov't
33367498	2021	Brief Bioinform	Banerjee S	NGPINT: a next-generation protein-protein interaction software.	P10_global_ppi	Journal Article;Research Support, Non-U.S. Gov't;Research Support, U.S. Gov't, Non-P.H.S.
33231689	2021	Nucleic Acids Res	Du Y	PINA 3.0: mining cancer interactome.	P10_global_ppi	Journal Article;Research Support, Non-U.S. Gov't
34214469	2021	Cell	Skinnider MA	An atlas of protein-protein interactions across mouse tissues.	P10_global_ppi	Journal Article;Research Support, Non-U.S. Gov't
34554760	2021	J Proteome Res	Qiu S	Proximity Interactome Map of the Vac14-Fig4 Complex Using BioID.	P10_global_ppi	Journal Article;Research Support, Non-U.S. Gov't
34211188	2021	Nat Methods	Skinnider MA	Meta-analysis defines principles for the design and analysis of co-fractionation mass spectrometry experiments.	P10_global_ppi	Journal Article;Meta-Analysis;Research Support, Non-U.S. Gov't
35004666	2021	Front Cell Dev Biol	Cardon T	Unveiling a Ghost Proteome in the Glioblastoma Non-Coding RNAs.	P10_global_ppi	Journal Article;Review
34709727	2021	Mol Syst Biol	Liu X	SARS-CoV-2-host proteome interactions for antiviral drug discovery.	P10_global_ppi	Journal Article;Research Support, Non-U.S. Gov't
34827627	2021	Biomolecules	Smirnova EV	Comprehensive Atlas of the Myelin Basic Protein Interaction Landscape.	P10_global_ppi	Journal Article
33718354	2021	Front Cell Dev Biol	Wang W	Alternatively Splicing Interactomes Identify Novel Isoform-Specific Partners for NSD2.	P10_global_ppi	Journal Article
33444457	2021	Nucleic Acids Res	Ahmad F	Hydrogen-deuterium exchange reveals a dynamic DNA-binding map of replication protein A.	P10_global_ppi	Journal Article;Research Support, N.I.H., Extramural;Research Support, Non-U.S. Gov't
34169630	2021	EMBO Rep	Arslanhan MD	Aurora Kinase A proximity map reveals centriolar satellites as regulators of its ciliary function.	P10_global_ppi	Journal Article;Research Support, N.I.H., Extramural;Research Support, Non-U.S. Gov't
34572914	2021	Cancers (Basel)	Barreiro-Alonso A	HMGB1 Protein Interactions in Prostate and Ovary Cancer Models Reveal Links to RNA Processing and Ribosome Biogenesis through NuRD, THOC and Septin Complexes.	P10_global_ppi	Journal Article
33912040	2021	Front Pharmacol	Wu J	Systems Pharmacology Study of the Anti-Liver Injury Mechanism of Citri Reticulatae Pericarpium.	P10_global_ppi	Journal Article
34877354	2021	Biomed Res Int	Zhao K	Proteomic Analysis of Human Serum for Patients at Different Pathological Stages of Hepatic Fibrosis.	P10_global_ppi	Journal Article
34330296	2021	Proteome Sci	Zhao Y	iTRAQ-based proteomic analysis of sperm reveals candidate proteins that affect the quality of spermatozoa from boars on plateaus.	P10_global_ppi	Journal Article
34535262	2021	Anal Chim Acta	Wu Z	Basic pH reversed-phase liquid chromatography (bRPLC) in combination with tip-based strong cation exchange (SCX-Tip), ReST, an efficient approach for large-scale cross-linked peptide analysis.	P10_global_ppi	Journal Article
34768127	2021	Int Immunopharmacol	Wang JM	Proteomic analysis of lysine acetylation reveals that metabolic enzymes and heat shock proteins may be potential targets for DSS-induced mice colitis.	P10_global_ppi	Journal Article
34174819	2021	BMC Genomics	Puig RR	UniBind: maps of high-confidence direct TF-DNA interactions across nine species.	P11_catalogs	Journal Article
33231677	2021	Nucleic Acids Res	Kolmykov S	GTRD: an integrated view of transcription regulation.	P11_catalogs	Journal Article;Research Support, Non-U.S. Gov't
34828313	2021	Genes (Basel)	Peng S	Decoding the Equine Genome: Lessons from ENCODE.	P11_catalogs	Journal Article;Research Support, Non-U.S. Gov't;Review
34765757	2021	Heliyon	Amiteye S	Basic concepts and methodologies of DNA marker systems in plant molecular breeding.	P11_catalogs	Journal Article;Review
34383745	2021	PLoS Genet	Savadel SD	The native cistrome and sequence motif families of the maize ear.	P11_catalogs	Journal Article;Research Support, N.I.H., Extramural;Research Support, Non-U.S. Gov't;Research Support, U.S. Gov't, Non-P.H.S.
33589522	2021	J Immunother Cancer	Want MY	WHSC1/NSD2 regulates immune infiltration in prostate cancer.	P11_catalogs	Journal Article;Research Support, N.I.H., Extramural;Research Support, Non-U.S. Gov't
33999190	2021	Bioinformatics	Oguztuzun C	MotifGenie: a Python application for searching transcription factor binding sequences using ChIP-Seq datasets.	P11_catalogs	Journal Article;Research Support, Non-U.S. Gov't
33819196	2021	Aging (Albany NY)	Su T	A novel immune-related prognostic signature in epithelial ovarian carcinoma.	P11_catalogs	Journal Article;Research Support, Non-U.S. Gov't
33915284	2021	Clin Microbiol Infect	Tleyjeh IM	Efficacy and safety of tocilizumab in COVID-19 patients: a living systematic review and meta-analysis, first update.	P11_catalogs	Journal Article;Meta-Analysis;Systematic Review
34724890	2021	BMC Bioinformatics	Zhang X	Development of a prognostic signature of patients with esophagus adenocarcinoma by using immune-related genes.	P11_catalogs	Journal Article
33778495	2021	NAR Cancer	Thomas ZV	BART Cancer: a web resource for transcriptional regulators in cancer genomes.	P11_catalogs	Journal Article
34212052	2021	J Immunol Res	Liang XJ	An Immune-Related Prognostic Classifier Is Associated with Diffuse Large B Cell Lymphoma Microenvironment.	P11_catalogs	Journal Article;Validation Study
34563116	2021	BMC Bioinformatics	Ferré Q	Anomaly detection in genomic catalogues using unsupervised multi-view autoencoders.	P11_catalogs	Journal Article
33837660	2021	FEBS Open Bio	Cheng A	Upregulation of ZHX2 predicts poor prognosis and is correlated with immune infiltration in gastric cancer.	P11_catalogs	Journal Article;Research Support, Non-U.S. Gov't
34192561	2021	Immunol Lett	Meng FJ	Downregulation of DNMT3a expression by RNAi and its effect on NF-κBs expression of thymic epithelial cells.	P11_catalogs	Comparative Study;Journal Article;Research Support, Non-U.S. Gov't
34658341	2021	Nan Fang Yi Ke Da Xue Xue Bao	Zhou L	[Expression characteristics and functional analysis of ELK3 in gastric cancer].	P11_catalogs	Journal Article
33462573	2021	Mol Omics	Feng H	Identification of core miRNAs and regulatory pathways in breast cancer by integrated bioinformatics analysis.	P11_catalogs	Journal Article;Research Support, Non-U.S. Gov't
34368371	2021	J Immunol Res	Zhang Z	A Novel Immune-Related lncRNA-Based Model for Survival Prediction in Clear Cell Renal Cell Carcinoma.	P11_catalogs	Journal Article
33987034	2021	PeerJ	Ren C	Comprehensive analysis based on DNA methylation and RNA-seq reveals hypermethylation of the up-regulated WT1 gene with potential mechanisms in PAM50 subtypes of breast cancer.	P11_catalogs	Journal Article
34367349	2021	Beilstein J Org Chem	Groth T	A systems-based framework to computationally describe putative transcription factors and signaling pathways regulating glycan biosynthesis.	P11_catalogs	Journal Article
33748270	2021	Biomed Res Int	Cao M	DUOX2 As a Potential Prognostic Marker which Promotes Cell Motility and Proliferation in Pancreatic Cancer.	P11_catalogs	Journal Article
34807701	2021	J Comp Psychol	Johnston AM	How do communicative cues shape the way that dogs (Canis familiaris) encode objects?	P11_catalogs	Journal Article;Research Support, Non-U.S. Gov't;Research Support, U.S. Gov't, Non-P.H.S.
34621746	2021	Front Cell Dev Biol	Wang Q	The Expression and Prognostic Value of SUMO1-Activating Enzyme Subunit 1 and Its Potential Mechanism in Triple-Negative Breast Cancer.	P11_catalogs	Journal Article
33894768	2021	BMC Med Genomics	Poppenberg KE	Broadening our understanding of genetic risk for scleroderma/systemic sclerosis by querying the chromatin architecture surrounding the risk haplotypes.	P11_catalogs	Journal Article
33604455	2021	Wellcome Open Res	Aryal D	Operationalisation of the Randomized Embedded Multifactorial Adaptive Platform for COVID-19 trials in a low and lower-middle income critical care learning health system.	P11_catalogs	Journal Article
33415696	2021	J Cell Commun Signal	Kaur S	Differential intolerance to loss of function and missense mutations in genes that encode human matricellular proteins.	P11_catalogs	Journal Article
32991738	2021	J Pathol	Liu A	Overexpression of the SARS-CoV-2 receptor ACE2 is induced by cigarette smoke in bronchial and alveolar epithelia.	P12_mouse_lung_chip	Journal Article;Research Support, Non-U.S. Gov't
33919055	2021	Antioxidants (Basel)	Wall SB	Auranofin-Mediated NRF2 Induction Attenuates Interleukin 1 Beta Expression in Alveolar Macrophages.	P12_mouse_lung_chip	Journal Article
33650826	2021	Cell J	Oveisi A	Ovulation Induction Changes Epigenetic Marks of Imprinting Genes in Mice Fetus Organs.	P12_mouse_lung_chip	Journal Article
34305888	2021	Front Immunol	Yang J	Identification of the SARS-CoV-2 Entry Receptor ACE2 as a Direct Target for Transcriptional Repression by Miz1.	P12_mouse_lung_chip	Journal Article;Research Support, N.I.H., Extramural;Research Support, Non-U.S. Gov't
33980319	2021	Cell Biosci	Zhou J	The YAP/HIF-1α/miR-182/EGR2 axis is implicated in asthma severity through the control of Th17 cell differentiation.	P12_mouse_lung_chip	Journal Article
33870128	2021	iScience	Drashansky TT	BCL11B is positioned upstream of PLZF and RORγt to control thymic development of mucosal-associated invariant T cells and MAIT17 program.	P12_mouse_lung_chip	Journal Article
33941868	2021	Lab Invest	Liu B	Potential role for EZH2 in promotion of asthma through suppression of miR-34b transcription by inhibition of FOXO3.	P12_mouse_lung_chip	Journal Article
33297121	2021	Chemosphere	Huang R	The p53/RMRP/miR122 signaling loop promotes epithelial-mesenchymal transition during the development of silica-induced lung fibrosis by activating the notch pathway.	P12_mouse_lung_chip	Journal Article
34093857	2021	Theranostics	Xun J	Cancer-derived exosomal miR-138-5p modulates polarization of tumor-associated macrophages through inhibition of KDM6B.	P13_lung_immune_chip	Journal Article;Research Support, Non-U.S. Gov't
34461944	2021	Cell Commun Signal	Li J	Aiduqing formula inhibits breast cancer metastasis by suppressing TAM/CXCL1-induced Treg differentiation and infiltration.	P13_lung_immune_chip	Journal Article;Research Support, Non-U.S. Gov't
34384787	2021	J Lipid Res	Perie L	The forkhead box transcription factor FoxP4 regulates thermogenic programs in adipocytes.	P13_lung_immune_chip	Journal Article;Research Support, N.I.H., Extramural;Research Support, Non-U.S. Gov't
33461544	2021	Cancer Cell Int	Li C	Hypoxia-induced Tie1 drives stemness and cisplatin resistance in non-small cell lung carcinoma cells.	P13_lung_immune_chip	Journal Article
34698450	2021	J Cell Mol Med	Han XJ	HIF-1α promotes the proliferation and migration of pulmonary arterial smooth muscle cells via activation of Cx43.	P13_lung_immune_chip	Journal Article;Research Support, Non-U.S. Gov't
34298860	2021	Int J Mol Sci	Korbolina EE	A Panel of rSNPs Demonstrating Allelic Asymmetry in Both ChIP-seq and RNA-seq Data and the Search for Their Phenotypic Outcomes through Analysis of DEGs.	P13_lung_immune_chip	Journal Article
34477002	2021	Hum Exp Toxicol	Mao G	Exosome-derived miR-2682-5p suppresses cell viability and migration by HDAC1-silence-mediated upregulation of ADH1A in non-small cell lung cancer.	P13_lung_immune_chip	Journal Article
32712329	2021	J Allergy Clin Immunol	Xia L	lnc-BAZ2B promotes M2 macrophage activation and inflammation in children with asthma through stabilizing BAZ2B pre-mRNA.	P13_lung_immune_chip	Journal Article;Research Support, Non-U.S. Gov't
34093869	2021	Theranostics	Kuo IY	Converged Rab37/IL-6 trafficking and STAT3/PD-1 transcription axes elicit an immunosuppressive lung tumor microenvironment.	P13_lung_immune_chip	Journal Article;Research Support, Non-U.S. Gov't
33567502	2021	Int J Mol Sci	Hung CH	Acrylamide Induces Mitophagy and Alters Macrophage Phenotype via Reactive Oxygen Species Generation.	P13_lung_immune_chip	Journal Article
33475136	2021	J Mol Cell Biol	Wang X	Testosterone attenuates pulmonary epithelial inflammation in male rats of COPD model through preventing NRF1-derived NF-κB signaling.	P13_lung_immune_chip	Journal Article;Research Support, Non-U.S. Gov't
34950652	2021	Front Cell Dev Biol	Wang Y	NF-κB/p65 Competes With Peroxisome Proliferator-Activated Receptor Gamma for Transient Receptor Potential Channel 6 in Hypoxia-Induced Human Pulmonary Arterial Smooth Muscle Cells.	P13_lung_immune_chip	Journal Article
34017833	2021	Front Cell Dev Biol	Xia S	FOXC2 Autoregulates Its Expression in the Pulmonary Endothelium After Endotoxin Stimulation in a Histone Acetylation-Dependent Manner.	P13_lung_immune_chip	Journal Article
33721432	2021	J BUON	Liu B	CLK2 promotes occurrence and development of non-small cell lung cancer.	P14_variant_tf_binding	Journal Article
33732373	2021	Oncol Lett	Wang G	FAM83A and FAM83A-AS1 both play oncogenic roles in lung adenocarcinoma.	P14_variant_tf_binding	Journal Article
32778770	2021	Cancer Gene Ther	Lu M	circRACGAP1 promotes non-small cell lung cancer proliferation by regulating miR-144-5p/CDKL1 signaling pathway.	P14_variant_tf_binding	Journal Article
34645486	2021	J Exp Clin Cancer Res	Wang R	An SETD1A/Wnt/β-catenin feedback loop promotes NSCLC development.	P14_variant_tf_binding	Journal Article
34253104	2021	Technol Cancer Res Treat	Wang R	LINC00942 Promotes Tumor Proliferation and Metastasis in Lung Adenocarcinoma via FZD1 Upregulation.	P14_variant_tf_binding	Journal Article
32853398	2021	J Cell Physiol	Guo Q	miR-130b-3p regulates M1 macrophage polarization via targeting IRF1.	P14_variant_tf_binding	Journal Article;Research Support, Non-U.S. Gov't
34164581	2021	Open Med (Wars)	Jin X	circ_0038467 promotes PM2.5-induced bronchial epithelial cell dysfunction.	P14_variant_tf_binding	Journal Article
34723712	2021	Technol Cancer Res Treat	Zhu K	miR-9-5p Promotes Lung Adenocarcinoma Cell Proliferation, Migration and Invasion by Targeting ID4.	P14_variant_tf_binding	Journal Article
33455522	2021	Technol Cancer Res Treat	Wu X	MiR-196b Promotes the Invasion and Migration of Lung Adenocarcinoma Cells by Targeting AQP4.	P14_variant_tf_binding	Journal Article
32534959	2021	J Cyst Fibros	Chillappagari S	Defective BACH1/HO-1 regulatory circuits in cystic fibrosis bronchial epithelial cells.	P14_variant_tf_binding	Journal Article;Research Support, Non-U.S. Gov't
34434273	2021	Exp Ther Med	Zhao X	MicroRNA-139-5p improves sepsis-induced lung injury by targeting Rho-kinase1.	P14_variant_tf_binding	Journal Article
34849607	2021	Carcinogenesis	Donnelly LL	Functional assessment of somatic STK11 variants identified in primary human non-small cell lung cancers.	P14_variant_tf_binding	Journal Article;Research Support, Non-U.S. Gov't
33952808	2021	Int Heart J	Wang TM	SOX17 Loss-of-Function Mutation Underlying Familial Pulmonary Arterial Hypertension.	P14_variant_tf_binding	Journal Article
34630705	2021	Oncol Lett	Wang J	Knockdown of lncRNA NUTM2A-AS1 inhibits lung adenocarcinoma cell viability by regulating the miR-590-5p/METTL3 axis.	P14_variant_tf_binding	Journal Article;Retracted Publication
33125611	2021	Mol Cell Biochem	Han J	MicroRNA-20a-5p suppresses tumor angiogenesis of non-small cell lung cancer through RRM2-mediated PI3K/Akt signaling pathway.	P14_variant_tf_binding	Journal Article
34239033	2021	Lab Invest	Lv X	lncRNA NEAT1 aggravates sepsis-induced lung injury by regulating the miR-27a/PTEN axis.	P14_variant_tf_binding	Journal Article;Research Support, Non-U.S. Gov't
34722753	2021	Int J Genomics	Wang W	circ_0002346 Suppresses Non-Small-Cell Lung Cancer Progression Depending on the Regulation of the miR-582-3p/STXBP6 Axis.	P14_variant_tf_binding	Journal Article
33596983	2021	J Exp Clin Cancer Res	Wang L	Long non-coding RNA MAPKAPK5-AS1/PLAGL2/HIF-1α signaling loop promotes hepatocellular carcinoma progression.	P14_variant_tf_binding	Journal Article
33355622	2021	Acta Biochim Biophys Sin (Shanghai)	Wu H	miR-338-5p inhibits cell growth and migration via inhibition of the METTL3/m6A/c-Myc pathway in lung cancer.	P14_variant_tf_binding	Journal Article
34017248	2021	Front Pharmacol	Zhu X	MiR-19a-3p Suppresses M1 Macrophage Polarization by Inhibiting STAT1/IRF1 Pathway.	P14_variant_tf_binding	Journal Article
33889514	2021	Transl Lung Cancer Res	Li X	Tumor-associated macrophages secret exosomal miR-155 and miR-196a-5p to promote metastasis of non-small-cell lung cancer.	P14_variant_tf_binding	Journal Article
37304672	2021	Oncol Res	Sun L	Long noncoding RNA LINC01124 activates hepatocellular carcinoma cell proliferation, migration, and invasion by absorbing microRNA-1247-5p and overexpressing FOXO3.	P14_variant_tf_binding	Journal Article
34448644	2021	Autoimmunity	Duan XJ	LncRNA NEAT1 regulates MMP-16 by targeting miR-200a/b to aggravate inflammation in asthma.	P14_variant_tf_binding	Journal Article;Research Support, Non-U.S. Gov't
34245091	2021	J Cell Mol Med	Song R	LncRNA PAXIP1-AS1 fosters the pathogenesis of pulmonary arterial hypertension via ETS1/WIPF1/RhoA axis.	P14_variant_tf_binding	Journal Article;Research Support, Non-U.S. Gov't
33502949	2021	Am J Physiol Cell Physiol	Guo YP	Suppression of lncRNA HOTAIR alleviates RCC angiogenesis through regulating miR-126/EGFL7 axis.	P14_variant_tf_binding	Journal Article;Research Support, Non-U.S. Gov't
33913391	2021	Sci Prog	Liu M	MiR-326 mediates malignant biological behaviors of lung adenocarcinoma by targeting ZEB1.	P14_variant_tf_binding	Journal Article;Research Support, Non-U.S. Gov't
34733371	2021	Oncol Lett	Guo H	lncRNA FOXD3-AS1 promotes the progression of non-small cell lung cancer by regulating the miR-135a-5p/CDK6 axis.	P14_variant_tf_binding	Journal Article
34404435	2021	J Transl Med	Wu X	Fibroblast growth factor 11 (FGF11) promotes non-small cell lung cancer (NSCLC) progression by regulating hypoxia signaling pathway.	P14_variant_tf_binding	Journal Article;Research Support, Non-U.S. Gov't
34403779	2021	Pulm Pharmacol Ther	Xiao S	Long non-coding RNA LINC01224 promotes progression and cisplatin resistance in non-small lung cancer by sponging miR-2467.	P14_variant_tf_binding	Journal Article;Research Support, Non-U.S. Gov't
34966541	2021	Pulm Circ	Sitapara R	Phosphoproteomic analysis of lung tissue from patients with pulmonary arterial hypertension.	P14_variant_tf_binding	Journal Article
33688010	2021	mBio	Reuwsaat JCV	The Transcription Factor Pdr802 Regulates Titan Cell Formation and Pathogenicity of Cryptococcus neoformans.	P15_direct_targets	Journal Article;Research Support, N.I.H., Extramural;Research Support, Non-U.S. Gov't
34239356	2021	Int J Biol Sci	Xu Q	CircHIPK3 regulates pulmonary fibrosis by facilitating glycolysis in miR-30a-3p/FOXK2-dependent manner.	P15_direct_targets	Journal Article;Research Support, Non-U.S. Gov't
34082029	2021	Pharmacol Res	Shetty MG	Histone deacetylase 2 selective inhibitors: A versatile therapeutic strategy as next generation drug target in cancer therapy.	P15_direct_targets	Journal Article;Research Support, Non-U.S. Gov't;Review
34729113	2021	J Cancer	Yang W	MiR-182-5p promotes the Metastasis and Epithelial-mesenchymal Transition in Non-small Cell Lung Cancer by Targeting EPAS1.	P15_direct_targets	Journal Article
33850110	2021	Cell Death Dis	Fu R	HIF-1α promoted vasculogenic mimicry formation in lung adenocarcinoma through NRP1 upregulation in the hypoxic tumor microenvironment.	P15_direct_targets	Journal Article;Research Support, Non-U.S. Gov't
33741023	2021	J Exp Clin Cancer Res	Luan W	Exosomal miR-106b-5p derived from melanoma cell promotes primary melanocytes epithelial-mesenchymal transition through targeting EphA4.	P15_direct_targets	Journal Article
34742256	2021	BMC Nephrol	Geng Z	LncRNA NNT-AS1 regulates proliferation, ECM accumulation and inflammation of human mesangial cells induced by high glucose through miR-214-5p/smad4.	P15_direct_targets	Journal Article
35596703	2022	Mol Carcinog	Jiang X	Functional characterization and clinical significance of super-enhancers in lung adenocarcinoma.	P1_lung_chip_tf	Journal Article;Research Support, Non-U.S. Gov't
35958341	2022	Transl Lung Cancer Res	Xie K	BARX2/FOXA1/HK2 axis promotes lung adenocarcinoma progression and energy metabolism reprogramming.	P1_lung_chip_tf	Journal Article
36510562	2022	Int J Cell Biol	Bernal C	Regulatory Role of the RUNX2 Transcription Factor in Lung Cancer Apoptosis.	P1_lung_chip_tf	Journal Article
36291764	2022	Cancers (Basel)	Lee Y	Characterizing and Targeting Genes Regulated by Transcription Factor MYBL2 in Lung Adenocarcinoma Cells.	P1_lung_chip_tf	Journal Article
35604932	2022	PLoS Genet	Manceau L	Divergent transcriptional and transforming properties of PAX3-FOXO1 and PAX7-FOXO1 paralogs.	P1_lung_chip_tf	Journal Article
35848993	2022	Am J Respir Crit Care Med	Kong R	Transcriptional Circuitry of NKX2-1 and SOX1 Defines an Unrecognized Lineage Subtype of Small-Cell Lung Cancer.	P1_lung_chip_tf	Journal Article;Research Support, U.S. Gov't, Non-P.H.S.;Research Support, N.I.H., Extramural;Research Support, Non-U.S. Gov't
35789143	2022	Cancer Sci	Miyakawa K	ASCL1 regulates super-enhancer-associated miRNAs to define molecular subtypes of small cell lung cancer.	P1_lung_chip_tf	Journal Article
35869499	2022	J Exp Clin Cancer Res	Chen Q	PM2.5 promotes NSCLC carcinogenesis through translationally and transcriptionally activating DLAT-mediated glycolysis reprograming.	P1_lung_chip_tf	Journal Article
35975458	2022	Adv Sci (Weinh)	Madhi H	FOXM1 Inhibition Enhances the Therapeutic Outcome of Lung Cancer Immunotherapy by Modulating PD-L1 Expression and Cell Proliferation.	P1_lung_chip_tf	Journal Article;Research Support, Non-U.S. Gov't
36344521	2022	NPJ Syst Biol Appl	Iwata M	Regulome-based characterization of drug activity across the human diseasome.	P1_lung_chip_tf	Journal Article;Research Support, Non-U.S. Gov't
35182388	2022	Cell Oncol (Dordr)	Boyero L	PKP1 and MYC create a feedforward loop linking transcription and translation in squamous cell lung cancer.	P1_lung_chip_tf	Journal Article
35188360	2022	Cancer Biol Med	He T	The HDAC inhibitor GCJ-490A suppresses c-Met expression through IKKα and overcomes gefitinib resistance in non-small cell lung cancer.	P1_lung_chip_tf	Journal Article;Research Support, Non-U.S. Gov't
34974065	2022	J Allergy Clin Immunol	Fu L	A mitochondrial STAT3-methionine metabolism axis promotes ILC2-driven allergic lung inflammation.	P2_lung_chip_disease	Journal Article;Research Support, Non-U.S. Gov't
35486851	2022	Am J Respir Crit Care Med	Chaumette T	Monocyte Signature Associated with Herpes Simplex Virus Reactivation and Neurological Recovery after Brain Injury.	P2_lung_chip_disease	Journal Article;Systematic Review;Research Support, Non-U.S. Gov't
35770638	2022	Sheng Li Xue Bao	Cheng K	[Nuclear respiratory factor 1 mediates LPS-induced acute lung injury through NF-κB].	P2_lung_chip_disease	Journal Article
35833903	2022	Am J Respir Cell Mol Biol	Do-Umehara HC	Suppression of Allergic Asthma by Loss of Function of Miz1-mediated Th1 Skewing.	P2_lung_chip_disease	Journal Article;Research Support, Non-U.S. Gov't;Research Support, N.I.H., Extramural;Research Support, U.S. Gov't, Non-P.H.S.
34801472	2022	Arch Biochem Biophys	Liu T	Histone methyltransferase SETDB1 inhibits TGF-β-induced epithelial-mesenchymal transition in pulmonary fibrosis by regulating SNAI1 expression and the ferroptosis signaling pathway.	P2_lung_chip_disease	Journal Article;Research Support, Non-U.S. Gov't
36569483	2022	Toxicol Res (Camb)	Huang J	E2F1 regulates miR-215-5p to aggravate paraquat-induced pulmonary fibrosis via repressing BMPR2 expression.	P2_lung_chip_disease	Journal Article
35993279	2022	Autoimmunity	Qu R	Down-regulation of KLF9 ameliorates LPS-caused acute lung injury and inflammation in mice via reducing GSDMD expression.	P2_lung_chip_disease	Journal Article
36099831	2022	Mol Immunol	Shanmugam G	Involvement of inflammatory cytokines and epigenetic modification of the mtTFA complex in T-helper cells of patients' suffering from non-small cell lung cancer and chronic obstructive pulmonary disease.	P2_lung_chip_disease	Journal Article;Research Support, Non-U.S. Gov't
35292112	2022	Cell Biosci	Lin YC	TSLP regulates mitochondrial ROS-induced mitophagy via histone modification in human monocytes.	P2_lung_chip_disease	Journal Article
35303175	2022	Cell Biol Toxicol	Lee KY	Lnc-IL7R alleviates PM(2.5)-mediated cellular senescence and apoptosis through EZH2 recruitment in chronic obstructive pulmonary disease.	P2_lung_chip_disease	Journal Article;Research Support, Non-U.S. Gov't
36628218	2022	Am J Transl Res	Wu Q	Long non-coding RNA HOTTIP induces inflammation in asthma by promoting EFNA3 transcription by CCCTC-binding factor.	P2_lung_chip_disease	Journal Article
35280431	2022	Ann Transl Med	Xu R	Chinese herbal component, Praeruptorin E, enhances anti-asthma efficacy and prevents toxicity of aminophylline by targeting the NF-κB/PXR/CYP3A4 pathway.	P2_lung_chip_disease	Journal Article
36622807	2022	Genes Dev	Rothenberg EV	Transcription factors specifically control change.	P3_lung_tf_names	Journal Article;Review;Research Support, Non-U.S. Gov't
35861233	2022	Development	Hagey DW	SOX2 transcription factor binding and function.	P3_lung_tf_names	Journal Article;Research Support, Non-U.S. Gov't
35550030	2022	Elife	Hwang JH	CREB5 reprograms FOXA1 nuclear interactions to promote resistance to androgen receptor-targeting therapies.	P3_lung_tf_names	Journal Article;Research Support, N.I.H., Extramural;Research Support, Non-U.S. Gov't
34863006	2022	Plant J	Boersma MR	ODORANT1 targets multiple metabolic networks in petunia flowers.	P3_lung_tf_names	Journal Article;Research Support, Non-U.S. Gov't;Research Support, U.S. Gov't, Non-P.H.S.
35067686	2022	Oncogene	de Wet L	SOX2 mediates metabolic reprogramming of prostate cancer cells.	P3_lung_tf_names	Journal Article
35231585	2022	Methods	Debnath S	Genome-wide investigations on regulatory functions of RECQ1 helicase.	P3_lung_tf_names	Journal Article;Research Support, U.S. Gov't, Non-P.H.S.;Research Support, N.I.H., Extramural;Research Support, N.I.H., Intramural
35600336	2022	Front Oncol	Gao P	STAT6 Upregulates NRP1 Expression in Endothelial Cells and Promotes Angiogenesis.	P3_lung_tf_names	Journal Article
33840130	2022	Eur J Neurosci	Buurstede JC	Hippocampal glucocorticoid target genes associated with enhancement of memory consolidation.	P3_lung_tf_names	Journal Article;Research Support, Non-U.S. Gov't
35916080	2022	Epigenomics	Wei JY	Circular RNA circTTBK2 facilitates non-small-cell lung cancer malignancy through the miR-873-5p/TEAD1/DERL1 axis.	P3_lung_tf_names	Journal Article;Research Support, Non-U.S. Gov't
35874275	2022	Front Aging	Vidović T	Longevity-Promoting Pathways and Transcription Factors Respond to and Control Extracellular Matrix Dynamics During Aging and Disease.	P3_lung_tf_names	Journal Article;Review
36569748	2022	Front Physiol	Shi K	Integrated bioinformatics analysis of the transcription factor-mediated gene regulatory networks in the formation of spermatogonial stem cells.	P3_lung_tf_names	Journal Article
36206732	2022	Cell Stem Cell	Wang H	Cross-lineage potential of Ascl1 uncovered by comparing diverse reprogramming regulatomes.	P3_lung_tf_names	Journal Article;Research Support, N.I.H., Extramural;Research Support, Non-U.S. Gov't
36113481	2022	Mol Cell	Antony C	Control of ribosomal RNA synthesis by hematopoietic transcription factors.	P3_lung_tf_names	Journal Article;Research Support, N.I.H., Extramural;Research Support, Non-U.S. Gov't
34937609	2022	Oncol Res	Lu F	MYCN Directly Targets NeuroD1 to Promote Cellular Proliferation in Neuroblastoma.	P3_lung_tf_names	Journal Article
34707247	2022	Br J Cancer	Takeda T	A stem cell marker KLF5 regulates CCAT1 via three-dimensional genome structure in colorectal cancer cells.	P3_lung_tf_names	Journal Article;Research Support, Non-U.S. Gov't
34908107	2022	J Biochem	Ogami T	MAB21L4 regulates the TGF-β-induced expression of target genes in epidermal keratinocytes.	P3_lung_tf_names	Journal Article
36589740	2022	Front Cell Dev Biol	Yu W	Transcriptional regulation of Satb1 in mouse trophoblast stem cells.	P3_lung_tf_names	Journal Article
35036869	2022	iScience	Nguyen N	Recruitment of MLL1 complex is essential for SETBP1 to induce myeloid transformation.	P3_lung_tf_names	Journal Article
36147490	2022	Front Genet	Zhang N	Identification of signaling pathways associated with achaete-scute homolog 1 in glioblastomas through ChIP-seq data bioinformatics.	P3_lung_tf_names	Journal Article
35646118	2022	J Oncol	Song C	Diosmetin Affects Gene Expression on Human Lung Adenocarcinoma Cells.	P4_encode_cellline	Journal Article
35507164	2022	Methods Mol Biol	Tan WX	Chromatin Immunoprecipitation in Human Pluripotent Stem Cell-Derived 3D Organoids to Analyze DNA-Protein Interactions.	P4_encode_cellline	Journal Article;Research Support, Non-U.S. Gov't
34953915	2022	Gastroenterology	Kato H	MNX1-HNF1B Axis Is Indispensable for Intraductal Papillary Mucinous Neoplasm Lineages.	P4_encode_cellline	Journal Article;Research Support, Non-U.S. Gov't
35895287	2022	Endocrinology	Hewitt SC	The Estrogen Receptor α Cistrome in Human Endometrium and Epithelial Organoids.	P4_encode_cellline	Journal Article;Research Support, N.I.H., Intramural;Research Support, N.I.H., Extramural
34837101	2022	Cancer Immunol Immunother	Lu T	Metformin inhibits human non-small cell lung cancer by regulating AMPK-CEBPB-PDL1 signaling pathway.	P4_encode_cellline	Journal Article
34820010	2022	Oncol Lett	Yang B	DNMT3B regulates proliferation of A549 cells through the microRNA-152-3p/NCAM1 pathway.	P4_encode_cellline	Journal Article
36222132	2022	J Biosci	Zhong D	SMYD3 regulates the abnormal proliferation of non-small-cell lung cancer cells via the H3K4me3/ANO1 axis.	P4_encode_cellline	Journal Article
36000549	2022	Hepatol Commun	Gulati R	β-catenin cancer-enhancing genomic regions axis is involved in the development of fibrolamellar hepatocellular carcinoma.	P4_encode_cellline	Journal Article;Research Support, N.I.H., Extramural;Research Support, Non-U.S. Gov't
35291909	2022	Bioengineered	Ren H	RAB26 contributes to the progression of non-small cell lung cancer after being transcriptionally activated by SMAD3.	P4_encode_cellline	Journal Article;Research Support, Non-U.S. Gov't
35993027	2022	Oxid Med Cell Longev	Wang R	GATA3 Exerts Distinct Transcriptional Functions to Regulate Radiation Resistance in A549 and H1299 Cells.	P4_encode_cellline	Journal Article
35406121	2022	Nutrients	Fang XQ	Polygonum cuspidatum Extract (Pc-Ex) Containing Emodin Suppresses Lung Cancer-Induced Cachexia by Suppressing TCF4/TWIST1 Complex-Induced PTHrP Expression.	P4_encode_cellline	Journal Article
35278611	2022	Cancer Lett	Sun Y	Ring finger protein 6 enhances chemo-resistance by transcriptionally activating proliferating cell nuclear antigen expression and attenuating DNA damage in lung adenocarcinoma.	P4_encode_cellline	Journal Article;Research Support, Non-U.S. Gov't
36042494	2022	Mol Cancer	Mo H	S6K1 amplification confers innate resistance to CDK4/6 inhibitors through activating c-Myc pathway in patients with estrogen receptor-positive breast cancer.	P4_encode_cellline	Journal Article
35761947	2022	Oncol Lett	Jian Y	Origin recognition complex 1 regulates phospholipase Cδ1 to inhibit cell proliferation, migration and epithelial-mesenchymal transition in lung adenocarcinoma.	P4_encode_cellline	Journal Article
35290214	2022	Phys Biol	Oiwa NN	Prediction and comparative analysis of CTCF binding sites based on a first principle approach.	P4_encode_cellline	Journal Article;Research Support, Non-U.S. Gov't
35879310	2022	Nat Commun	Caporarello N	Dysfunctional ERG signaling drives pulmonary vascular aging and persistent fibrosis.	P5_lung_atac_footprint	Journal Article;Research Support, N.I.H., Extramural;Research Support, Non-U.S. Gov't
34561242	2022	Cancer Discov	Concepcion CP	Smarca4 Inactivation Promotes Lineage-Specific Transformation and Early Metastatic Features in the Lung.	P5_lung_atac_footprint	Journal Article;Research Support, N.I.H., Extramural;Research Support, Non-U.S. Gov't
35849803	2022	Arthritis Rheumatol	Papazoglou A	Epigenetic Regulation of Profibrotic Macrophages in Systemic Sclerosis-Associated Interstitial Lung Disease.	P5_lung_atac_footprint	Journal Article;Research Support, N.I.H., Extramural;Research Support, Non-U.S. Gov't
35451091	2022	EMBO J	Huang Q	TFAM loss induces nuclear actin assembly upon mDia2 malonylation to promote liver cancer metastasis.	P5_lung_atac_footprint	Journal Article;Research Support, Non-U.S. Gov't
36402751	2022	Cell Death Dis	Wang L	Cell-cell contact-driven EphB1 cis- and trans- signalings regulate cancer stem cells enrichment after chemotherapy.	P5_lung_atac_footprint	Journal Article;Research Support, Non-U.S. Gov't
36112694	2022	Sci Immunol	Dörr D	C/EBPβ regulates lipid metabolism and Pparg isoform 2 expression in alveolar macrophages.	P5_lung_atac_footprint	Journal Article;Research Support, Non-U.S. Gov't
35228897	2022	Mol Ther Nucleic Acids	Seredinski S	DNA topoisomerase inhibition with the HIF inhibitor acriflavine promotes transcription of lncRNAs in endothelial cells.	P5_lung_atac_footprint	Journal Article
35462859	2022	JHEP Rep	Habash NW	Epigenetics of alcohol-related liver diseases.	P6_lung_3d	Journal Article;Review
35530130	2022	Acta Pharm Sin B	Fan Z	The generation of PD-L1 and PD-L2 in cancer cells: From nuclear chromatin reorganization to extracellular presentation.	P6_lung_3d	Journal Article;Review
34669257	2022	Mol Ecol Resour	Hill BM	Lysis-Hi-C as a method to study polymicrobial communities and eDNA.	P6_lung_3d	Journal Article
35982471	2022	J Hematol Oncol	Zhang T	Super-enhancer hijacking LINC01977 promotes malignancy of early-stage lung adenocarcinoma addicted to the canonical TGF-β/SMAD3 pathway.	P6_lung_3d	Journal Article;Research Support, Non-U.S. Gov't
35885953	2022	Genes (Basel)	Adeel MM	Chromosomal Translocations Detection in Cancer Cells Using Chromosomal Conformation Capture Data.	P6_lung_3d	Journal Article;Research Support, Non-U.S. Gov't
36175932	2022	Genome Med	Washington C 3rd	African-specific alleles modify risk for asthma at the 17q12-q21 locus in African Americans.	P6_lung_3d	Journal Article;Research Support, Non-U.S. Gov't;Research Support, N.I.H., Extramural
36140681	2022	Genes (Basel)	Li X	Large Fragment InDels Reshape Genome Structure of Porcine Alveolar Macrophage 3D4/21 Cells.	P6_lung_3d	Journal Article;Research Support, Non-U.S. Gov't
35869121	2022	Sci Rep	Joo J	Genome-wide association study in minority children with asthma implicates DNAH5 in bronchodilator responsiveness.	P6_lung_3d	Journal Article;Meta-Analysis;Research Support, N.I.H., Extramural;Research Support, Non-U.S. Gov't
34844838	2022	Eur J Cancer	Peralta-Arrieta I	Failure to EGFR-TKI-based therapy and tumoural progression are promoted by MEOX2/GLI1-mediated epigenetic regulation of EGFR in the human lung cancer.	P6_lung_3d	Journal Article;Research Support, Non-U.S. Gov't
35290801	2022	Cell	Dhainaut M	Spatial CRISPR genomics identifies regulators of the tumor microenvironment.	P7_perturbseq	Journal Article;Research Support, N.I.H., Extramural;Research Support, Non-U.S. Gov't
35094009	2022	Oncogene	Bharathy N	SMARCA4 biology in alveolar rhabdomyosarcoma.	P7_perturbseq	Journal Article;Research Support, N.I.H., Extramural;Research Support, Non-U.S. Gov't
35229640	2022	mBio	Poston D	VPS29 Exerts Opposing Effects on Endocytic Viral Entry.	P7_perturbseq	Journal Article;Research Support, N.I.H., Extramural;Research Support, Non-U.S. Gov't
35438505	2022	Environ Sci Technol	Tian M	Toxicological Mechanism of Individual Susceptibility to Formaldehyde-Induced Respiratory Effects.	P7_perturbseq	Journal Article;Research Support, Non-U.S. Gov't
35667246	2022	Redox Biol	Jiang C	A CRISPR screen identifies redox vulnerabilities for KEAP1/NRF2 mutant non-small cell lung cancer.	P7_perturbseq	Journal Article;Research Support, N.I.H., Extramural;Research Support, Non-U.S. Gov't
34998241	2022	EBioMedicine	Fink-Baldauf IM	CRISPRi links COVID-19 GWAS loci to LZTFL1 and RAVER1.	P7_perturbseq	Journal Article
36137002	2022	PLoS Biol	Bennett NK	Primary and metastatic tumors exhibit systems-level differences in dependence on mitochondrial respiratory function.	P7_perturbseq	Journal Article;Research Support, N.I.H., Extramural;Research Support, Non-U.S. Gov't
36121125	2022	EMBO J	Sun D	SOX9 maintains human foetal lung tip progenitor state by enhancing WNT and RTK signalling.	P7_perturbseq	Journal Article;Research Support, Non-U.S. Gov't
36291176	2022	Cells	Kobayashi Y	Genomic Amplification of UBQLN4 Is a Prognostic and Treatment Resistance Factor.	P7_perturbseq	Journal Article;Research Support, Non-U.S. Gov't
35058622	2022	Nat Biotechnol	Ursu O	Massively parallel phenotyping of coding variants in cancer with Perturb-seq.	P7_perturbseq	Journal Article;Research Support, N.I.H., Extramural;Research Support, Non-U.S. Gov't
35351890	2022	Nat Commun	Gogleva A	Knowledge graph-based recommendation framework identifies drivers of resistance in EGFR mutant non-small cell lung cancer.	P7_perturbseq	Journal Article
35502904	2022	mBio	Liu J	Genome-Wide Knockout Screen Identifies Human Sialomucin CD164 as an Essential Entry Factor for Lymphocytic Choriomeningitis Virus.	P7_perturbseq	Journal Article;Research Support, Non-U.S. Gov't;Research Support, N.I.H., Extramural
36405350	2022	Cell Surf	Madduri BTSA	Enhanced immunogenicity of Mycobacterium bovis BCG through CRISPRi mediated depletion of AftC.	P7_perturbseq	Journal Article
35027731	2022	Nat Cell Biol	Samelson AJ	BRD2 inhibition blocks SARS-CoV-2 infection by reducing transcription of the host cell receptor ACE2.	P7_perturbseq	Journal Article;Research Support, N.I.H., Extramural;Research Support, Non-U.S. Gov't;Research Support, U.S. Gov't, Non-P.H.S.
37088775	2022	Zhongguo Ying Yong Sheng Li Xue Za Zhi	Liu K	[Down-regulation of MDR1 gene expression by CRISPRi to enhance the sensitivity of lung adenocarcinoma A549/DDP cells to cisplatin].	P7_perturbseq	English Abstract;Journal Article
34074205	2022	Autophagy	Dahabieh MS	Silencing PEX26 as an unconventional mode to kill drug-resistant cancer cells and forestall drug resistance.	P7_perturbseq	Journal Article
35794066	2022	Redox Biol	Jiang C	Corrigendum to "A CRISPR screen identifies redox vulnerabilities for KEAP1/NRF2 mutant non-small cell lung cancer" [Redox Biol. 54 (2022) 102358].	P7_perturbseq	Published Erratum
36324561	2022	Dose Response	Sun Z	Differentially Expressed mRNAs and Potential Mechanisms of Radiation-Induced TUT4(-/-) Esophageal Cell Injury.	P8_tf_perturb_rna	Journal Article
34718550	2022	Genetics	Colabardini AC	Heterogeneity in the transcriptional response of the human pathogen Aspergillus fumigatus to the antifungal agent caspofungin.	P8_tf_perturb_rna	Journal Article;Research Support, N.I.H., Extramural
35337019	2022	Viruses	May DG	A BioID-Derived Proximity Interactome for SARS-CoV-2 Proteins.	P9_lung_ppi	Journal Article;Research Support, N.I.H., Extramural;Research Support, Non-U.S. Gov't
34922010	2022	Mol Cell Proteomics	Christopher JA	Subcellular Transcriptomics and Proteomics: A Comparative Methods Review.	P9_lung_ppi	Journal Article;Research Support, Non-U.S. Gov't;Review
35677070	2022	Res Sq	Zhou Y	A comprehensive SARS-CoV-2-human protein-protein interactome network identifies pathobiology and host-targeting therapies for COVID-19.	P9_lung_ppi	Preprint;Journal Article
35512709	2022	Mol Cell	Raj N	The Mettl3 epitranscriptomic writer amplifies p53 stress responses.	P9_lung_ppi	Journal Article;Research Support, N.I.H., Extramural;Research Support, Non-U.S. Gov't
35205210	2022	Genes (Basel)	Kim BH	Splicing Variants, Protein-Protein Interactions, and Drug Targeting in Hutchinson-Gilford Progeria Syndrome and Small Cell Lung Cancer.	P9_lung_ppi	Journal Article;Research Support, Non-U.S. Gov't;Review
36094311	2022	Microbiol Spectr	Jiang C	TurboID Screening of the OmpP2 Protein Reveals Host Proteins Involved in Recognition and Phagocytosis of Glaesserella parasuis by iPAM Cells.	P9_lung_ppi	Journal Article;Research Support, Non-U.S. Gov't
35477000	2022	Cell Rep	Labeau A	Characterization and functional interrogation of the SARS-CoV-2 RNA interactome.	P9_lung_ppi	Journal Article;Research Support, Non-U.S. Gov't
35398242	2022	J Ethnopharmacol	Amran N	Differential proteome and functional analysis of NSCLC cell lines in response to Tualang honey treatment.	P9_lung_ppi	Journal Article
35595168	2022	J Mol Biol	Badr H	Proteomic Characterization of a Candidate Polygenic Driver of Metabolism in Non-small Cell Lung Cancer.	P9_lung_ppi	Journal Article;Research Support, Non-U.S. Gov't
34618999	2022	Mol Oncol	Wang W	USP35 mitigates endoplasmic reticulum stress-induced apoptosis by stabilizing RRBP1 in non-small cell lung cancer.	P9_lung_ppi	Journal Article;Research Support, Non-U.S. Gov't
35599981	2022	Pulm Circ	Alba GA	Pulmonary endothelial NEDD9 and the prothrombotic pathophenotype of acute respiratory distress syndrome due to SARS-CoV-2 infection.	P9_lung_ppi	Journal Article
36551595	2022	Cancers (Basel)	Rajagopal V	Proteome-Wide Identification of RNA-Dependent Proteins in Lung Cancer Cells.	P9_lung_ppi	Journal Article
36026437	2022	PLoS Biol	Gong Y	HypDB: A functionally annotated web-based database of the proline hydroxylation proteome.	P9_lung_ppi	Journal Article
36567903	2022	Biomed Res Int	Zhu L	USP2 Inhibits Lung Cancer Pathogenesis by Reducing ARID2 Protein Degradation via Ubiquitination.	P9_lung_ppi	Journal Article
35672403	2022	Sci Rep	Ortega-Bernal D	An approach to cellular tropism of SARS-CoV-2 through protein-protein interaction and enrichment analysis.	P9_lung_ppi	Journal Article
35149839	2022	Oncogene	Hong SY	Stabilization of AURKA by the E3 ubiquitin ligase CBLC in lung adenocarcinoma.	P9_lung_ppi	Journal Article;Research Support, Non-U.S. Gov't
35577504	2022	J Immunother Cancer	Zhu L	Albendazole induces immunotherapy response by facilitating ubiquitin-mediated PD-L1 degradation.	P9_lung_ppi	Journal Article
36268014	2022	Front Immunol	Tang XY	Dual immunological and proliferative regulation of immune checkpoint FGL1 in lung adenocarcinoma: The pivotal role of the YY1-FGL1-MYH9 axis.	P9_lung_ppi	Journal Article;Research Support, Non-U.S. Gov't
35462760	2022	PeerJ	Jeong KT	Association of heat shock protein 8 with atopic march in a murine experimental model.	P9_lung_ppi	Journal Article;Research Support, Non-U.S. Gov't
35744954	2022	Molecules	Alvarez MRS	An Integrated Mass Spectrometry-Based Glycomics-Driven Glycoproteomics Analytical Platform to Functionally Characterize Glycosylation Inhibitors.	P9_lung_ppi	Journal Article
36496997	2022	Cells	Wan H	LINC00491 Facilitates Tumor Progression of Lung Adenocarcinoma via Wnt/β-Catenin-Signaling Pathway by Regulating MTSS1 Ubiquitination.	P9_lung_ppi	Journal Article
36386126	2022	Front Pharmacol	Zuo B	Yiqi Huayu decoction alleviates bleomycin-induced pulmonary fibrosis in rats by inhibiting senescence.	P9_lung_ppi	Journal Article
35022314	2022	Mol Cancer Res	Majumder A	Integrated Proteomics-Based Physical and Functional Mapping of AXL Kinase Signaling Pathways and Inhibitors Define Its Role in Cell Migration.	P9_lung_ppi	Journal Article;Research Support, N.I.H., Extramural;Research Support, Non-U.S. Gov't
36225252	2022	Front Mol Biosci	Iacobucci I	Spike S1 domain interactome in non-pulmonary systems: A role beyond the receptor recognition.	P9_lung_ppi	Journal Article
35210754	2022	Drug Des Devel Ther	Liu D	Network Pharmacology and Experimental Verification to Explore the Potential Mechanism of Yin-Huo-Tang for Lung Adenocarcinoma Recurrence.	P9_lung_ppi	Journal Article
35728279	2022	Biochem Biophys Res Commun	Kaushik A	2D-DIGE based urinary proteomics and functional enrichment studies to reveal novel Mycobacterium tuberculosis and human protein biomarker candidates for pulmonary tuberculosis.	P9_lung_ppi	Journal Article;Research Support, Non-U.S. Gov't
35563422	2022	Int J Mol Sci	Velázquez-Enríquez JM	Proteomic Analysis Reveals Differential Expression Profiles in Idiopathic Pulmonary Fibrosis Cell Lines.	P9_lung_ppi	Journal Article
35301141	2022	J Proteomics	Zhang X	Dynamic EGFR interactomes reveal differential association of signaling modules with wildtype and Exon19-del EGFR in NSCLC cell lines.	P9_lung_ppi	Journal Article
35014587	2022	Toxicol Mech Methods	Li R	Proteomic characteristics of PM(2.5)-induced differentially expressed proteins in k-ras-silenced HBE cells.	P9_lung_ppi	Journal Article
35693605	2022	J Thorac Dis	Xing B	Molecular clustering based on gene set expression and its relationship with prognosis in patients with lung adenocarcinoma.	P9_lung_ppi	Journal Article
35985690	2022	Cancer Genomics Proteomics	Thongsom S	Analysis of Protein-Protein Interactions Identifies NECTIN2 as a Target of N,N-Bis (5-Ethyl-2-hydroxybenzyl) Methylamine for Inhibition of Lung Cancer Metastasis.	P9_lung_ppi	Journal Article
36209117	2022	J Exp Clin Cancer Res	Gao J	Exosomal circZNF451 restrains anti-PD1 treatment in lung adenocarcinoma via polarizing macrophages by complexing with TRIM56 and FXR1.	P9_lung_ppi	Journal Article
36387401	2022	Front Vet Sci	Tang J	ITRAQ-based quantitative proteomics analysis of forest musk deer with pneumonia.	P9_lung_ppi	Journal Article
35533462	2022	Comput Biol Med	Eskandarzade N	Network for network concept offers new insights into host- SARS-CoV-2 protein interactions and potential novel targets for developing antiviral drugs.	P9_lung_ppi	Journal Article;Review
36341346	2022	Front Immunol	Wang H	Proteomic and phosphorylated proteomic landscape of injured lung in juvenile septic rats with therapeutic application of umbilical cord mesenchymal stem cells.	P9_lung_ppi	Journal Article;Research Support, Non-U.S. Gov't
36046620	2022	Cell Rep Methods	Sharifi Tabar M	Illuminating the dark protein-protein interactome.	P10_global_ppi	Journal Article;Review;Research Support, Non-U.S. Gov't
35113472	2022	Int J Cancer	Sharifi Tabar M	Mapping oncogenic protein interactions for precision medicine.	P10_global_ppi	Journal Article;Review;Research Support, Non-U.S. Gov't
36115835	2022	Nat Commun	Gogl G	Quantitative fragmentomics allow affinity mapping of interactomes.	P10_global_ppi	Journal Article;Research Support, Non-U.S. Gov't
35384245	2022	EMBO Rep	Salokas K	Physical and functional interactome atlas of human receptor tyrosine kinases.	P10_global_ppi	Journal Article;Research Support, Non-U.S. Gov't
35831314	2022	Nat Commun	Havugimana PC	Scalable multiplex co-fractionation/mass spectrometry platform for accelerated protein interactome discovery.	P10_global_ppi	Journal Article;Research Support, N.I.H., Extramural;Research Support, Non-U.S. Gov't
34624295	2022	J Mol Biol	Yu C	Distinctive Network Topology of Phase-Separated Proteins in Human Interactome.	P10_global_ppi	Journal Article;Research Support, Non-U.S. Gov't
35816513	2022	PLoS Pathog	Fu M	A protein-protein interaction map reveals that the Coxiella burnetii effector CirB inhibits host proteasome activity.	P10_global_ppi	Journal Article;Research Support, Non-U.S. Gov't
36361590	2022	Int J Mol Sci	Selicky T	Defining the Functional Interactome of Spliceosome-Associated G-Patch Protein Gpl1 in the Fission Yeast Schizosaccharomyces pombe.	P10_global_ppi	Journal Article
36472030	2022	Zhongguo Zhong Yao Za Zhi	He TY	[Identification of chemical components based on UPLC-Q-TOF-MS/MS and network pharmacology of Zhuru Decoction].	P10_global_ppi	English Abstract;Journal Article
35864295	2022	Sci Rep	Yuan J	Systematic characterization of the components and molecular mechanisms of Jinshui Huanxian granules using UPLC-Orbitrap Fusion MS integrated with network pharmacology.	P10_global_ppi	Journal Article;Research Support, Non-U.S. Gov't
35708349	2022	Development	Yang X	A PDX1 cistrome and single-cell transcriptome resource of the developing pancreas.	P11_catalogs	Journal Article;Research Support, N.I.H., Extramural;Research Support, Non-U.S. Gov't
34751401	2022	Nucleic Acids Res	Hammal F	ReMap 2022: a database of Human, Mouse, Drosophila and Arabidopsis regulatory regions from an integrative analysis of DNA-binding sequencing experiments.	P11_catalogs	Journal Article;Research Support, Non-U.S. Gov't
36110576	2022	Comput Math Methods Med	Hu S	Expression and the Prognostic Value of Biglycan in Gastric Cancer.	P11_catalogs	Journal Article
35782725	2022	Comput Struct Biotechnol J	Wang X	DESSO-DB: A web database for sequence and shape motif analyses and identification.	P11_catalogs	Journal Article
35294900	2022	Neuron	Mague SD	Brain-wide electrical dynamics encode individual appetitive social behavior.	P11_catalogs	Journal Article;Research Support, N.I.H., Extramural;Research Support, Non-U.S. Gov't
36394327	2022	Appl Environ Microbiol	Mann E	Human Gut Metagenomes Encode Diverse GH156 Sialidases.	P11_catalogs	Journal Article;Research Support, Non-U.S. Gov't
35142289	2022	Elife	Lu Q	A neural network model of when to retrieve and encode episodic memories.	P11_catalogs	Journal Article;Research Support, U.S. Gov't, Non-P.H.S.
35886000	2022	Genes (Basel)	Harshan S	Altered Transcriptional Regulation of Glycolysis in Circulating CD8(+) T Cells of Rheumatoid Arthritis Patients.	P11_catalogs	Journal Article;Research Support, Non-U.S. Gov't
36221049	2022	BMC Bioinformatics	Zhou R	Novel six-gene prognostic signature based on colon adenocarcinoma immune-related genes.	P11_catalogs	Journal Article
35421860	2022	Cerebrovasc Dis	Dong C	Curcumin Attenuates Hydrocephalus via Activation of E2F Transcription Factor 4.	P11_catalogs	Journal Article
35325188	2022	Nucleic Acids Res	Zou Z	ChIP-Atlas 2021 update: a data-mining suite for exploring epigenomic landscapes by fully integrating ChIP-seq, ATAC-seq and Bisulfite-seq data.	P11_catalogs	Journal Article;Research Support, Non-U.S. Gov't
35908202	2022	J Cell Physiol	Hirata H	A novel role of helix-loop-helix transcriptional factor Bhlhe40 in osteoclast activation.	P11_catalogs	Journal Article;Research Support, Non-U.S. Gov't
35671296	2022	PLoS Comput Biol	Huang T	Identification of upstream transcription factor binding sites in orthologous genes using mixed Student's t-test statistics.	P11_catalogs	Journal Article;Research Support, Non-U.S. Gov't
35891648	2022	PeerJ	Zhang M	Identification and validation of immune related core transcription factors GTF2I in NAFLD.	P11_catalogs	Journal Article;Research Support, Non-U.S. Gov't
36061801	2022	Front Plant Sci	Lavrekha VV	CisCross: A gene list enrichment analysis to predict upstream regulators in Arabidopsis thaliana.	P11_catalogs	Journal Article
35872983	2022	Front Endocrinol (Lausanne)	Song D	ERα and ERβ Homodimers in the Same Cellular Context Regulate Distinct Transcriptomes and Functions.	P11_catalogs	Journal Article;Research Support, Non-U.S. Gov't
36514150	2022	BMC Med Genomics	Shi C	Construction of an lncRNA model for prognostic prediction of bladder cancer.	P11_catalogs	Journal Article
34534350	2022	Nucleic Acids Res	Zeng Z	TISMO: syngeneic mouse tumor database to model tumor immunity and immunotherapy response.	P11_catalogs	Journal Article;Research Support, N.I.H., Extramural;Research Support, Non-U.S. Gov't
36401579	2022	ACS Chem Neurosci	Miao J	Sp1 Inhibits PGC-1α via HDAC2-Catalyzed Histone Deacetylation in Chronic Constriction Injury-Induced Neuropathic Pain.	P11_catalogs	Journal Article;Research Support, Non-U.S. Gov't
35176941	2022	Bioengineered	Liu M	MYB proto-oncogene like 2 promotes hepatocellular carcinoma growth and glycolysis via binding to the Optic atrophy 3 promoter and activating its expression.	P11_catalogs	Journal Article;Research Support, Non-U.S. Gov't
36335317	2022	BMC Oral Health	Na L	HMG20A was identified as a key enhancer driver associated with DNA damage repair in oral squamous cell carcinomas.	P11_catalogs	Journal Article;Research Support, Non-U.S. Gov't
36266458	2022	Nat Ecol Evol	Wolf S	Citizen science plant observations encode global trait patterns.	P11_catalogs	Journal Article;Research Support, Non-U.S. Gov't
35812745	2022	Front Genet	Sun G	Comprehensive Analysis of VCAN Expression Profiles and Prognostic Values in HCC.	P11_catalogs	Journal Article
35787932	2022	Transpl Immunol	Ding N	Contribution of prognostic ferroptosis-related subtypes classification and hub genes of sepsis.	P11_catalogs	Journal Article
35472469	2022	J Oral Biosci	Ohnishi T	Periodontitis promotes the expression of gingival transmembrane serine protease 2 (TMPRSS2), a priming protease for severe acute respiratory syndrome coronavirus 2 (SARS-CoV-2).	P11_catalogs	Journal Article;Research Support, Non-U.S. Gov't
35261789	2022	Am J Cancer Res	Martinou EG	PBX4 functions as a potential novel oncopromoter in colorectal cancer: a comprehensive analysis of the PBX gene family.	P11_catalogs	Journal Article
35112956	2022	Bioengineered	Fan L	Foxhead box D1 promotes the partial epithelial-to-mesenchymal transition of laryngeal squamous cell carcinoma cells via transcriptionally activating the expression of zinc finger protein 532.	P11_catalogs	Journal Article
36405755	2022	Front Immunol	Chen X	Identifying tumor antigens and immune subtypes of renal cell carcinoma for immunotherapy development.	P11_catalogs	Journal Article
36195655	2022	Sci Rep	Fan K	Analysis of the correlation between Zeste enhancer homolog 2 (EZH2) mRNA expression and the prognosis of mesothelioma patients and immune infiltration.	P11_catalogs	Journal Article
35557559	2022	J Gastrointest Oncol	Wang G	Identification of the key genes controlling stomach adenocarcinoma stem cell characteristics via an analysis of stemness indices.	P11_catalogs	Journal Article
36568181	2022	Front Oncol	Jiang X	Identifying tumor antigens and immune subtypes of gastrointestinal MALT lymphoma for immunotherapy development.	P11_catalogs	Journal Article
35387975	2022	Cell Death Dis	Su H	LncRNA HOXC-AS3 promotes non-small-cell lung cancer growth and metastasis through upregulation of YBX1.	P12_mouse_lung_chip	Journal Article
35105868	2022	Nat Commun	Napoli M	ΔNp63 regulates a common landscape of enhancer associated genes in non-small cell lung cancer.	P12_mouse_lung_chip	Journal Article;Research Support, N.I.H., Extramural;Research Support, Non-U.S. Gov't
36115458	2022	J Biol Chem	Wei W	Chromatin remodeler Znhit1 controls bone morphogenetic protein signaling in embryonic lung tissue branching.	P12_mouse_lung_chip	Journal Article;Research Support, Non-U.S. Gov't
35040433	2022	J Clin Invest	Sung BY	Wnt activation promotes memory T cell polyfunctionality via epigenetic regulator PRMT1.	P13_lung_immune_chip	Journal Article;Research Support, N.I.H., Extramural;Research Support, Non-U.S. Gov't
35429693	2022	EBioMedicine	Verdikt R	Novel role of UHRF1 in the epigenetic repression of the latent HIV-1.	P13_lung_immune_chip	Journal Article
35121645	2022	J Immunother Cancer	Jie X	Targeting KDM4C enhances CD8(+) T cell mediated antitumor immunity by activating chemokine CXCL10 transcription in lung cancer.	P13_lung_immune_chip	Journal Article;Research Support, Non-U.S. Gov't
35914404	2022	J Mol Cell Cardiol	Yoshida Y	Genetic and functional analyses of TBX4 reveal novel mechanisms underlying pulmonary arterial hypertension.	P13_lung_immune_chip	Journal Article;Research Support, Non-U.S. Gov't
36224531	2022	Mol Med	Wu F	c-Jun-mediated miR-19b expression induces endothelial barrier dysfunction in an in vitro model of hemorrhagic shock.	P13_lung_immune_chip	Journal Article;Research Support, N.I.H., Extramural
35864158	2022	Br J Cancer	Xie T	LHX2 facilitates the progression of nasopharyngeal carcinoma via activation of the FGF1/FGFR axis.	P13_lung_immune_chip	Journal Article
35497094	2022	Mediators Inflamm	Yang CC	Thrombin Induces COX-2 and PGE(2) Expression via PAR1/PKCalpha/MAPK-Dependent NF-kappaB Activation in Human Tracheal Smooth Muscle Cells.	P13_lung_immune_chip	Journal Article
35415876	2022	Clin Transl Med	Gao Y	LncRNA PCAT1 activates SOX2 and suppresses radioimmune responses via regulating cGAS/STING signalling in non-small cell lung cancer.	P13_lung_immune_chip	Journal Article
35370996	2022	Front Immunol	Du Y	ATF3 Positively Regulates Antibacterial Immunity by Modulating Macrophage Killing and Migration Functions.	P13_lung_immune_chip	Journal Article;Research Support, Non-U.S. Gov't
35577506	2022	J Immunother Cancer	Zhuo Y	Targeting SNORA38B attenuates tumorigenesis and sensitizes immune checkpoint blockade in non-small cell lung cancer by remodeling the tumor microenvironment via regulation of GAB2/AKT/mTOR signaling pathway.	P13_lung_immune_chip	Journal Article
36348350	2022	Cell Commun Signal	Shi HX	Elevation of spermine remodels immunosuppressive microenvironment through driving the modification of PD-L1 in hepatocellular carcinoma.	P13_lung_immune_chip	Video-Audio Media;Journal Article
34865992	2022	Int Immunopharmacol	Hu WP	Protective effects of progesterone on pulmonary artery smooth muscle cells stimulated with Interleukin 6 via blocking the shuttling and transcriptional function of STAT3.	P13_lung_immune_chip	Journal Article
36600652	2022	J Immunother Cancer	Tanagala KKK	SP140 inhibits STAT1 signaling, induces IFN-γ in tumor-associated macrophages, and is a predictive biomarker of immunotherapy response.	P13_lung_immune_chip	Journal Article;Research Support, Non-U.S. Gov't;Research Support, N.I.H., Extramural
35722379	2022	Ann Transl Med	Li Y	G9a promotes inflammation in Streptococcus pneumoniae induced pneumonia mice by stimulating M1 macrophage polarization and H3K9me2 methylation in FOXP1 promoter region.	P13_lung_immune_chip	Journal Article
35467477	2022	Drug Deliv	Xie H	Exosome-transmitted circVMP1 facilitates the progression and cisplatin resistance of non-small cell lung cancer by targeting miR-524-5p-METTL3/SOX2 axis.	P14_variant_tf_binding	Journal Article
35303882	2022	Mol Cancer	Pan Z	Cholesterol promotes EGFR-TKIs resistance in NSCLC by inducing EGFR/Src/Erk/SP1 signaling-mediated ERRα re-expression.	P14_variant_tf_binding	Journal Article;Research Support, Non-U.S. Gov't
35477244	2022	Hypertension	Liu B	Calcium Sensing Receptor Variants Increase Pulmonary Hypertension Susceptibility.	P14_variant_tf_binding	Journal Article;Research Support, Non-U.S. Gov't
35899460	2022	FASEB J	Koutsogiannaki S	Propofol directly binds to and inhibits TLR7.	P14_variant_tf_binding	Journal Article;Research Support, N.I.H., Extramural
36111260	2022	Dis Markers	Han X	Study on the Potential Mechanism of miR-22-5p in Non-Small-Cell Lung Cancer.	P14_variant_tf_binding	Journal Article
36150622	2022	Environ Pollut	Zhang H	Roles of H19/miR-29a-3p/COL1A1 axis in COE-induced lung cancer.	P14_variant_tf_binding	Journal Article
35980503	2022	Clin Transl Oncol	Kong W	Cancer cell-derived exosomal LINC00313 induces M2 macrophage differentiation in non-small cell lung cancer.	P14_variant_tf_binding	Journal Article
35350838	2022	Open Med (Wars)	Sun T	Decreased expression of miR-195 mediated by hypermethylation promotes osteosarcoma.	P14_variant_tf_binding	Journal Article
35879698	2022	BMC Pulm Med	Lin G	C1QTNF6 regulated by miR-29a-3p promotes proliferation and migration in stage I lung adenocarcinoma.	P14_variant_tf_binding	Journal Article
34921595	2022	J Tissue Eng Regen Med	Li D	LncRNA FOXP4-AS promotes the progression of non-small cell lung cancer by regulating the miR-3184-5p/EIF5A axis.	P14_variant_tf_binding	Journal Article
35164915	2022	Bull Cancer	Lin F	MiR-1226, mediated by ASCL1, suppresses the progression of non-small cell lung cancer by targeting FGF2.	P14_variant_tf_binding	Journal Article
35143342	2022	DNA Cell Biol	Wu S	Analysis of Genetic Variants and the ceRNA Network of miR-9 in Non-Small Cell Lung Cancer.	P14_variant_tf_binding	Journal Article
36660663	2022	Ann Transl Med	Cao X	MiR-202-3p inhibits the proliferation and metastasis of lung adenocarcinoma cells by targeting RRM2.	P14_variant_tf_binding	Journal Article
35862468	2022	DNA Cell Biol	Li Y	Dihydroartemisinin Attenuates Hypoxic Pulmonary Hypertension via the Downregulation of miR-335 Targeting Vangl2.	P14_variant_tf_binding	Journal Article
36381334	2022	Am J Cancer Res	Park SY	MicroRNA-122 targets δ-catenin to suppress the tumorigenic potential of prostate cancer cells.	P14_variant_tf_binding	Journal Article
36164726	2022	J Clin Lab Anal	Cai J	Circular RNA hsa_circ_0018189 drives non-small cell lung cancer growth by sequestering miR-656-3p and enhancing xCT expression.	P14_variant_tf_binding	Journal Article
34989145	2022	Thorac Cancer	Ding D	Circ_0007385 regulates cell proliferation, apoptosis and stemness via targeting miR-493-3p/RAB22A axis in non-small cell lung cancer.	P14_variant_tf_binding	Journal Article
35026283	2022	Exp Cell Res	Zhu L	FOXP3 activated-LINC01232 accelerates the stemness of non-small cell lung carcinoma by activating TGF-β signaling pathway and recruiting IGF2BP2 to stabilize TGFBR1.	P14_variant_tf_binding	Journal Article;Research Support, Non-U.S. Gov't
35908770	2022	J Clin Lab Anal	Fan J	Hsa_circ_0129047 regulates the miR-375/ACVRL1 axis to attenuate the progression of lung adenocarcinoma.	P14_variant_tf_binding	Journal Article
35075769	2022	Am J Med Genet A	Yıldız Bölükbaşı E	Exacerbation of mild lung disorders to lethal pulmonary hypoplasia by a noncoding hypomorphic SNV in a lung-specific enhancer in trans to the frameshifting TBX4 variant.	P14_variant_tf_binding	Journal Article;Research Support, N.I.H., Extramural
35706791	2022	Transl Cancer Res	Wang D	LncRNA OXCT1-AS1 promotes the proliferation of non-small cell lung cancer cells by targeting the miR-195/CCNE1 axis.	P14_variant_tf_binding	Journal Article
35621142	2022	Int J Mol Med	Tian D	Tanshinone IIA protects against chronic obstructive pulmonary disease via exosome‑shuttled miR‑486‑5p.	P14_variant_tf_binding	Journal Article
35256612	2022	Cell Death Discov	Wang J	Hypoxia-induced PVT1 promotes lung cancer chemoresistance to cisplatin by autophagy via PVT1/miR-140-3p/ATG5 axis.	P14_variant_tf_binding	Journal Article
35261900	2022	Transl Cancer Res	Jin J	Circular RNA circTADA2A promotes the proliferation, invasion, and migration of non-small cell lung cancer cells via the miR-450b-3p/HMGN5 signaling pathway.	P14_variant_tf_binding	Journal Article
35852389	2022	Am J Respir Crit Care Med	Prapa M	First Genotype-Phenotype Study in TBX4 Syndrome: Gain-of-Function Mutations Causative for Lung Disease.	P14_variant_tf_binding	Multicenter Study;Journal Article;Research Support, Non-U.S. Gov't
34968160	2022	Bioengineered	Jiang K	microRNA-20b-5p overexpression combing Pembrolizumab potentiates cancer cells to radiation therapy via repressing programmed death-ligand 1.	P14_variant_tf_binding	Journal Article
35568971	2022	Microbiol Immunol	Sun W	Diagnostic value of lncRNA NORAD in pulmonary tuberculosis and its regulatory role in Mycobacterium tuberculosis infection of macrophages.	P14_variant_tf_binding	Journal Article
34850570	2022	Thorac Cancer	Yu J	CircRNA circ_0008037 facilitates tumor growth and the Warburg effect via upregulating NUCKS1 by binding to miR-433-3p in non-small cell lung cancer.	P14_variant_tf_binding	Journal Article
34811815	2022	J Clin Lab Anal	Liu Y	Circ_0000463 contributes to the progression and glutamine metabolism of non-small-cell lung cancer by targeting miR-924/SLC1A5 signaling.	P14_variant_tf_binding	Journal Article
35599447	2022	Thorac Cancer	Liu Y	MiR-200c-3p and miR-485-5p overexpression elevates cisplatin sensitivity and suppresses the malignant phenotypes of non-small cell lung cancer cells through targeting RRM2.	P14_variant_tf_binding	Journal Article
35473552	2022	Bioengineered	Wang X	The biological function of the long non-coding RNA endogenous born avirus-like nucleoprotein in lung adenocarcinoma is mediated through the microRNA-655-3p/B-cell lymphoma-2 axis.	P14_variant_tf_binding	Journal Article
36153414	2022	Discov Oncol	Chen Z	Tumor-derived exosomal HOTAIRM1 regulates SPON2 in CAFs to promote progression of lung adenocarcinoma.	P14_variant_tf_binding	Journal Article
36590309	2022	J Oncol	Fang Y	circPOLR1C Promotes the Development of Esophageal Cancer by Adsorbing miR-361-3p and Regulating Cancer Cell Apoptosis and Metastasis.	P14_variant_tf_binding	Journal Article
35996717	2022	Dis Markers	Zhou L	Calycosin Inhibits the Malignant Behaviors of Lung Adenocarcinoma Cells by Regulating the circ_0001946/miR-21/GPD1L/HIF-1α Signaling Axis.	P14_variant_tf_binding	Journal Article;Retracted Publication
35902696	2022	Eur J Hum Genet	Yıldız Bölükbaşı E	Variable expressivity in a four-generation ACDMPV family with a non-coding hypermorphic SNV in trans to the frameshifting FOXF1 variant.	P14_variant_tf_binding	Case Reports;Journal Article;Research Support, N.I.H., Extramural;Research Support, Non-U.S. Gov't
35900183	2022	Plant Biotechnol J	Dent M	Impact of glycoengineering and antidrug antibodies on the anticancer activity of a plant-made lectin-Fc fusion protein.	P14_variant_tf_binding	Journal Article;Research Support, N.I.H., Extramural
35488927	2022	Inflamm Res	Zhu X	SRY-related high-mobility group box 9 (SOX9) alleviates cigarette smoke extract (CSE)-induced inflammatory injury in human bronchial epithelial cells by suppressing stromal interaction molecule 1 (STIM1) expression.	P14_variant_tf_binding	Journal Article
35475457	2022	Bioengineered	Hu Y	Long noncoding RNA regulatory factor X3- antisense RNA 1 promotes non-small cell lung cancer via the microRNA-577/signal transducer and activator of transcription 3 axis.	P14_variant_tf_binding	Journal Article
35193488	2022	Cell Mol Biol Lett	Lu L	Exosomal lncRNA TUG1 from cancer-associated fibroblasts promotes liver cancer cell migration, invasion, and glycolysis by regulating the miR-524-5p/SIX1 axis.	P14_variant_tf_binding	Journal Article
35171066	2022	Pharm Biol	Qian Y	Nrf2 regulates downstream genes by targeting miR-29b in severe asthma and the role of grape seed proanthocyanidin extract in a murine model of steroid-insensitive asthma.	P14_variant_tf_binding	Comparative Study;Journal Article
35122570	2022	Inflammation	Yang C	LncRNA HCP5 Participates in the Tregs Functions in Allergic Rhinitis and Drives Airway Mucosal Inflammatory Response in the Nasal Epithelial Cells.	P14_variant_tf_binding	Journal Article
34855515	2022	Can J Physiol Pharmacol	Shen Y	Long non-coding RNA LINC01194 promotes the inflammatory response and apoptosis of lipopolysaccharide-treated MLE-12 cells through the miR-203a-3p/MIP-2 axis.	P14_variant_tf_binding	Journal Article
34796777	2022	Autoimmunity	Zhang R	Circ-METTL15 contributes to the proliferation, metastasis, immune escape and restrains apoptosis in lung cancer by regulating miR-1299/PDL1 axis.	P14_variant_tf_binding	Journal Article
34718002	2022	Sci Total Environ	Wang L	Redox sensitive miR-27a/b/Nrf2 signaling in Cr(VI)-induced carcinogenesis.	P15_direct_targets	Journal Article
36578545	2022	Front Pharmacol	Ni K	Emerging toolset of three-dimensional pulmonary cell culture models for simulating lung pathophysiology towards mechanistic elucidation and therapeutic treatment of SARS-COV-2 infection.	P15_direct_targets	Journal Article;Review
35163707	2022	Int J Mol Sci	Liu BJ	miR-196a Upregulation Contributes to Gefitinib Resistance through Inhibiting GLTP Expression.	P15_direct_targets	Journal Article
34021424	2022	Dig Dis Sci	Qi Y	LncRNA LEF1-AS1/LEF1/FUT8 Axis Mediates Colorectal Cancer Progression by Regulating α1, 6-Fucosylationvia Wnt/β-Catenin Pathway.	P15_direct_targets	Journal Article;Research Support, Non-U.S. Gov't
37311571	2023	Cancer Sci	Chen Y	BACH1 promotes lung adenocarcinoma cell metastasis through transcriptional activation of ITGA2.	P1_lung_chip_tf	Journal Article
37606530	2023	Mol Oncol	Pan X	KLF12 transcriptionally regulates PD-L1 expression in non-small cell lung cancer.	P1_lung_chip_tf	Journal Article;Research Support, Non-U.S. Gov't
37733753	2023	J Cell Physiol	Chen H	CBX8 promotes lung adenocarcinoma growth and metastasis through transcriptional repression of CDKN2C and SCEL.	P1_lung_chip_tf	Journal Article;Research Support, Non-U.S. Gov't
36657708	2023	Int J Biochem Cell Biol	Xu C	The c-Myc targeting hnRNPAB promotes lung adenocarcinoma cell proliferation via stabilization of CDK4 mRNA.	P1_lung_chip_tf	Journal Article;Research Support, Non-U.S. Gov't
36634573	2023	Lung Cancer	Gloriane C Luna H	Expression landscapes in non-small cell lung cancer shaped by the thyroid transcription factor 1.	P1_lung_chip_tf	Journal Article;Research Support, Non-U.S. Gov't
37056388	2023	J Cancer	Peng Y	AhR Promotes the Development of Non-small cell lung cancer by Inducing SLC7A11-dependent Antioxidant Function.	P1_lung_chip_tf	Journal Article
37121465	2023	Pulm Pharmacol Ther	Wang T	Transcriptional factor MAZ promotes cisplatin-induced DNA damage repair in lung adenocarcinoma by regulating NEIL3.	P1_lung_chip_tf	Journal Article
36418641	2023	Clin Transl Oncol	Gao Y	ZEB1-activated Notch1 promotes circulating tumor cell migration and invasion in lung squamous cell carcinoma.	P1_lung_chip_tf	Journal Article
36538983	2023	Cancer Lett	Yang J	Miz1 promotes KRAS-driven lung tumorigenesis by repressing the protocadherin Pcdh10.	P1_lung_chip_tf	Journal Article
37957645	2023	Respir Res	Shan G	Inhibition of PKA/CREB1 pathway confers sensitivity to ferroptosis in non-small cell lung cancer.	P1_lung_chip_tf	Journal Article
37058478	2023	PLoS One	Shi Q	rs66651343 and rs12909095 confer lung cancer risk by regulating CCNDBP1 expression.	P1_lung_chip_tf	Journal Article;Research Support, Non-U.S. Gov't
36697384	2023	Cell Death Dis	Li P	Characterization of circSCL38A1 as a novel oncogene in bladder cancer via targeting ILF3/TGF-β2 signaling axis.	P1_lung_chip_tf	Journal Article;Research Support, Non-U.S. Gov't
37754231	2023	Curr Issues Mol Biol	Bermúdez G	Long Noncoding RNA TALAM1 Is a Transcriptional Target of the RUNX2 Transcription Factor in Lung Adenocarcinoma.	P1_lung_chip_tf	Journal Article
36789421	2023	bioRxiv	Jang MK	Cell-free Chromatin Immunoprecipitation to detect molecular pathways in Physiological and Disease States.	P2_lung_chip_disease	Preprint;Journal Article
36824732	2023	bioRxiv	Chioma OS	Low Gut Microbial Diversity Augments Estrogen-driven Pulmonary Fibrosis in Female-Predominant Interstitial Lung Disease.	P2_lung_chip_disease	Preprint;Journal Article
37614425	2023	Exp Ther Med	Li YK	Single‑nucleotide polymorphism rs6592645 confers asthma risk through regulating LRRC32 expression.	P2_lung_chip_disease	Journal Article
37230431	2023	Int J Radiat Oncol Biol Phys	Zhang Y	STING-Dependent Sensing of Self-DNA Driving Pyroptosis Contributes to Radiation-Induced Lung Injury.	P2_lung_chip_disease	Journal Article
37316684	2023	Sci Rep	Islam R	An antioxidant ameliorates allergic airway inflammation by inhibiting HDAC 1 via HIF-1α/VEGF axis suppression in mice.	P2_lung_chip_disease	Journal Article;Research Support, Non-U.S. Gov't
37873485	2023	bioRxiv	Perrot CY	Mast-Cell Expressed Membrane Protein-1 (MCEMP1) is expressed in classical monocytes and alveolar macrophages in Idiopathic Pulmonary Fibrosis and regulates cell chemotaxis, adhesion, and migration in a TGFβ dependent manner.	P2_lung_chip_disease	Preprint;Journal Article
37783703	2023	Cell Death Discov	Zhou JP	Exogenous Ang-(1-7) inhibits autophagy via HIF-1α/THBS1/BECN1 axis to alleviate chronic intermittent hypoxia-enhanced airway remodelling of asthma.	P2_lung_chip_disease	Journal Article
36926469	2023	Regen Ther	Xu L	Therapeutic role of adipose-derived mesenchymal stem cells-derived extracellular vesicles in rats with obstructive sleep apnea hypopnea syndrome.	P2_lung_chip_disease	Journal Article
36691073	2023	Cell Commun Signal	Wang Z	GRHL2-controlled gene expression networks in luminal breast cancer.	P3_lung_tf_names	Video-Audio Media;Journal Article;Research Support, Non-U.S. Gov't
37561629	2023	Cell Rep	SoRelle ED	Epstein-Barr virus evades restrictive host chromatin closure by subverting B cell activation and germinal center regulatory loci.	P3_lung_tf_names	Journal Article;Research Support, Non-U.S. Gov't;Research Support, N.I.H., Extramural
36768838	2023	Int J Mol Sci	Wang Z	GRHL2 Regulation of Growth/Motility Balance in Luminal versus Basal Breast Cancer.	P3_lung_tf_names	Journal Article
36727462	2023	Nucleic Acids Res	Jeon HY	SMAD3 promotes expression and activity of the androgen receptor in prostate cancer.	P3_lung_tf_names	Journal Article;Research Support, N.I.H., Extramural;Research Support, Non-U.S. Gov't;Research Support, U.S. Gov't, Non-P.H.S.
36680650	2023	Dig Dis Sci	Li H	TEA Domain Transcription Factor 1 Inhibits Ferroptosis and Sorafenib Sensitivity of Hepatocellular Carcinoma Cells.	P3_lung_tf_names	Journal Article;Research Support, Non-U.S. Gov't
35918104	2023	Gut	Brusilovsky M	Vitamin D receptor and STAT6 interactome governs oesophageal epithelial barrier responses to IL-13 signalling.	P3_lung_tf_names	Journal Article;Research Support, Non-U.S. Gov't;Research Support, N.I.H., Extramural
36690169	2023	Mol Cell Endocrinol	Berry KJ	Genomic glucocorticoid action in embryonic mouse neural stem cells.	P3_lung_tf_names	Journal Article;Research Support, N.I.H., Extramural;Research Support, Non-U.S. Gov't
37633945	2023	Cell Death Dis	Li J	SPDEF enhances cancer stem cell-like properties and tumorigenesis through directly promoting GALNT7 transcription in luminal breast cancer.	P3_lung_tf_names	Journal Article;Research Support, Non-U.S. Gov't
37779141	2023	Exp Mol Med	Machino H	Integrative analysis reveals early epigenetic alterations in high-grade serous ovarian carcinomas.	P3_lung_tf_names	Journal Article;Research Support, Non-U.S. Gov't
37308292	2023	Genome Res	Morin A	Characterizing the targets of transcription regulators by aggregating ChIP-seq and perturbation expression data sets.	P3_lung_tf_names	Journal Article;Research Support, N.I.H., Extramural;Research Support, Non-U.S. Gov't
37633334	2023	J Biol Chem	Choi J	NFIB-MLL1 complex is required for the stemness and Dlx5-dependent osteogenic differentiation of C3H10T1/2 mesenchymal stem cells.	P3_lung_tf_names	Journal Article;Research Support, Non-U.S. Gov't
37967508	2023	EBioMedicine	Liu SX	Super-enhancer driven SOX2 promotes tumor formation by chromatin re-organization in nasopharyngeal carcinoma.	P3_lung_tf_names	Journal Article
37661236	2023	Plant Mol Biol	Takawira LT	Functional investigation of five R2R3-MYB transcription factors associated with wood development in Eucalyptus using DAP-seq-ML.	P3_lung_tf_names	Journal Article
37987107	2023	J Korean Med Sci	Yoo SS	Promoter-Specific Variants in NeuroD1 and H3K4me3 Coincident Regions and Clinical Outcomes of Small Cell Lung Cancer.	P3_lung_tf_names	Journal Article
37971599	2023	Stress Biol	Zhang P	Molecular mechanism analysis of ZmRL6 positively regulating drought stress tolerance in maize.	P3_lung_tf_names	Journal Article
36793061	2023	Cell Biosci	Kang HS	GLIS3 regulates transcription of thyroid hormone biosynthetic genes in coordination with other thyroid transcription factors.	P3_lung_tf_names	Journal Article
37398419	2023	bioRxiv	Martin-Vega A	ASCL1-ERK1/2 Axis: ASCL1 restrains ERK1/2 via the dual specificity phosphatase DUSP6 to promote survival of a subset of neuroendocrine lung cancers.	P3_lung_tf_names	Preprint;Journal Article
37816928	2023	Cell Biol Toxicol	Huang Z	Andrographolide attenuated MCT-induced HSOS via regulating NRF2-initiated mitochondrial biogenesis and antioxidant response.	P3_lung_tf_names	Journal Article;Research Support, Non-U.S. Gov't
36527388	2023	FASEB J	Carceller-Zazo E	The mineralocorticoid receptor modulates timing and location of genomic binding by glucocorticoid receptor in response to synthetic glucocorticoids in keratinocytes.	P3_lung_tf_names	Journal Article;Research Support, Non-U.S. Gov't
37059928	2023	Neurochem Res	Fan W	GATA6 Inhibits Neuronal Autophagy and Ferroptosis in Cerebral ischemia-reperfusion Injury Through a miR-193b/ATG7 axis-dependent Mechanism.	P3_lung_tf_names	Journal Article
37600712	2023	Front Endocrinol (Lausanne)	Ren L	Oxymatrine relieves high-fructose/fat-induced obesity via reprogramming the activity of lipid metabolism-related enhancer.	P3_lung_tf_names	Journal Article;Research Support, Non-U.S. Gov't
35817555	2023	Gut	Ho SWT	Regulatory enhancer profiling of mesenchymal-type gastric cancer reveals subtype-specific epigenomic landscapes and targetable vulnerabilities.	P3_lung_tf_names	Journal Article;Research Support, Non-U.S. Gov't
36931659	2023	Genes Dev	Păun O	Pioneer factor ASCL1 cooperates with the mSWI/SNF complex at distal regulatory elements to regulate human neural differentiation.	P3_lung_tf_names	Journal Article;Research Support, Non-U.S. Gov't
37345307	2023	Clin Transl Med	Wang Y	Identification of IKZF1 genetic mutations as new molecular subtypes in acute myeloid leukaemia.	P3_lung_tf_names	Journal Article;Research Support, Non-U.S. Gov't
37330650	2023	Adv Sci (Weinh)	Zheng C	Donafenib and GSK-J4 Synergistically Induce Ferroptosis in Liver Cancer by Upregulating HMOX1 Expression.	P4_encode_cellline	Journal Article;Research Support, Non-U.S. Gov't
37155865	2023	Proc Natl Acad Sci U S A	Yoshimura Y	A single-cell multiomic analysis of kidney organoid differentiation.	P4_encode_cellline	Journal Article;Research Support, Non-U.S. Gov't
37488681	2023	J Am Soc Nephrol	Yoshimura Y	Elucidating the Proximal Tubule HNF4A Gene Regulatory Network in Human Kidney Organoids.	P4_encode_cellline	Journal Article;Research Support, Non-U.S. Gov't
36918693	2023	Nat Cell Biol	Tang X	A multi-organoid platform identifies CIART as a key factor for SARS-CoV-2 infection.	P4_encode_cellline	Journal Article;Research Support, N.I.H., Extramural;Research Support, Non-U.S. Gov't;Research Support, U.S. Gov't, Non-P.H.S.
37481204	2023	Cell Mol Gastroenterol Hepatol	Orzechowska-Licari EJ	Sonic Hedgehog and WNT Signaling Regulate a Positive Feedback Loop Between Intestinal Epithelial and Stromal Cells to Promote Epithelial Regeneration.	P4_encode_cellline	Journal Article;Research Support, N.I.H., Extramural;Research Support, Non-U.S. Gov't
36711781	2023	bioRxiv	Chen L	TGFB1 Induces Fetal Reprogramming and Enhances Intestinal Regeneration.	P4_encode_cellline	Preprint;Journal Article
36221953	2023	Hepatology	Lam YK	TP53 R249S mutation in hepatic organoids captures the predisposing cancer risk.	P4_encode_cellline	Journal Article;Research Support, N.I.H., Extramural;Research Support, Non-U.S. Gov't
37043564	2023	Sci Adv	Hsu PL	Targeting BRD3 eradicates nuclear TYRO3-induced colorectal cancer metastasis.	P4_encode_cellline	Journal Article
37213001	2023	Methods Mol Biol	Della Chiara G	Establishment and Maintenance of Human CRC-Derived Organoids for PcG Studies.	P4_encode_cellline	Journal Article
37732539	2023	Oncol Rep	Chen Z	Heat shock protein B7 (HSPB7) inhibits lung adenocarcinoma progression by inhibiting glycolysis.	P4_encode_cellline	Journal Article
37574128	2023	Mucosal Immunol	Sposito F	Age-differential CD13 and interferon expression in airway epithelia affect SARS-CoV-2 infection - Effects of vitamin D.	P4_encode_cellline	Journal Article;Research Support, Non-U.S. Gov't
37243374	2023	Clin Transl Med	Zhang F	ATP13A2 activates the pentose phosphate pathway to promote colorectal cancer growth though TFEB-PGD axis.	P4_encode_cellline	Journal Article;Research Support, Non-U.S. Gov't
36846943	2023	Cancer Sci	Zhao L	ELF1 suppresses autophagy to reduce cisplatin resistance via the miR-152-3p/NCAM1/ERK axis in lung cancer cells.	P4_encode_cellline	Journal Article
37323822	2023	Oncol Lett	Zhang W	MRPL51 is a downstream target of FOXM1 in promoting the malignant behaviors of lung adenocarcinoma.	P4_encode_cellline	Journal Article
35921230	2023	Hum Mol Genet	Li H	Tumor suppressor genes are reactivated by miR-26A1 via enhancer reprogramming in NSCLC.	P4_encode_cellline	Journal Article;Research Support, Non-U.S. Gov't
37832542	2023	Stem Cell Reports	Reza HA	Synthetic augmentation of bilirubin metabolism in human pluripotent stem cell-derived liver organoids.	P4_encode_cellline	Journal Article
37565053	2023	Cancer Res Commun	Pickles OJ	MHC Class II is Induced by IFNγ and Follows Three Distinct Patterns of Expression in Colorectal Cancer Organoids.	P4_encode_cellline	Journal Article;Research Support, Non-U.S. Gov't
36684646	2023	Exp Ther Med	Meng F	DNASE1L3 regulation by transcription factor FOXP2 affects the proliferation, migration, invasion and tube formation of lung adenocarcinoma.	P4_encode_cellline	Journal Article
37068401	2023	Transl Oncol	Xu Y	Loss of BLK expression as a potential predictor of poor prognosis and immune checkpoint blockade response in NSCLC and contribute to tumor progression.	P4_encode_cellline	Journal Article
37142338	2023	Eur Respir J	Valenzi E	Single-nucleus chromatin accessibility identifies a critical role for TWIST1 in idiopathic pulmonary fibrosis myofibroblast activity.	P5_lung_atac_footprint	Journal Article;Research Support, Non-U.S. Gov't;Research Support, N.I.H., Extramural
37496990	2023	Int J Biol Sci	Lv Z	FOXM1-regulated ZIC2 promotes the malignant phenotype of renal clear cell carcinoma by activating UBE2C/mTOR signaling pathway.	P5_lung_atac_footprint	Journal Article;Research Support, Non-U.S. Gov't
37808664	2023	bioRxiv	Long E	Context-aware single-cell multiome approach identified cell-type specific lung cancer susceptibility genes.	P5_lung_atac_footprint	Preprint;Journal Article
36711864	2023	bioRxiv	Alexanian M	Chromatin Remodeling Drives Immune-Fibroblast Crosstalk in Heart Failure Pathogenesis.	P5_lung_atac_footprint	Preprint;Journal Article
37428305	2023	Sci China Life Sci	Zhao X	A novel reporter mouse line for studying alveolar macrophages.	P5_lung_atac_footprint	Journal Article
37815204	2023	Radiat Res	Li Q	Remodeling of Chromatin Accessibility Regulates the Radiological Responses of NSCLC A549 Cells to High-LET Carbon Ions.	P5_lung_atac_footprint	Journal Article
38086789	2023	Cell Death Dis	Li Q	Inhibition of demethylase by IOX1 modulates chromatin accessibility to enhance NSCLC radiation sensitivity through attenuated PIF1.	P5_lung_atac_footprint	Journal Article;Research Support, Non-U.S. Gov't
38168374	2023	Res Sq	Brown AP	TET1 regulates responses to house dust mite by altering chromatin accessibility, DNA methylation, and gene expression in airway epithelial cells.	P5_lung_atac_footprint	Journal Article;Preprint
36820061	2023	Microlife	Madden K	Mycobacterium tuberculosis infection triggers epigenetic changes that are enriched in a type I IFN signature.	P5_lung_atac_footprint	Journal Article
37589026	2023	Phenomics	Song T	Integrative Identification by Hi-C Revealed Distinct Advanced Structural Variations in Lung Adenocarcinoma Tissue.	P6_lung_3d	Journal Article
37873234	2023	bioRxiv	Pozner A	ASPSCR1-TFE3 reprograms transcription by organizing enhancer loops around hexameric VCP/p97.	P6_lung_3d	Preprint;Journal Article
36702236	2023	Genomics Proteomics Bioinformatics	Zhang Y	Mapping Multi-factor-mediated Chromatin Interactions to Assess Dysregulation of Lung Cancer-related Genes.	P6_lung_3d	Journal Article;Research Support, Non-U.S. Gov't
37227431	2023	Elife	Granell R	A meta-analysis of genome-wide association studies of childhood wheezing phenotypes identifies ANXA1 as a susceptibility locus for persistent wheezing.	P6_lung_3d	Meta-Analysis;Journal Article;Research Support, Non-U.S. Gov't
36510002	2023	Gene Ther	Kerschner JL	An ectopic enhancer restores CFTR expression through de novo chromatin looping.	P6_lung_3d	Journal Article;Research Support, Non-U.S. Gov't;Research Support, N.I.H., Extramural
37609638	2023	iScience	Li JX	Remote regulation of rs80245547 and rs72673891 mediated by transcription factors C-Jun and CREB1 affect GSTCD expression.	P6_lung_3d	Journal Article
36754293	2023	J Allergy Clin Immunol	Morin A	A functional genomics pipeline to identify high-value asthma and allergy CpGs in the human methylome.	P6_lung_3d	Journal Article;Research Support, N.I.H., Extramural
36990727	2023	Anim Genet	Aldersey JE	Topologically associating domains in the POLLED region are the same for Angus- and Brahman-specific Hi-C reads from F1 hybrid fetal tissue.	P6_lung_3d	Journal Article
36816041	2023	Front Genet	Jang W	The chromosome-level genome assembly of lance asiabell (Codonopsis lanceolata), a medicinal and vegetable plant of the Campanulaceae family.	P6_lung_3d	Journal Article
36638096	2023	PLoS Genet	Dapas M	Multi-omic association study identifies DNA methylation-mediated genotype and smoking exposure effects on lung function in children living in urban settings.	P6_lung_3d	Journal Article;Research Support, N.I.H., Extramural
36503820	2023	Environ Pollut	Novo-Quiza N	In-vitro inhalation bioavailability estimation of Metal(oid)s in atmospheric particulate matter (PM(2.5)) using simulated alveolar lysosomal fluid: A dialyzability approach.	P6_lung_3d	Journal Article
37623817	2023	Cancer Discov	Zhao L	BCL2 Inhibition Reveals a Dendritic Cell-Specific Immune Checkpoint That Controls Tumor Immunosurveillance.	P7_perturbseq	Journal Article;Research Support, Non-U.S. Gov't;Research Support, N.I.H., Extramural
37699398	2023	Cell Metab	Colville A	Death-seq identifies regulators of cell death and senolytic therapies.	P7_perturbseq	Journal Article;Research Support, N.I.H., Extramural;Research Support, U.S. Gov't, Non-P.H.S.;Research Support, Non-U.S. Gov't
36961816	2023	Cell Rep	Tiedt R	Integrated CRISPR screening and drug profiling identifies combination opportunities for EGFR, ALK, and BRAF/MEK inhibitors.	P7_perturbseq	Journal Article;Research Support, Non-U.S. Gov't
37803001	2023	Nat Commun	Sunshine S	Systematic functional interrogation of SARS-CoV-2 host factors using Perturb-seq.	P7_perturbseq	Journal Article;Research Support, N.I.H., Extramural;Research Support, U.S. Gov't, Non-P.H.S.;Research Support, Non-U.S. Gov't
36252816	2023	Cancer Lett	Myacheva K	CRISPRi screening identifies CASP8AP2 as an essential viability factor in lung cancer controlling tumor cell death via the AP-1 pathway.	P7_perturbseq	Journal Article;Research Support, Non-U.S. Gov't
36495774	2023	Tuberculosis (Edinb)	Gupta R	Implementation of a mycobacterial CRISPRi platform in Mycobacterium abscessus and demonstration of the essentiality of ftsZ(Mab).	P7_perturbseq	Letter;Research Support, N.I.H., Extramural;Research Support, Non-U.S. Gov't
37162970	2023	bioRxiv	Karagiannis D	Metabolic Reprogramming by Histone Deacetylase Inhibition Selectively Targets NRF2-activated tumors.	P7_perturbseq	Preprint;Journal Article
37734371	2023	Am J Hum Genet	Werder RB	The COPD GWAS gene ADGRG6 instructs function and injury response in human iPSC-derived type II alveolar epithelial cells.	P7_perturbseq	Journal Article;Research Support, N.I.H., Extramural;Research Support, Non-U.S. Gov't
36658634	2023	Angew Chem Int Ed Engl	Zhang L	In Situ Reprogramming of Tumor-Associated Macrophages with Internally and Externally Engineered Exosomes.	P7_perturbseq	Journal Article;Research Support, Non-U.S. Gov't
37890669	2023	J Lipid Res	Zhao N	TMEM241 is a UDP-N-acetylglucosamine transporter required for M6P modification of NPC2 and cholesterol transport.	P7_perturbseq	Journal Article;Research Support, Non-U.S. Gov't
37975674	2023	J Virol	Bragazzi Cunha J	Type I interferon signaling induces a delayed antiproliferative response in respiratory epithelial cells during SARS-CoV-2 infection.	P7_perturbseq	Journal Article;Research Support, Non-U.S. Gov't;Research Support, N.I.H., Extramural
36591868	2023	Adv Healthc Mater	Li Y	High-Performance Delivery of a CRISPR Interference System via Lipid-Polymer Hybrid Nanoparticles Combined with Ultrasound-Mediated Microbubble Destruction for Tumor-Specific Gene Repression.	P7_perturbseq	Journal Article;Research Support, Non-U.S. Gov't
36909579	2023	bioRxiv	Cunha JB	Type I interferon signaling induces a delayed antiproliferative response in Calu-3 cells during SARS-CoV-2 infection.	P7_perturbseq	Preprint;Journal Article
36945537	2023	bioRxiv	Samuel RM	Generation of Schwann cell derived melanocytes from hPSCs identifies pro-metastatic factors in melanoma.	P7_perturbseq	Preprint;Journal Article
37676013	2023	Infect Immun	Lo H-Y	Transposon sequencing identifies genes impacting Staphylococcus aureus invasion in a human macrophage model.	P7_perturbseq	Journal Article
37289588	2023	Cell Rep	Bošnjak B	MCK2-mediated MCMV infection of macrophages and virus dissemination to the salivary gland depends on MHC class I molecules.	P7_perturbseq	Journal Article;Research Support, Non-U.S. Gov't
37421981	2023	Plant Sci	Wang X	AaWRKY6 contributes to artemisinin accumulation during growth in Artemisia annua.	P8_tf_perturb_rna	Journal Article
36493734	2023	Comput Biol Med	Falchetti M	Omics-based identification of an NRF2-related auranofin resistance signature in cancer: Insights into drug repurposing.	P8_tf_perturb_rna	Journal Article;Research Support, Non-U.S. Gov't
38148115	2023	J Immunother Cancer	Ao YQ	ASCC3 promotes the immunosuppression and progression of non-small cell lung cancer by impairing the type I interferon response via CAND1-mediated ubiquitination inhibition of STAT3.	P9_lung_ppi	Journal Article;Research Support, Non-U.S. Gov't
37750320	2023	Circ Res	Zhang P	TMEM215 Prevents Endothelial Cell Apoptosis in Vessel Regression by Blunting BIK-Regulated ER-to-Mitochondrial Ca Influx.	P9_lung_ppi	Journal Article
37324936	2023	Int J Biol Sci	Sun Y	TRIM26 promotes non-small cell lung cancer survival by inducing PBX1 degradation.	P9_lung_ppi	Journal Article;Research Support, Non-U.S. Gov't
37703176	2023	Cell Rep	Fernando CD	A STAT3 protein complex required for mitochondrial mRNA stability and cancer.	P9_lung_ppi	Journal Article;Research Support, Non-U.S. Gov't
36511424	2023	J Proteome Res	Gao X	ZSWIM1 Promotes the Proliferation and Metastasis of Lung Adenocarcinoma Cells through the STK38/MEKK2/ERK1/2 Axis.	P9_lung_ppi	Journal Article;Research Support, Non-U.S. Gov't
38026226	2023	iScience	Leuschner G	Mass spectrometry-based autoimmune profiling reveals predictive autoantigens in idiopathic pulmonary fibrosis.	P9_lung_ppi	Journal Article
37019300	2023	Life Sci	Seephan S	CAMSAP3 negatively regulates lung cancer cell invasion and angiogenesis through nucleolin/HIF-1α mRNA complex stabilization.	P9_lung_ppi	Journal Article
37735436	2023	J Transl Med	Ren F	Proteome-wide mendelian randomization study implicates therapeutic targets in common cancers.	P9_lung_ppi	Journal Article;Research Support, Non-U.S. Gov't
36217030	2023	Nat Biotechnol	Zhou Y	A comprehensive SARS-CoV-2-human protein-protein interactome reveals COVID-19 pathobiology and potential host therapeutic targets.	P9_lung_ppi	Journal Article;Research Support, N.I.H., Extramural;Research Support, Non-U.S. Gov't
37495186	2023	Mol Cell Proteomics	Wu PS	EGFR-T790M Mutation-Derived Interactome Rerouted EGFR Translocation Contributing to Gefitinib Resistance in Non-Small Cell Lung Cancer.	P9_lung_ppi	Journal Article;Research Support, Non-U.S. Gov't
37083575	2023	PLoS One	Zhuang Y	Deep learning on graphs for multi-omics classification of COPD.	P9_lung_ppi	Journal Article;Research Support, N.I.H., Extramural;Research Support, Non-U.S. Gov't
36877954	2023	FEBS Open Bio	Zhang J	MFN2 deficiency affects calcium homeostasis in lung adenocarcinoma cells via downregulation of UCP4.	P9_lung_ppi	Journal Article;Research Support, Non-U.S. Gov't
38014329	2023	bioRxiv	Zhao R	Regenerative Signatures in Bronchioalveolar Lavage of Acute Respiratory Distress Syndrome.	P9_lung_ppi	Preprint;Journal Article
37533772	2023	Int J Chron Obstruct Pulmon Dis	Wu S	Serum Proteomic Profiling in Patients with Chronic Obstructive Pulmonary Disease.	P9_lung_ppi	Journal Article
37179372	2023	Cell Death Dis	Zhou J	Hypoxia-mediated promotion of glucose metabolism in non-small cell lung cancer correlates with activation of the EZH2/FBXL7/PFKFB4 axis.	P9_lung_ppi	Journal Article;Research Support, Non-U.S. Gov't
37880717	2023	Respir Res	Li H	Circular RNA P4HB promotes glycolysis and tumor progression by binding with PKM2 in lung adenocarcinoma.	P9_lung_ppi	Journal Article
37656377	2023	J Neurooncol	Hou L	Cerebrospinal fluid exosomal protein alterations via proteomic analysis of NSCLC with leptomeningeal carcinomatosis.	P9_lung_ppi	Journal Article
37939376	2023	J Proteome Res	Bamberger C	Analysis of the Tropism of SARS-CoV-2 Based on the Host Interactome of the Spike Protein.	P9_lung_ppi	Journal Article
37475032	2023	Vet Res	Hu Y	TurboID screening of ApxI toxin interactants identifies host proteins involved in Actinobacillus pleuropneumoniae-induced apoptosis of immortalized porcine alveolar macrophages.	P9_lung_ppi	Journal Article
37304132	2023	Biochem Biophys Rep	Bandyopadhyay S	Identification of potential biomarkers to predict organ morbidity in COVID-19: A repository based proteomics perspective.	P9_lung_ppi	Journal Article
37574823	2023	Chem Biol Drug Des	Cheng Y	Elucidation of the mechanisms and molecular targets of KeChuanLiuWei-Mixture for treatment of severe asthma based on network pharmacology.	P9_lung_ppi	Journal Article;Research Support, Non-U.S. Gov't
37000102	2023	Medicine (Baltimore)	Geng X	Determining the mechanism of action of the Qishan formula against lung adenocarcinoma by integration of network pharmacology, molecular docking, and proteomics.	P9_lung_ppi	Journal Article
37017535	2023	Infect Immun	Solanki V	Investigation of Peptidoglycan-Associated Lipoprotein of Acinetobacter baumannii and Its Interaction with Fibronectin To Find Its Therapeutic Potential.	P9_lung_ppi	Journal Article;Research Support, Non-U.S. Gov't
38034873	2023	PeerJ	Jia W	Ropivacaine inhibits the malignant behavior of lung cancer cells by regulating retinoblastoma-binding protein 4.	P9_lung_ppi	Journal Article
37681049	2023	RSC Adv	Rana M	Design, synthesis, X-ray crystal structures, anticancer, DNA binding, and molecular modelling studies of pyrazole-pyrazoline hybrid derivatives.	P9_lung_ppi	Journal Article
37628973	2023	Int J Mol Sci	Ávila-Flores A	Identification of Host PDZ-Based Interactions with the SARS-CoV-2 E Protein in Human Monocytes.	P9_lung_ppi	Journal Article
37555648	2023	Hum Mol Genet	Fassad MR	Defective airway intraflagellar transport underlies a combined motile and primary ciliopathy syndrome caused by IFT74 mutations.	P9_lung_ppi	Journal Article;Research Support, Non-U.S. Gov't
37349576	2023	Commun Biol	Yeo XH	The effect of inhibition of receptor tyrosine kinase AXL on DNA damage response in ovarian cancer.	P9_lung_ppi	Journal Article;Research Support, Non-U.S. Gov't
37125331	2023	Toxicol Res (Camb)	Chai Y	Screening of the differentially expressed proteins in malignant transformation of BEAS-2B cells induced by coal tar pitch extract.	P9_lung_ppi	Journal Article
36915197	2023	Cell Commun Signal	Letian A	Proximity proteome mapping reveals PD-L1-dependent pathways disrupted by anti-PD-L1 antibody specifically in EGFR-mutant lung cancer cells.	P9_lung_ppi	Video-Audio Media;Journal Article;Research Support, N.I.H., Extramural;Research Support, Non-U.S. Gov't
37550507	2023	Nat Microbiol	Bogdanow B	Spatially resolved protein map of intact human cytomegalovirus virions.	P10_global_ppi	Journal Article;Research Support, Non-U.S. Gov't
38049406	2023	Nat Commun	Tao AJ	A biotin targeting chimera (BioTAC) system to map small molecule interactomes in situ.	P10_global_ppi	Journal Article;Research Support, N.I.H., Extramural
37061542	2023	Nat Commun	Tang HW	Next-generation large-scale binary protein interaction network for Drosophila melanogaster.	P10_global_ppi	Journal Article;Research Support, Non-U.S. Gov't;Research Support, N.I.H., Extramural
38102123	2023	Nat Commun	Skinnider MA	Mapping protein states and interactions across the tree of life with co-fractionation mass spectrometry.	P10_global_ppi	Meta-Analysis;Journal Article
36618990	2023	Comput Struct Biotechnol J	Sriraja LO	Phosphoproteomics data-driven signalling network inference: Does it work?	P10_global_ppi	Journal Article
37665453	2023	Methods Mol Biol	Samson R	Studying Cellular Dynamics Using Proximity-Dependent Biotinylation: Somatic Cell Reprogramming.	P10_global_ppi	Journal Article;Research Support, Non-U.S. Gov't
37352708	2023	Food Chem	Jia W	Potential biomarkers analysis and protein internal mechanisms by cold plasma treatment: Is proteomics effective to elucidate protein-protein interaction network and biochemical pathway?	P10_global_ppi	Journal Article;Review
36183975	2023	Genomics Proteomics Bioinformatics	Leblanc S	Newfound Coding Potential of Transcripts Unveils Missing Members of Human Protein Communities.	P10_global_ppi	Journal Article;Research Support, Non-U.S. Gov't
38027498	2023	Front Neurosci	Indelicato E	Skeletal muscle proteome analysis underpins multifaceted mitochondrial dysfunction in Friedreich's ataxia.	P10_global_ppi	Journal Article
37860565	2023	Heliyon	Zhang H	Anti-cervical cancer mechanism of bioactive compounds from Alangium platanifolium based on the 'compound-target-disease' network.	P10_global_ppi	Journal Article
36418670	2023	J Endocrinol Invest	Li J	Identification of potential diagnostic and prognostic biomarkers for papillary thyroid microcarcinoma (PTMC) based on TMT-labeled LC-MS/MS and machine learning.	P10_global_ppi	Journal Article
36200249	2023	Comb Chem High Throughput Screen	Zhou P	Evaluation of the Mechanism of Action of Rosemary Volatile Oil in the Treatment of Alzheimer's Disease Using Gas Chromatography -mass Spectrometry Analysis and Network Pharmacology.	P10_global_ppi	Journal Article;Research Support, Non-U.S. Gov't
38114111	2023	Zhongguo Zhong Yao Za Zhi	Yang KN	[Chemical constituents and mechanism of Chuanzhi Tongluo Capsules based on UPLC-Q-Exactive Orbitrap-MS and network pharmacology].	P10_global_ppi	English Abstract;Journal Article
36775023	2023	Virus Res	Yang B	PI3K-Akt pathway-independent PIK3AP1 identified as a replication inhibitor of the African swine fever virus based on iTRAQ proteomic analysis.	P10_global_ppi	Journal Article;Research Support, Non-U.S. Gov't
36684675	2023	PeerJ	Xu Y	Differential expression of lysine acetylation proteins in gastric cancer treated with a new antitumor agent bioactive peptide chelate selenium.	P10_global_ppi	Journal Article;Research Support, Non-U.S. Gov't
36470533	2023	Mol Cell Proteomics	Banerjee A	The First Pituitary Proteome Landscape From Matched Anterior and Posterior Lobes for a Better Understanding of the Pituitary Gland.	P10_global_ppi	Journal Article;Research Support, Non-U.S. Gov't
37784026	2023	BMC Cancer	Wang J	Functional analysis of tumor-derived immunoglobulin lambda and its interacting proteins in cervical cancer.	P10_global_ppi	Journal Article
36872228	2023	Zhongguo Zhong Yao Za Zhi	Peng Y	[Material basis and mechanism of Curcuma longa tuberous roots with and without vinegar processing in treating primary dysmenorrhea].	P10_global_ppi	English Abstract;Journal Article
37282883	2023	Zhongguo Zhong Yao Za Zhi	Yan ZY	[Safety evaluation of Tibetan medicine Qishiwei Zhenzhu Pills based on serum pharmacochemistry and network pharmacology].	P10_global_ppi	English Abstract;Journal Article
37066421	2023	bioRxiv	Hitz BC	The ENCODE Uniform Analysis Pipelines.	P11_catalogs	Preprint;Journal Article
37503119	2023	Res Sq	Hitz BC	The ENCODE Uniform Analysis Pipelines.	P11_catalogs	Preprint;Journal Article
36688700	2023	Bioinformatics	L'Yi S	Cistrome Explorer: an interactive visual analysis tool for large-scale epigenomic data.	P11_catalogs	Journal Article;Research Support, N.I.H., Extramural
37497412	2023	J Cancer	Man YN	TAF1D Functions as a Novel Biomarker in Osteosarcoma.	P11_catalogs	Journal Article
37106694	2023	Biology (Basel)	Crudele F	Circular RNAs Could Encode Unique Proteins and Affect Cancer Pathways.	P11_catalogs	Journal Article
37519886	2023	Front Genet	Kołat D	LINC01137/miR-186-5p/WWOX: a novel axis identified from WWOX-related RNA interactome in bladder cancer.	P11_catalogs	Journal Article
37969188	2023	Am J Transl Res	Han X	Gene expression profiles to analyze the anticancer and carcinogenic effects of arsenic in bladder cancer.	P11_catalogs	Journal Article
36660243	2023	J Oncol	Zheng GL	The Interplay between RNA Editing Regulator ADAR1 and Immune Environment in Colorectal Cancer.	P11_catalogs	Journal Article
37944133	2023	Europace	Serban T	Durability of pulmonary vein isolation for atrial fibrillation: a meta-analysis and systematic review.	P11_catalogs	Meta-Analysis;Systematic Review;Journal Article
36795422	2023	J Exp Psychol Anim Learn Cogn	Akdoğan B	Temporal encoding: Relative and absolute representations of time guide behavior.	P11_catalogs	Journal Article
37349788	2023	Hereditas	Sun YM	Enhancer-driven transcription of MCM8 by E2F4 promotes ATR pathway activation and glioma stem cell characteristics.	P11_catalogs	Journal Article
37646936	2023	Methods Mol Biol	Hassan AH	TEMM: A Curated Data Resource for Transposon Element-Based Molecular Markers in Plants.	P11_catalogs	Journal Article
37581569	2023	Clin Transl Med	Osada N	c-FOS is an integral component of the IKZF1 transactivator complex and mediates lenalidomide resistance in multiple myeloma.	P11_catalogs	Journal Article;Research Support, Non-U.S. Gov't
36969183	2023	Front Immunol	Zheng J	Study of the shared gene signatures of polyarticular juvenile idiopathic arthritis and autoimmune uveitis.	P11_catalogs	Journal Article
36890467	2023	BMC Gastroenterol	Hao M	Development of an immune-related gene prognostic risk model and identification of an immune infiltration signature in the tumor microenvironment of colon cancer.	P11_catalogs	Journal Article
37072347	2023	J Immunother Cancer	Fu Y	BRD4 inhibition impairs DNA mismatch repair, induces mismatch repair mutation signatures and creates therapeutic vulnerability to immune checkpoint blockade in MMR-proficient tumors.	P11_catalogs	Journal Article;Research Support, Non-U.S. Gov't
36839749	2023	Pharmaceutics	Özenver N	Identification of Prognostic and Predictive Biomarkers and Druggable Targets among 205 Antioxidant Genes in 21 Different Tumor Types via Data-Mining.	P11_catalogs	Journal Article
37206562	2023	Exp Ther Med	Xiong B	ZBTB16 eases lipopolysaccharide‑elicited inflammation, apoptosis and degradation of extracellular matrix in chondrocytes during osteoarthritis by suppressing GRK2 transcription.	P11_catalogs	Journal Article
36048051	2023	J Exp Psychol Learn Mem Cogn	Ransom KJ	What do our sampling assumptions affect: How we encode data or how we reason from it?	P11_catalogs	Journal Article
36597126	2023	Mol Cancer	Khan P	MicroRNA-1 attenuates the growth and metastasis of small cell lung cancer through CXCR4/FOXM1/RRM2 axis.	P12_mouse_lung_chip	Journal Article;Research Support, N.I.H., Extramural;Research Support, U.S. Gov't, Non-P.H.S.
36451342	2023	Autophagy	Niu J	The COPS3-FOXO3 positive feedback loop regulates autophagy to promote cisplatin resistance in osteosarcoma.	P12_mouse_lung_chip	Journal Article;Research Support, Non-U.S. Gov't
37395406	2023	Nucleic Acids Res	Jin B	MEN1 is a regulator of alternative splicing and prevents R-loop-induced genome instability through suppression of RNA polymerase II elongation.	P12_mouse_lung_chip	Journal Article;Research Support, Non-U.S. Gov't
35983582	2023	J Dent Res	Ma XX	Ncor1 Deficiency Promotes Osteoclastogenesis and Exacerbates Periodontitis.	P12_mouse_lung_chip	Journal Article;Research Support, Non-U.S. Gov't
36916958	2023	Cancer Sci	Shibahara D	TIP60 is required for tumorigenesis in non-small cell lung cancer.	P12_mouse_lung_chip	Journal Article
37726723	2023	J Biomed Sci	Chen YL	LncRNA SLCO4A1-AS1 suppresses lung cancer progression by sequestering the TOX4-NTSR1 signaling axis.	P12_mouse_lung_chip	Journal Article
36637217	2023	J Immunol	Kharwadkar R	ERG Functionally Overlaps with Other Ets Proteins in Promoting TH9 Cell Expression of Il9 during Allergic Lung Inflammation.	P12_mouse_lung_chip	Journal Article;Research Support, Non-U.S. Gov't;Research Support, N.I.H., Extramural
38021073	2023	J Bone Oncol	Li Z	Long non-coding RNA PVT1 (PVT1) affects the expression of CCND1 and promotes doxorubicin resistance in osteosarcoma cells.	P12_mouse_lung_chip	Journal Article
37611859	2023	Food Chem Toxicol	Kuo FC	Maternal di-(2-ethylhexyl) phthalate exposure elicits offspring IFN-λ upregulation: Insights from birth cohort, murine model, and in vitro mechanistic analysis.	P12_mouse_lung_chip	Journal Article
36931054	2023	Cell Immunol	Huang D	MAX transcriptionally enhances PD-L1 to inhibit CD8+ T cell-mediated killing of lung adenocarcinoma cells.	P13_lung_immune_chip	Journal Article;Research Support, Non-U.S. Gov't
37516840	2023	Respir Res	Mumby S	Differential responses of pulmonary vascular cells from PAH patients and controls to TNFα and the effect of the BET inhibitor JQ1.	P13_lung_immune_chip	Journal Article
36991099	2023	Sci Rep	Sumimoto H	Oncogenic epidermal growth factor receptor signal-induced histone deacetylation suppresses chemokine gene expression in human lung adenocarcinoma.	P13_lung_immune_chip	Journal Article;Research Support, Non-U.S. Gov't
37215862	2023	Heliyon	Cao G	MiR-210 regulates lung adenocarcinoma by targeting HIF-1α.	P14_variant_tf_binding	Journal Article
36575008	2023	Ann Thorac Cardiovasc Surg	Tang J	Circ_0006220 Contributes to NSCLC Progression through miR-342-3p/GOT2 Axis.	P14_variant_tf_binding	Journal Article
37553672	2023	Diagn Pathol	Niu Y	Circ_0001715 accelerated lung adenocarcinoma process by the miR-1322/CANT1 axis.	P14_variant_tf_binding	Journal Article
37105934	2023	Thorac Cancer	Yu N	CircRNA ZKSCAN1 promotes lung adenocarcinoma progression by miR-185-5p/TAGLN2 axis.	P14_variant_tf_binding	Journal Article
37069939	2023	Open Med (Wars)	Ma L	The function of lncRNA EMX2OS/miR-653-5p and its regulatory mechanism in lung adenocarcinoma.	P14_variant_tf_binding	Journal Article
36658310	2023	Biochem Genet	Fu L	Hsa-miR-195-5p Inhibits Autophagy and Gemcitabine Resistance of Lung Adenocarcinoma Cells via E2F7/CEP55.	P14_variant_tf_binding	Journal Article
37656259	2023	J Mol Histol	Li D	ETV5 transcriptionally activates TGFβ1 and promotes cancer cell invasion and migration of NSCLC.	P14_variant_tf_binding	Journal Article
37115505	2023	Cell Cycle	Ma X	MiR-17- 5p/RRM2 regulated gemcitabine resistance in lung cancer A549 cells.	P14_variant_tf_binding	Journal Article;Research Support, Non-U.S. Gov't
36694627	2023	Open Med (Wars)	Yang J	circ-IARS depletion inhibits the progression of non-small-cell lung cancer by circ-IARS/miR-1252-5p/HDGF ceRNA pathway.	P14_variant_tf_binding	Journal Article
36889762	2023	Ann Clin Lab Sci	Wang Z	Targeting TRIM9 by miR-218-5p Restricts Cell Proliferation and Epithelial-Mesenchymal Transition in Non-Small Cell Lung Cancer.	P14_variant_tf_binding	Journal Article
37431919	2023	Mol Carcinog	Ma T	Circ_0001589/miR-1248/HMGB1 axis enhances EMT-mediated metastasis and cisplatin resistance in cervical cancer.	P14_variant_tf_binding	Journal Article;Research Support, Non-U.S. Gov't
36709645	2023	Mol Immunol	Chen X	Irradiated lung cancer cell-derived exosomes modulate macrophage polarization by inhibiting MID1 via miR-4655-5p.	P14_variant_tf_binding	Journal Article;Research Support, Non-U.S. Gov't
37013552	2023	Chin Med	Zhou H	Liquiritin exhibits anti-acute lung injury activities through suppressing the JNK/Nur77/c-Jun pathway.	P14_variant_tf_binding	Journal Article
36221890	2023	Anticancer Agents Med Chem	Huang J	Cinobufotalin Induces Ferroptosis to Suppress Lung Cancer Cell Growth by lncRNA LINC00597/hsa-miR-367-3p/TFRC Pathway via Resibufogenin.	P14_variant_tf_binding	Journal Article;Research Support, Non-U.S. Gov't
36131156	2023	J Cancer Res Clin Oncol	Shi Q	Identification of rs2736099 as a novel cis-regulatory variation for TERT and implications for tumorigenesis and cell proliferation.	P14_variant_tf_binding	Journal Article
37102069	2023	J Asthma Allergy	Xiong Y	The Regulatory Role of miR-107-Cdk6-Rb Pathway in Airway Smooth Muscle Cells in Asthma.	P14_variant_tf_binding	Journal Article
37307895	2023	Gene	Tan T	Effect of circ_0000009 on lung adenocarcinoma progression by regulating PDZD2 in a ceRNA- and RBP- dependent manner.	P14_variant_tf_binding	Journal Article
37153893	2023	Exp Ther Med	Gao X	Downregulation of microRNA‑494 inhibits cell proliferation in lung squamous cell carcinoma via the induction of PUMA‑α‑mediated apoptosis.	P14_variant_tf_binding	Journal Article
37834326	2023	Int J Mol Sci	Yang YY	Intervention of AXL in EGFR Signaling via Phosphorylation and Stabilization of MIG6 in Non-Small Cell Lung Cancer.	P14_variant_tf_binding	Journal Article
37854860	2023	Oncol Lett	Zhai C	MicroRNA‑27a‑3p regulates the proliferation and chemotaxis of pulmonary macrophages in non‑small cell lung carcinoma tissues through CXCL2.	P14_variant_tf_binding	Journal Article
37970446	2023	Iran J Basic Med Sci	Li D	MiR181-5p promotes pathogenic angiogenesis of hepatopulmonary syndrome by negatively regulating Wnt inhibitor Wif1.	P14_variant_tf_binding	Journal Article
37577214	2023	J Clin Transl Hepatol	Li K	Dysregulation of PLOD2 Promotes Tumor Metastasis and Invasion in Hepatocellular Carcinoma.	P14_variant_tf_binding	Journal Article
37192163	2023	Proc Natl Acad Sci U S A	Rong S	Large-scale functional screen identifies genetic variants with splicing effects in modern and archaic humans.	P14_variant_tf_binding	Journal Article;Research Support, N.I.H., Extramural;Research Support, U.S. Gov't, Non-P.H.S.
37814902	2023	Thorac Cancer	Qian X	Circ_MACF1 targets miR-421 to upregulate FMO2 to suppress paclitaxel resistance and malignant cellular behaviors in lung adenocarcinoma.	P14_variant_tf_binding	Journal Article
37169555	2023	Allergol Immunopathol (Madr)	Cai Y	MiR-506 targets polypyrimidine tract-binding protein 1 to inhibit airway inflammatory response and remodeling via mediating Wnt/β-catenin signaling pathway.	P14_variant_tf_binding	Journal Article
37720672	2023	Oncol Lett	Wang Q	The 3'‑untranslated region of XB130 regulates its mRNA stability and translational efficiency in non‑small cell lung cancer cells.	P14_variant_tf_binding	Journal Article
37653482	2023	Cancer Cell Int	Li GZ	MALAT1/ mir-1-3p mediated BRF2 expression promotes HCC progression via inhibiting the LKB1/AMPK signaling pathway.	P14_variant_tf_binding	Journal Article
37302028	2023	Cancer Biomark	Zhang J	Hsa-miR-301a-3p inhibited the killing effect of natural killer cells on non-small cell lung cancer cells by regulating RUNX3.	P14_variant_tf_binding	Journal Article
37455373	2023	Thorac Cancer	Hu S	Circular RNA circ_0000376 promotes paclitaxel resistance and tumorigenesis of non-small cell lung cancer via positively modulating KPNA4 by sponging miR-1298-5p.	P14_variant_tf_binding	Journal Article
36974749	2023	J Am Heart Assoc	Hafeez N	Single Nucleotide Polymorphism rs9277336 Controls the Nuclear Alpha Actinin 4-Human Leukocyte Antigen-DPA1 Axis and Pulmonary Endothelial Pathophenotypes in Pulmonary Arterial Hypertension.	P14_variant_tf_binding	Journal Article;Research Support, N.I.H., Extramural;Research Support, Non-U.S. Gov't
33877886	2023	Cancer Biother Radiopharm	Chen H	Long Noncoding RNA RP11-89K21.1 Interacts with miR-146a/b-5p to Promote Proliferation and Gefitinib Resistance Through Regulating RHPN2 and RhoA/ROCK Pathway in Lung Adenocarcinoma.	P14_variant_tf_binding	Journal Article
37063854	2023	Front Immunol	Hu J	MiR-199a-5P promotes osteogenic differentiation of human stem cells from apical papilla via targeting IFIT2 in apical periodontitis.	P14_variant_tf_binding	Journal Article;Research Support, Non-U.S. Gov't
37560663	2023	Heliyon	Wu W	Long intergenic non-protein-coding RNA 1547 acts as a competing endogenous RNA and exerts cancer-promoting activity in non-small cell lung cancer by targeting the microRNA-195-5p/ homeobox C8 axis.	P14_variant_tf_binding	Journal Article
36808266	2023	Biochem Genet	Zhang Q	Circ_0001715 Functions as a miR-1249-3p Sponge to Accelerate the Progression of Non-small Cell Lung Cancer via Upregulating the Level of FGF5.	P14_variant_tf_binding	Journal Article
36336768	2023	J Clin Immunol	Ono R	Novel STAT1 Variants in Japanese Patients with Isolated Mendelian Susceptibility to Mycobacterial Diseases.	P14_variant_tf_binding	Case Reports;Journal Article;Research Support, Non-U.S. Gov't
36743692	2023	Oxid Med Cell Longev	Yuan Y	lncRNA CRNDE Affects Th17/IL-17A and Inhibits Epithelial-Mesenchymal Transition in Lung Epithelial Cells Reducing Asthma Signs.	P14_variant_tf_binding	Journal Article
38093594	2023	Protein Pept Lett	Yang E	Biomarker of Pulmonary Inflammatory Response in LUAD: miR-584-5p Targets RAB23 to Suppress Inflammation Induced by LPS in A549 Cells.	P14_variant_tf_binding	Journal Article
38050472	2023	Int J Nanomedicine	Tao Y	Mitigation of Sepsis-Induced Acute Lung Injury by BMSC-Derived Exosomal miR-125b-5p Through STAT3-Mediated Suppression of Macrophage Pyroptosis.	P14_variant_tf_binding	Journal Article
37888207	2023	Noncoding RNA	Szafranski P	A Small De Novo CNV Deletion of the Paternal Copy of FOXF1, Leaving lncRNA FENDRR Intact, Provides Insight into Their Bidirectional Promoter Region.	P14_variant_tf_binding	Journal Article
37864909	2023	Int Immunopharmacol	Xiong Y	miRNA transcriptomics analysis shows miR-483-5p and miR-503-5p targeted miRNA in extracellular vesicles from severe acute pancreatitis-associated lung injury patients.	P14_variant_tf_binding	Journal Article
37817266	2023	Genes Environ	Fu T	LncRNA PVT1 induces apoptosis and inflammatory response of bronchial epithelial cells by regulating miR-30b-5p/BCL2L11 axis in COPD.	P14_variant_tf_binding	Journal Article
37701855	2023	Burns Trauma	Wang J	Sustained induction of IP-10 by MRP8/14 via the IFNβ-IRF7 axis in macrophages exaggerates lung injury in endotoxemic mice.	P14_variant_tf_binding	Journal Article
37002970	2023	Cytokine	Shan J	Hsa-miR-379 down-regulates Rac1/MLK3/JNK/AP-1/Collagen I cascade reaction by targeting connective tissue growth factor in human alveolar basal epithelial A549 cells.	P14_variant_tf_binding	Journal Article;Research Support, Non-U.S. Gov't
36860919	2023	J Cancer	Xia X	SKA2-mediated transcriptional downregulation of the key enzyme of CoQ(10) biosynthesis PDSS2 in lung cancer cells.	P14_variant_tf_binding	Journal Article
36463759	2023	Biochem Biophys Res Commun	Wu Y	Silencing long non-coding RNA SNHG3 repairs the dysfunction of pulmonary microvascular endothelial barrier by regulating miR-186-5p/Wnt axis.	P14_variant_tf_binding	Journal Article;Research Support, Non-U.S. Gov't
37191806	2023	Methods Mol Biol	Boudreau HE	Illuminating DEPDC1B in Multi-pronged Regulation of Tumor Progression.	P15_direct_targets	Journal Article;Research Support, N.I.H., Extramural;Research Support, Non-U.S. Gov't
37442233	2023	J Biol Chem	Huang R	ISL1 regulates lung branching morphogenesis via Shh signaling pathway.	P15_direct_targets	Journal Article;Research Support, Non-U.S. Gov't
37875506	2023	Cell Death Dis	Liu L	Sohlh2 promotes pulmonary fibrosis via repression of p62/Keap1/Nrf2 mediated anti-oxidative signaling pathway.	P15_direct_targets	Journal Article;Research Support, Non-U.S. Gov't
37364687	2023	J Biol Chem	Li Q	Prmt5 promotes ciliated cell specification of airway epithelial progenitors via transcriptional inhibition of Tp63.	P15_direct_targets	Journal Article;Research Support, Non-U.S. Gov't
37978515	2023	J Transl Med	Liu Y	A role of TRIM59 in pulmonary hypertension: modulating the protein ubiquitylation modification.	P15_direct_targets	Journal Article;Research Support, Non-U.S. Gov't
36585256	2023	Eur Respir J	Ma HY	Inhibition of MRTF activation as a clinically achievable anti-fibrotic mechanism for pirfenidone.	P15_direct_targets	Journal Article
36309619	2023	Clin Transl Oncol	Liu C	Hypoxia promotes epithelial-mesenchymal transition in lung cancer cells via regulating the NRF2/miR‑27a/BUB1 pathway.	P15_direct_targets	Journal Article
38001576	2023	Cancers (Basel)	Rokavec M	Nidogen-1/NID1 Function and Regulation during Progression and Metastasis of Colorectal Cancer.	P15_direct_targets	Journal Article
37125614	2023	Ren Fail	Gong Y	Long non-coding RNA MALAT1 sponges miR-30c to promote the calcification of human vascular smooth muscle cells by regulating Runx2.	P15_direct_targets	Journal Article
39551792	2024	J Exp Clin Cancer Res	Chai Y	S1PR1 suppresses lung adenocarcinoma progression through p-STAT1/miR-30c-5 p/FOXA1 pathway.	P1_lung_chip_tf	Journal Article
38976739	2024	Proc Natl Acad Sci U S A	Shan L	SP1 undergoes phase separation and activates RGS20 expression through super-enhancers to promote lung adenocarcinoma progression.	P1_lung_chip_tf	Journal Article
38280479	2024	Cancer Lett	Zhang H	SRCAP complex promotes lung cancer progression by reprograming the oncogenic transcription of Hippo-YAP/TAZ signaling pathway.	P1_lung_chip_tf	Journal Article;Research Support, Non-U.S. Gov't
39615895	2024	J Immunother Cancer	He X	N-terminal acetylation of transcription factor LIP induces immune therapy resistance via suppression of PD-L1 expression in non-small cell lung cancer.	P1_lung_chip_tf	Journal Article
38805565	2024	PLoS Biol	Wang D	FOXA3 regulates cholesterol metabolism to compensate for low uptake during the progression of lung adenocarcinoma.	P1_lung_chip_tf	Journal Article
38996537	2024	Mutat Res	Chen F	Transcription factor NFYA inhibits ferroptosis in lung adenocarcinoma cells by regulating PEBP1.	P1_lung_chip_tf	Journal Article;Research Support, Non-U.S. Gov't
39626929	2024	Anticancer Res	Wei L	Pseudogene KRT17P3 Promotes NSCLC Progression Through Mir-338-3p/USP7/C-Myc.	P1_lung_chip_tf	Journal Article
39289660	2024	BMC Cancer	Deng Y	UBE2T promotes stage I lung adenocarcinoma progression through PBX1 ubiquitination and PBX1/RORA regulation.	P1_lung_chip_tf	Journal Article
39187936	2024	Clin Respir J	Zeng T	TFAP2A Activates S100A2 to Mediate Glutamine Metabolism and Promote Lung Adenocarcinoma Metastasis.	P1_lung_chip_tf	Journal Article
39394783	2024	J Dent Res	Zhang YY	Fumarate Restrains Alveolar Bone Restoration via Regulating H3K9 Methylation.	P1_lung_chip_tf	Journal Article;Research Support, Non-U.S. Gov't
38975675	2024	Mol Cell Biol	Fung KY	Expression of Interferon Epsilon in Mucosal Epithelium is Regulated by Elf3.	P1_lung_chip_tf	Journal Article;Research Support, Non-U.S. Gov't
39425457	2024	J Biochem Mol Toxicol	Yang X	HIF1A/PCDH7 axis mediates fatty acid synthesis and metabolism to inhibit lung adenocarcinoma anoikis.	P1_lung_chip_tf	Journal Article
38613646	2024	Histochem Cell Biol	Chen F	Circ_100549 promotes tumor progression in lung adenocarcinoma through upregulation of BIRC6.	P1_lung_chip_tf	Journal Article
39271782	2024	Sci Rep	Wang Z	FOXF1 inhibits invasion and metastasis of lung adenocarcinoma cells and enhances anti-tumor immunity via MFAP4/FAK signal axis.	P1_lung_chip_tf	Journal Article
39245881	2024	Thorac Cancer	Xu Y	IRE1α-XBP1s axis regulates SREBP1-dependent MRP1 expression to promote chemoresistance in non-small cell lung cancer cells.	P1_lung_chip_tf	Journal Article;Research Support, Non-U.S. Gov't
39361648	2024	Proc Natl Acad Sci U S A	Davis E	Enhancer landscape of lung neuroendocrine tumors reveals regulatory and developmental signatures with potential theranostic implications.	P1_lung_chip_tf	Journal Article;Research Support, Non-U.S. Gov't
38859862	2024	Am J Cancer Res	Tseng YH	Effects of methylation and transcription factor YY1 on ID2 expression in non-small cell lung carcinoma cells.	P1_lung_chip_tf	Journal Article
38182069	2024	Biochim Biophys Acta Mol Basis Dis	Wang Q	The pleiotropic enhancer enh9 promotes cell proliferation and migration in non-small cell lung cancer via ERMP1 and PD-L1.	P1_lung_chip_tf	Journal Article;Research Support, Non-U.S. Gov't
38944949	2024	Int Immunopharmacol	Yuan Z	Methylprednisolone alleviates lung injury in sepsis by regulating miR-151-5p/USP38 pathway.	P2_lung_chip_disease	Journal Article
38704698	2024	J Cell Biochem	Ariyachet C	ZNF469 is a profibrotic regulator of extracellular matrix in hepatic stellate cells.	P2_lung_chip_disease	Journal Article;Research Support, Non-U.S. Gov't
39039254	2024	Arch Pharm Res	Hu W	C-phycocyanin reinforces autophagy to block pulmonary fibrogenesis by inhibiting lncIAPF biogenesis.	P2_lung_chip_disease	Journal Article
39223627	2024	J Cardiothorac Surg	Li X	Mechanism of KLF2 in young mice with pneumonia induced by Streptococcus pneumoniae.	P2_lung_chip_disease	Journal Article
38925041	2024	Redox Biol	Zhang X	Lactate drives epithelial-mesenchymal transition in diabetic kidney disease via the H3K14la/KLF5 pathway.	P3_lung_tf_names	Journal Article
39413792	2024	Mol Cell	Won SJ	Redirecting the pioneering function of FOXA1 with covalent small molecules.	P3_lung_tf_names	Journal Article
38374140	2024	Signal Transduct Target Ther	Song S	TEA domain transcription factor 1(TEAD1) induces cardiac fibroblasts cells remodeling through BRD4/Wnt4 pathway.	P3_lung_tf_names	Journal Article;Research Support, Non-U.S. Gov't
39465673	2024	Adv Sci (Weinh)	Liu Z	E2F2 Reprograms Macrophage Function By Modulating Material and Energy Metabolism in the Progression of Metabolic Dysfunction-Associated Steatohepatitis.	P3_lung_tf_names	Journal Article;Research Support, Non-U.S. Gov't
37983829	2024	Hepatology	Gao W	Nuclear Acly protects the liver from ischemia-reperfusion injury.	P3_lung_tf_names	Journal Article;Research Support, N.I.H., Extramural
39284798	2024	Nat Commun	He H	PRDM3/16 regulate chromatin accessibility required for NKX2-1 mediated alveolar epithelial differentiation and function.	P3_lung_tf_names	Journal Article;Research Support, Non-U.S. Gov't;Research Support, N.I.H., Extramural
39383879	2024	Mol Cell	Deforzh E	HOXDeRNA activates a cancerous transcription program and super enhancers via genome-wide binding.	P3_lung_tf_names	Journal Article;Research Support, N.I.H., Extramural
39108258	2024	J Immunol Res	Ren Y	Taz/Tead1 Promotes Alternative Macrophage Activation and Kidney Fibrosis via Transcriptional Upregulation of Smad3.	P3_lung_tf_names	Journal Article
39499902	2024	JCI Insight	Booth CAG	BPDCN MYB fusions regulate cell cycle genes, impair differentiation, and induce myeloid-dendritic cell leukemia.	P3_lung_tf_names	Journal Article;Research Support, N.I.H., Extramural;Research Support, Non-U.S. Gov't;Research Support, U.S. Gov't, Non-P.H.S.
39536508	2024	Plant Physiol Biochem	Liu XP	MYB-1 regulates anthocyanin biosynthesis in Magnolia wufengensis.	P3_lung_tf_names	Journal Article
39295275	2024	Mol Cancer Ther	Martin-Vega A	ASCL1 Restrains ERK1/2 to Promote Survival of a Subset of Neuroendocrine Lung Cancers.	P3_lung_tf_names	Journal Article
39385230	2024	J Exp Clin Cancer Res	Li Y	Enhancer looping protein LDB1 modulates MYB expression in T-ALL cell lines in vitro by cooperating with master transcription factors.	P3_lung_tf_names	Journal Article
39412062	2024	Ren Fail	Deng M	HDAC6 promotes inflammation in lupus nephritis mice by regulating transcription factors MAFF and KLF5 in renal fibrosis.	P3_lung_tf_names	Journal Article
38568093	2024	Curr Opin Hematol	Paralkar VR	Transcription factor regulation of ribosomal RNA in hematopoiesis.	P3_lung_tf_names	Journal Article;Review;Research Support, N.I.H., Extramural
38895467	2024	bioRxiv	Lim Y	ARX regulates cortical interneuron differentiation and migration.	P3_lung_tf_names	Journal Article;Preprint
38632701	2024	Prostate	Jia T	FOXA1 regulates ribosomal RNA transcription in prostate cancer.	P3_lung_tf_names	Journal Article;Research Support, Non-U.S. Gov't
38408234	2024	Proc Natl Acad Sci U S A	Gao J	CHD7 and SOX2 act in a common gene regulatory network during mammalian semicircular canal and cochlear development.	P3_lung_tf_names	Journal Article
38475919	2024	J Exp Clin Cancer Res	Du M	C/EBPα-p30 confers AML cell susceptibility to the terminal unfolded protein response and resistance to Venetoclax by activating DDIT3 transcription.	P3_lung_tf_names	Journal Article
38418821	2024	Cell Death Dis	Otero-Albiol D	Hypoxia-induced immortalization of primary cells depends on Tfcp2L1 expression.	P3_lung_tf_names	Journal Article;Research Support, Non-U.S. Gov't
38722048	2024	Genet Test Mol Biomarkers	Cai C	Aberrant Super-Enhancer Landscape in Enzalutamide-Resistant Prostate Cancer Cells.	P3_lung_tf_names	Journal Article
38147910	2024	J Oral Biosci	Katsuumi R	Suppression of KLF5 basal expression in oral carcinoma-derived cells through three intact CREB1-binding sites in the silencer region.	P3_lung_tf_names	Journal Article;Research Support, Non-U.S. Gov't
38386071	2024	Cell Mol Life Sci	Choi W	RFX4 is an intrinsic factor for neuronal differentiation through induction of proneural genes POU3F2 and NEUROD1.	P3_lung_tf_names	Journal Article
39248105	2024	Nucleic Acids Res	Spector BM	DFF-ChIP: a method to detect and quantify complex interactions between RNA polymerase II, transcription factors, and chromatin.	P3_lung_tf_names	Journal Article;Research Support, N.I.H., Extramural
39358777	2024	J Exp Clin Cancer Res	Tao J	CALB2 drives pancreatic cancer metastasis through inflammatory reprogramming of the tumor microenvironment.	P4_encode_cellline	Journal Article
39187291	2024	Gut	Zhou T	CD64(+) fibroblast-targeted vilanterol and a STING agonist augment CLDN18.2 BiTEs efficacy against pancreatic cancer by reducing desmoplasia and enriching stem-like CD8(+) T cells.	P4_encode_cellline	Journal Article;Research Support, Non-U.S. Gov't
39164456	2024	Cell Death Differ	Tan Z	CCKBR+ cancer cells contribute to the intratumor heterogeneity of gastric cancer and confer sensitivity to FOXO inhibition.	P4_encode_cellline	Journal Article
38326837	2024	Cell Commun Signal	Zhang C	The scaffold of neutrophil extracellular traps promotes CCA progression and modulates angiogenesis via ITGAV/NFκB.	P4_encode_cellline	Journal Article;Research Support, Non-U.S. Gov't
38769668	2024	Clin Transl Med	Wang J	Targeting c-Myc transactivation by LMNA inhibits tRNA processing essential for malate-aspartate shuttle and tumour progression.	P4_encode_cellline	Journal Article;Research Support, Non-U.S. Gov't
38104924	2024	Metabolism	Ji X	Mitochondrial ribosomal protein L12 potentiates hepatocellular carcinoma by regulating mitochondrial biogenesis and metabolic reprogramming.	P4_encode_cellline	Journal Article;Research Support, Non-U.S. Gov't
38429845	2024	J Exp Clin Cancer Res	Cheng B	Single-cell deconvolution algorithms analysis unveils autocrine IL11-mediated resistance to docetaxel in prostate cancer via activation of the JAK1/STAT4 pathway.	P4_encode_cellline	Journal Article
38994994	2024	Cells	Atac D	Identification and Characterization of ATOH7-Regulated Target Genes and Pathways in Human Neuroretinal Development.	P4_encode_cellline	Journal Article;Research Support, Non-U.S. Gov't
39010054	2024	Cancer Cell Int	Sun Y	PRRX1-OLR1 axis supports CAFs-mediated lung cancer progression and immune suppression.	P4_encode_cellline	Journal Article
38819072	2024	Carcinogenesis	Zhou P	Sevoflurane inhibits lung cancer development by promoting FUS1 transcription via downregulating IRF6.	P4_encode_cellline	Journal Article;Research Support, Non-U.S. Gov't
38277395	2024	PLoS One	Anastasakis DG	Epigenetic repression of antiviral genes by SARS-CoV-2 NSP1.	P4_encode_cellline	Journal Article
38357781	2024	Environ Toxicol	Tang J	Yifei Sanjie formula alleviates lung cancer progression via regulating PRMT6-YBX1-CDC25A axis.	P4_encode_cellline	Journal Article
38732207	2024	Int J Mol Sci	Ghosh N	Predicting Transcription Factor Binding Sites with Deep Learning.	P4_encode_cellline	Journal Article
38941070	2024	Biochem J	Necker-Brown A	Inducible gene expression of IκB-kinase ε is dependent on nuclear factor-κB in human pulmonary epithelial cells.	P4_encode_cellline	Journal Article;Research Support, Non-U.S. Gov't
38383406	2024	J Transl Med	Gong K	ZSWIM4 inhibition improves chemosensitivity in epithelial ovarian cancer cells by suppressing intracellular glycine biosynthesis.	P4_encode_cellline	Journal Article;Research Support, Non-U.S. Gov't
38290639	2024	Int J Biol Macromol	Guan X	BARX1 repressed FOXF1 expression and activated Wnt/β-catenin signaling pathway to drive lung adenocarcinoma.	P4_encode_cellline	Journal Article
38352412	2024	bioRxiv	Sadowski D	Polycomb Repressive Complex 1.1 Component, BCOR, Promotes Syncytiotrophoblast Differentiation in Mice and Humans.	P4_encode_cellline	Preprint;Journal Article
39032683	2024	Toxicology	Yang Y	HMGA2-mediated glutamine metabolism is required for Cd-induced cell growth and cell migration.	P4_encode_cellline	Journal Article;Research Support, Non-U.S. Gov't
39019045	2024	Mol Cell	Xu C	Systematic dissection of sequence features affecting binding specificity of a pioneer factor reveals binding synergy between FOXA1 and AP-1.	P4_encode_cellline	Journal Article;Research Support, N.I.H., Extramural
38495135	2024	Heliyon	Tian M	FOXM1 promotes the progression of non-small cell lung cancer by inhibiting miR-509-5p expression via binding to the miR-509-5p promoter region.	P4_encode_cellline	Journal Article
38586389	2024	Heliyon	Li WH	METTL3-mediated m(6)A methylation of DNMT1 promotes the progression of non-small cell lung cancer by regulating the DNA methylation of FOXO3a.	P4_encode_cellline	Journal Article
39298647	2024	Environ Health Perspect	Wang Q	Evaluating the Effects of Perinatal Exposures to BPSIP on Hepatic Cholesterol Metabolism in Female and Male Offspring ICR Mice.	P4_encode_cellline	Journal Article
38629299	2024	Electrophoresis	Ai C	The impact of SOX4-activated CTHRC1 transcriptional activity regulating DNA damage repair on cisplatin resistance in lung adenocarcinoma.	P4_encode_cellline	Journal Article
39266564	2024	Nat Commun	Long E	Context-aware single-cell multiomics approach identifies cell-type-specific lung cancer susceptibility genes.	P5_lung_atac_footprint	Journal Article;Research Support, Non-U.S. Gov't;Research Support, N.I.H., Extramural
39545935	2024	J Exp Med	Li X	MCRS1 sensitizes T cell-dependent immunotherapy by augmenting MHC-I expression in solid tumors.	P5_lung_atac_footprint	Journal Article;Research Support, Non-U.S. Gov't
39687207	2024	Natl Sci Rev	Wang H	Integrative study of lung cancer adeno-to-squamous transition in EGFR TKI resistance identifies RAPGEF3 as a therapeutic target.	P5_lung_atac_footprint	Journal Article
39042726	2024	Sci Signal	Anannya O	The kinase ITK controls a Ca(2+)-mediated switch that balances T(H)17 and T(reg) cell differentiation.	P5_lung_atac_footprint	Journal Article
38456508	2024	JCI Insight	Raphael HE	Activator protein transcription factors coordinate human IL-33 expression from noncanonical promoters in chronic airway disease.	P5_lung_atac_footprint	Journal Article;Research Support, N.I.H., Extramural;Research Support, Non-U.S. Gov't
38594748	2024	J Exp Clin Cancer Res	Fonseca P	A phenotypic screening approach to target p60AmotL2-expressing invasive cancer cells.	P5_lung_atac_footprint	Journal Article
38948751	2024	bioRxiv	Wang Y	SMARCA4 mutation induces tumor cell-intrinsic defects in enhancer landscape and resistance to immunotherapy.	P5_lung_atac_footprint	Journal Article;Preprint
39605447	2024	bioRxiv	Saintilnord WN	Aberrant expression of histone H2B variants reshape chromatin and alter oncogenic gene expression programs.	P5_lung_atac_footprint	Journal Article;Preprint
38326311	2024	Nat Commun	Pozner A	ASPSCR1-TFE3 reprograms transcription by organizing enhancer loops around hexameric VCP/p97.	P6_lung_3d	Journal Article;Research Support, Non-U.S. Gov't;Research Support, N.I.H., Extramural
38489486	2024	Int J Cancer	Brativnyk A	Multi-omics analysis reveals epigenetically regulated processes and patient classification in lung adenocarcinoma.	P6_lung_3d	Journal Article;Research Support, Non-U.S. Gov't
38372567	2024	J Cell Mol Med	Kerschner JL	The impact of genomic distance on enhancer-promoter interactions at the CFTR locus.	P6_lung_3d	Journal Article;Research Support, Non-U.S. Gov't
39272793	2024	Cancers (Basel)	Schmitt AD	Evaluation of Hi-C Sequencing for Detection of Gene Fusions in Hematologic and Solid Tumor Pediatric Cancer Samples.	P6_lung_3d	Journal Article
38765974	2024	medRxiv	Schmitt AD	Evaluation of Hi-C sequencing for the detection of gene fusions in hematologic and solid pediatric cancer samples.	P6_lung_3d	Preprint;Journal Article
38886663	2024	BMC Genom Data	Yan H	A chromosome-level genome assembly and annotation of the medicinal plant Lepidium apetalum.	P6_lung_3d	Journal Article
38559036	2024	Res Sq	Singhal A	Human Coronavirus Infection Reorganizes Spatial Genomic Architecture in Permissive Lung Cells.	P6_lung_3d	Preprint;Journal Article
38862995	2024	Mol Cancer	Kaneko S	Mechanism of ERBB2 gene overexpression by the formation of super-enhancer with genomic structural abnormalities in lung adenocarcinoma without clinically actionable genetic alterations.	P6_lung_3d	Journal Article
38417378	2024	EBioMedicine	Guo F	Identification of a distal enhancer regulating hedgehog interacting protein gene in human lung epithelial cells.	P6_lung_3d	Journal Article
39661665	2024	Sci Adv	Song X	SRC kinase drives multidrug resistance induced by KRAS-G12C inhibition.	P7_perturbseq	Journal Article;Research Support, N.I.H., Extramural;Research Support, Non-U.S. Gov't
38417443	2024	Cell Host Microbe	Liu X	A conserved antigen induces respiratory Th17-mediated broad serotype protection against pneumococcal superinfection.	P7_perturbseq	Journal Article
38453939	2024	Nat Commun	Szczepanski A	A SWI/SNF-dependent transcriptional regulation mediated by POU2AF2/C11orf53 at enhancer.	P7_perturbseq	Journal Article
38104868	2024	Int J Radiat Oncol Biol Phys	Ran X	CRISPR Screen of Druggable Targets in Small Cell Lung Cancer Identified ATM Inhibitor (AZD1390) as a Radiosensitizer.	P7_perturbseq	Journal Article
38165806	2024	Cell Rep	Karagiannis D	Metabolic reprogramming by histone deacetylase inhibition preferentially targets NRF2-activated tumors.	P7_perturbseq	Journal Article;Research Support, Non-U.S. Gov't;Research Support, N.I.H., Extramural
37819512	2024	Methods Mol Biol	Yu MA	Investigating Pseudomonas aeruginosa Gene Function During Pathogenesis Using Mobile-CRISPRi.	P7_perturbseq	Journal Article
38411275	2024	Mol Carcinog	Furusawa T	Metabolism-focused CRISPR screen unveils mitochondrial pyruvate carrier 1 as a critical driver for PARP inhibitor resistance in lung cancer.	P7_perturbseq	Journal Article
38501112	2024	Front Bioinform	Truchi M	Detecting subtle transcriptomic perturbations induced by lncRNAs knock-down in single-cell CRISPRi screening using a new sparse supervised autoencoder neural network.	P7_perturbseq	Journal Article
38791553	2024	Int J Mol Sci	Wernig-Zorc S	The Long Non-Coding RNA MALAT1 Modulates NR4A1 Expression through a Downstream Regulatory Element in Specific Cancer Cell Types.	P7_perturbseq	Journal Article
39164746	2024	J Exp Clin Cancer Res	Zhang H	Two-polarized roles of transcription factor FOSB in lung cancer progression and prognosis: dependent on p53 status.	P8_tf_perturb_rna	Journal Article
39309447	2024	Int J Biol Sci	Tao C	Genome-wide binding analysis unveils critical implication of B-Myb-mediated transactivation in cancers.	P8_tf_perturb_rna	Journal Article;Research Support, Non-U.S. Gov't
39066858	2024	Hum Cell	Sakurai K	PROX1 is a regulator of neuroendocrine-related gene expression in lung carcinoid.	P8_tf_perturb_rna	Journal Article
39228892	2024	Front Cell Infect Microbiol	Otálora-Otálora BA	Global transcriptomic network analysis of the crosstalk between microbiota and cancer-related cells in the oral-gut-lung axis.	P8_tf_perturb_rna	Journal Article
37547956	2024	J Gene Med	Zhang M	COL3A1-positive endothelial cells influence LUAD prognosis and regulate LUAD carcinogenesis by NCL-PI3K-AKT axis.	P8_tf_perturb_rna	Journal Article
38817334	2024	World J Stem Cells	Jiang YZ	GATA binding protein 2 mediated ankyrin repeat domain containing 26 high expression in myeloid-derived cell lines.	P8_tf_perturb_rna	Journal Article
37271476	2024	J Adv Res	Tang W	Targeting Trop2 by Bruceine D suppresses breast cancer metastasis by blocking Trop2/β-catenin positive feedback loop.	P9_lung_ppi	Journal Article;Research Support, Non-U.S. Gov't
39405113	2024	J Clin Invest	Tang X	EMC3 regulates trafficking and pulmonary toxicity of the SFTPCI73T mutation associated with interstitial lung disease.	P9_lung_ppi	Journal Article;Research Support, U.S. Gov't, Non-P.H.S.;Research Support, U.S. Gov't, P.H.S.;Research Support, Non-U.S. Gov't;Research Support, N.I.H., Extramural
39179096	2024	Cancer Lett	Wu J	6-Phosphogluconate dehydrogenase promotes glycolysis and fatty acid synthesis by inhibiting the AMPK pathway in lung adenocarcinoma cells.	P9_lung_ppi	Journal Article
39436829	2024	J Proteome Res	Sharma G	Meta-Analysis and DIA-MS-Based Proteomic Investigation of COPD Patients and Asymptomatic Smokers in the Indian Population.	P9_lung_ppi	Journal Article;Meta-Analysis;Research Support, Non-U.S. Gov't
39509750	2024	EBioMedicine	Moll M	Polygenic and transcriptional risk scores identify chronic obstructive pulmonary disease subtypes in the COPDGene and ECLIPSE cohort studies.	P9_lung_ppi	Journal Article
38431575	2024	J Transl Med	Qiu J	Silencing PinX1 enhances radiosensitivity and antitumor-immunity of radiotherapy in non-small cell lung cancer.	P9_lung_ppi	Journal Article;Research Support, Non-U.S. Gov't
39115278	2024	J Biochem	Suzuki Y	Identification of APBB1 as a substrate for anaplastic lymphoma kinase.	P9_lung_ppi	Journal Article
37992221	2024	J Cell Biochem	Vasović LM	Intrinsically disordered proteins and liquid-liquid phase separation in SARS-CoV-2 interactomes.	P9_lung_ppi	Journal Article;Research Support, Non-U.S. Gov't
39513000	2024	Cell Mol Bioeng	Zhang N	Graph-Based Spatial Proximity of Super-Resolved Protein-Protein Interactions Predicts Cancer Drug Responses in Single Cells.	P9_lung_ppi	Journal Article
38546978	2024	Am J Respir Cell Mol Biol	Ribeuz HL	Role of KCNK3 Dysfunction in Dasatinib-associated Pulmonary Arterial Hypertension and Endothelial Cell Dysfunction.	P9_lung_ppi	Journal Article;Research Support, Non-U.S. Gov't
38365674	2024	J Transl Med	Feng J	Endothelium-specific deletion of p62 causes organ fibrosis and cardiac dysfunction.	P9_lung_ppi	Journal Article;Research Support, Non-U.S. Gov't
37162909	2024	bioRxiv	Xiong D	Structurally-informed human interactome reveals proteome-wide perturbations by disease mutations.	P9_lung_ppi	Preprint;Journal Article
38588614	2024	Biochem Biophys Res Commun	Pei H	S100A9 exacerbates sepsis-induced acute lung injury via the IL17-NFκB-caspase-3 signaling pathway.	P9_lung_ppi	Journal Article;Research Support, Non-U.S. Gov't
38617310	2024	bioRxiv	Deritei D	HHIP protein interactions in lung cells provide insight into COPD pathogenesis.	P9_lung_ppi	Preprint;Journal Article
38474030	2024	Int J Mol Sci	Li W	Mass Spectrometry-Based Proteomic Analysis of Potential Host Proteins Interacting with GP5 in PRRSV-Infected PAMs.	P9_lung_ppi	Journal Article
39000325	2024	Int J Mol Sci	Zhao S	Mass Spectrometry-Based Proteomic Analysis of Potential Host Proteins Interacting with N in PRRSV-Infected PAMs.	P9_lung_ppi	Journal Article
38826461	2024	medRxiv	Moll M	Polygenic and transcriptional risk scores identify chronic obstructive pulmonary disease subtypes.	P9_lung_ppi	Preprint;Journal Article
38912441	2024	Heliyon	Zheng Y	Protein interactome analysis of ATP1B1 in alveolar epithelial cells using Co-Immunoprecipitation mass spectrometry and parallel reaction monitoring assay.	P9_lung_ppi	Journal Article
37940001	2024	Hellenic J Cardiol	Huang Y	Impact of reduced apolipoprotein A-I levels on pulmonary arterial hypertension.	P9_lung_ppi	Journal Article
39796712	2024	Cancers (Basel)	Rosier M	The Vimentin-Targeting Drug ALD-R491 Partially Reverts the Epithelial-to-Mesenchymal Transition and Vimentin Interactome of Lung Cancer Cells.	P9_lung_ppi	Journal Article
39552876	2024	J Thorac Dis	Chai T	CLCA1 and BPIFB1 are potential novel biomarkers for asthma: an iTRAQ analysis.	P9_lung_ppi	Journal Article
38405006	2024	Transl Lung Cancer Res	Zhang X	In-depth proteomic analysis identifies key gene signatures predicting therapeutic efficacy of anti-PD-1/PD-L1 monotherapy in non-small cell lung cancer.	P9_lung_ppi	Journal Article
39074420	2024	Phytomedicine	Li H	Gleditsiae Sinensis Fructus ingredients and mechanism in anti-asthmatic bronchitis research.	P9_lung_ppi	Journal Article
39766023	2024	Cancers (Basel)	Giannopoulos-Dimitriou A	Molecular Profiling of A549 Cell-Derived Exosomes: Proteomic, miRNA, and Interactome Analysis for Identifying Potential Key Regulators in Lung Cancer.	P9_lung_ppi	Journal Article
38387774	2024	Mol Cell Proteomics	Van Moortel L	Selective Modulation of the Human Glucocorticoid Receptor Compromises GR Chromatin Occupancy and Recruitment of p300/CBP and the Mediator Complex.	P9_lung_ppi	Journal Article;Research Support, Non-U.S. Gov't
39204193	2024	Pharmaceuticals (Basel)	Tian Y	Antitumor Effects and the Potential Mechanism of 10-HDA against SU-DHL-2 Cells.	P9_lung_ppi	Journal Article
38826292	2024	bioRxiv	Kajimura Y	An in vivo "turning model" reveals new RanBP9 interactions in lung macrophages.	P9_lung_ppi	Journal Article;Preprint
39749001	2024	J Inflamm Res	Zhu J	The Effect Components and Mechanisms of Action of Cimicifugae Rhizoma in the Treatment of Acute Pneumonia.	P9_lung_ppi	Journal Article
39456887	2024	Int J Mol Sci	Wang F	Multi-Omics Analysis Identified Drug Repurposing Targets for Chronic Obstructive Pulmonary Disease.	P9_lung_ppi	Journal Article
39375737	2024	BMC Pulm Med	Chen Y	Identifying prothrombin and bone sialoprotein as potential drug targets for idiopathic pulmonary fibrosis.	P9_lung_ppi	Journal Article
39139811	2024	Front Mol Biosci	Olatona OA	Candidate proteins interacting with cytoskeleton in cells from the basal airway epithelium in vitro.	P9_lung_ppi	Journal Article
39065055	2024	Microorganisms	Vijayakumar P	Proteomics Analysis of Duck Lung Tissues in Response to Highly Pathogenic Avian Influenza Virus.	P9_lung_ppi	Journal Article
39041127	2024	Zhongguo Zhong Yao Za Zhi	Liu CH	[Material basis and mechanism of Bletillae Rhizoma for melasma, gastrointestinal hemorrhage, lung cancer and bronchoplumonary inflammation as "homotherapy for heteropathy" based on UHPLC-Q-Exactive Orbitrap HRMS coupled with network pharmacology and molecular docking].	P9_lung_ppi	English Abstract;Journal Article
38985526	2024	Mol Biol Cell	László L	Unveiling epithelial plasticity regulation in lung cancer: Exploring the cross-talk among Tks4 scaffold protein partners.	P9_lung_ppi	Journal Article
38912819	2024	Microbiol Spectr	Chai Z	Sirtulin-Ypk1 regulation axis governs the TOR signaling pathway and fungal pathogenicity in Cryptococcus neoformans.	P9_lung_ppi	Journal Article
38824092	2024	Arch Bronconeumol	Wang K	Proteome-Wide Multicenter Mendelian Randomization Analysis to Identify Novel Therapeutic Targets for Lung Cancer.	P9_lung_ppi	Journal Article
38576019	2024	J Transl Med	Zhang L	Systematic proteome-wide Mendelian randomization using the human plasma proteome to identify therapeutic targets for lung adenocarcinoma.	P9_lung_ppi	Journal Article;Research Support, Non-U.S. Gov't
38561057	2024	J Ethnopharmacol	Liao G	Integrative analysis of network pharmacology and proteomics reveal the protective effect of Xiaoqinglong Decotion on neutrophilic asthma.	P9_lung_ppi	Journal Article
38496547	2024	bioRxiv	Siwo GH	Pan-cancer molecular signatures connecting aspartate transaminase (AST) to cancer prognosis, metabolic and immune signatures.	P9_lung_ppi	Journal Article;Preprint
38453365	2024	Life Sci Alliance	Damianou A	Oncogenic mutations of KRAS modulate its turnover by the CUL3/LZTR1 E3 ligase complex.	P9_lung_ppi	Journal Article;Research Support, Non-U.S. Gov't
38415491	2024	Anticancer Agents Med Chem	Kiruthiga C	Phytol and α-Bisabolol Synergy Induces Autophagy and Apoptosis in A549 Cells and Additional Molecular Insights through Comprehensive Proteome Analysis via Nano LC-MS/MS.	P9_lung_ppi	Journal Article
38403323	2024	Zhongguo Zhong Yao Za Zhi	Chen RJ	[Mechanism of n-butanol fraction of Wenxia Formula combining with gefitinib in treating non-small cell lung cancer based on network pharmacology and in vitro experiment].	P9_lung_ppi	English Abstract;Journal Article
38216101	2024	J Ethnopharmacol	Gao Z	Exploration the mechanism of Shenling Baizhu San in the treatment of chronic obstructive pulmonary disease based on UPLC-Q-TOF-MS/MS, network pharmacology and in vitro experimental verification.	P9_lung_ppi	Journal Article
38192790	2024	Heliyon	Han G	Long non-coding RNA HANR modulates the glucose metabolism of triple negative breast cancer via stabilizing hexokinase 2.	P9_lung_ppi	Journal Article
38184997	2024	Redox Biol	Deen AJ	Oncogenic KEAP1 mutations activate TRAF2-NFκB signaling to prevent apoptosis in lung cancer cells.	P9_lung_ppi	Journal Article
38013118	2024	Lab Invest	Hiratsuka T	Formalin-Fixed Paraffin-Embedded Proteomics of Malignant Mesothelioma and New Candidate Biomarkers Thioredoxin and Superoxide Dismutase 2 for Immunohistochemistry.	P9_lung_ppi	Journal Article;Research Support, Non-U.S. Gov't
37827295	2024	J Ethnopharmacol	Bai T	A systematical strategy for quality markers screening of different methods processing Platycodonis radix based on phytochemical analysis and the impact on Chronic Obstructive Pulmonary Disease.	P9_lung_ppi	Journal Article
37532072	2024	J Ethnopharmacol	Le-Xin C	Yi Qi Chu Tan Formula (YQCTF) inhibited the progress of lung cancer via regulating tumor-associated neutrophil: An integrated study of network pharmacology, proteomics and pharmacodynamics.	P9_lung_ppi	Journal Article
39303721	2024	Mol Cell	Street LA	Large-scale map of RNA-binding protein interactomes across the mRNA life cycle.	P10_global_ppi	Journal Article
38944040	2024	Dev Cell	Bhat G	Next-generation Drosophila protein interactome map and its functional implications.	P10_global_ppi	Journal Article;Research Support, Non-U.S. Gov't;Research Support, N.I.H., Extramural
38545252	2024	J Cell Commun Signal	Idrees S	Proteome-wide assessment of human interactome as a source of capturing domain-motif and domain-domain interactions.	P10_global_ppi	Journal Article
39456959	2024	Int J Mol Sci	Wang Y	Genome-Scale Identification of Wild Soybean Serine/Arginine-Rich Protein Family Genes and Their Responses to Abiotic Stresses.	P10_global_ppi	Journal Article
38966969	2024	Se Pu	Liu W	[Applications of high performance liquid chromatography-mass spectrometry in proteomics].	P10_global_ppi	Journal Article;Review
38839039	2024	Mol Cell Proteomics	Yang JC	Cerebrospinal Fluid Proteome Map Reveals Molecular Signatures of Reversible Cerebral Vasoconstriction Syndrome.	P10_global_ppi	Journal Article
38039873	2024	J Pharm Biomed Anal	Zhang N	Synergistic and attenuated effects and molecular biological mechanisms of Shouhui Tongbian capsule in the treatment of slow transit constipation based on UPLC-MS/MS, network pharmacology and animal experimental validation.	P10_global_ppi	Journal Article
39367989	2024	Planta	Panahi B	Navigating the microalgal maze: a comprehensive review of recent advances and future perspectives in biological networks.	P10_global_ppi	Journal Article;Review
39342359	2024	J Transl Med	Li Z	Potential functions and mechanisms of lysine crotonylation modification (Kcr) in tumorigenesis and lymphatic metastasis of papillary thyroid cancer (PTC).	P10_global_ppi	Journal Article;Research Support, Non-U.S. Gov't
38837823	2024	Phytochem Anal	Yin Y	Renal toxicity of Aconitum plants? A study based on a new mass spectrometry scanning strategy and computer virtual screening.	P10_global_ppi	Journal Article
37890743	2024	Int J Biol Macromol	Chatterjee M	Developmental stage-specific proteome analysis of the legume pod borer Maruca vitrata provides insights on relevant proteins.	P10_global_ppi	Journal Article
38501365	2024	Biomed Chromatogr	Li Y	Serum metabolomics analysis combined with network pharmacology reveals possible mechanisms of postoperative cognitive dysfunction in the treatment of Mongolian medicine Eerdun Wurile basic formula.	P10_global_ppi	Journal Article
39640488	2024	Front Pharmacol	Sharif M	Evaluation of the inhibitory mechanism of Pennisetum glaucum (pearl millet) bioactive compounds for rheumatoid arthritis: an in vitro and computational approach.	P10_global_ppi	Journal Article
39242942	2024	Nat Cancer	Dong B	Integrative proteogenomic profiling of high-risk prostate cancer samples from Chinese patients indicates metabolic vulnerabilities and diagnostic biomarkers.	P11_catalogs	Journal Article
39210256	2024	BMC Genomics	Perna S	A comparative analysis of ENCODE and Cistrome in the context of TF binding signal.	P11_catalogs	Journal Article;Comparative Study
39182283	2024	Ecotoxicol Environ Saf	Liang R	Calcitriol alleviates noise-induced hearing loss by regulating the ATF3/DUSP1 signalling pathway.	P11_catalogs	Journal Article
39509434	2024	PLoS One	Zhou K	The shared biomarkers and immune landscape in psoriatic arthritis and rheumatoid arthritis: Findings based on bioinformatics, machine learning and single-cell analysis.	P11_catalogs	Journal Article
38036743	2024	Nat Neurosci	Benisty H	Rapid fluctuations in functional connectivity of cortical networks encode spontaneous behavior.	P11_catalogs	Journal Article
38354497	2024	Comput Biol Med	Vahab N	Uncovering co-regulatory modules and gene regulatory networks in the heart through machine learning-based analysis of large-scale epigenomic data.	P11_catalogs	Journal Article;Research Support, Non-U.S. Gov't
37971305	2024	Nucleic Acids Res	Taing L	Cistrome Data Browser: integrated search, analysis and visualization of chromatin data.	P11_catalogs	Journal Article;Research Support, N.I.H., Extramural
39099406	2024	Adv Sci (Weinh)	Shao M	Leveraging Random Effects in Cistrome-Wide Association Studies for Decoding the Genetic Determinants of Prostate Cancer.	P11_catalogs	Journal Article;Research Support, Non-U.S. Gov't
38749504	2024	Nucleic Acids Res	Zou Z	ChIP-Atlas 3.0: a data-mining suite to explore chromosome architecture together with large-scale regulome data.	P11_catalogs	Journal Article;Research Support, Non-U.S. Gov't
38270698	2024	Biochem Genet	Ding G	Prognostic Value of CXCR6 and the Correlation with Immune Infiltration in the Microenvironment of Skin Cutaneous Melanoma.	P11_catalogs	Journal Article
39082650	2024	Brief Bioinform	Lu Z	Assessing next-generation sequencing-based computational methods for predicting transcriptional regulators with query gene sets.	P11_catalogs	Journal Article;Review;Research Support, Non-U.S. Gov't;Research Support, N.I.H., Extramural
39300613	2024	J Cell Mol Med	Lyu N	Multi-dataset identification of innovative feature genes and molecular mechanisms in keratoconus.	P11_catalogs	Journal Article;Research Support, Non-U.S. Gov't
37987894	2024	Methods Mol Biol	Donaire L	Computational Pipeline for the Detection of Plant RNA Viruses Using High-Throughput Sequencing.	P11_catalogs	Journal Article;Research Support, Non-U.S. Gov't
39695844	2024	Genome Biol	Jiao W	Transcriptional regulatory network reveals key transcription factors for regulating agronomic traits in soybean.	P11_catalogs	Journal Article;Research Support, Non-U.S. Gov't
38387733	2024	Neuroscience	Guo H	Sp1 Regulates the M1 Polarization of Microglia Through the HuR/NF-κB Axis after Spinal Cord Injury.	P11_catalogs	Journal Article;Research Support, Non-U.S. Gov't
38562775	2024	bioRxiv	Lu Z	Assessing NGS-based computational methods for predicting transcriptional regulators with query gene sets.	P11_catalogs	Preprint;Journal Article
40236066	2024	bioRxiv	Trubetskoy D	Activation of IL1A/IRAK1 axis and downstream proinflammatory signaling in healthy adult and neonatal African American skin.	P11_catalogs	Journal Article;Preprint
39027522	2024	Heliyon	Ren Y	Hyper-methylation and DNMT3A mediated LTC4S downregulation promoted lung adenocarcinoma tumorigenesis via mTORC1 signaling pathway.	P11_catalogs	Journal Article
39062146	2024	Biomedicines	Xian J	Variant Transcript of ROR1 ENST00000545203 Does Not Encode ROR1 Protein.	P11_catalogs	Journal Article
39509788	2024	Bioorg Chem	Shi JJ	Structure-Based identification of a potent KDM7A inhibitor exerts anticancer activity through transcriptionally reducing MKRN1 in taxol- resistant and -sensitive triple-negative breast cancer cells.	P11_catalogs	Journal Article;Research Support, Non-U.S. Gov't
39697704	2024	Transl Cancer Res	Liu X	A novel immune-related gene prognostic signature combining immune cell infiltration and immune checkpoint for glioblastoma patients.	P11_catalogs	Journal Article
38822944	2024	Discov Oncol	Huang J	The potent potential of MFAP2 in prognosis and immunotherapy of triple-negative breast cancer.	P11_catalogs	Journal Article
38317200	2024	J Ovarian Res	Yang H	SETDB1 promotes progression through upregulation of SF3B4 expression and regulates the immunity in ovarian cancer.	P11_catalogs	Journal Article
38725807	2024	Ann Surg Treat Res	Huang JR	Effects of transcription factor SOX11 on the biological behavior of neuroblastoma cell and potential regulatory mechanism.	P11_catalogs	Journal Article
38615981	2024	Gene	Wakabayashi Y	Identification of a novel RNA transcript TISPL upregulated by stressors that stimulate ATF4.	P11_catalogs	Journal Article
38646803	2024	Int J Biol Markers	Mo WJ	Clinicopathological role of Cyclin A2 in uterine corpus endometrial carcinoma: Integration of tissue microarrays and ScRNA-Seq.	P11_catalogs	Journal Article
38915583	2024	bioRxiv	Rebboah E	The ENCODE mouse postnatal developmental time course identifies regulatory programs of cell types and cell states.	P11_catalogs	Journal Article;Preprint
39211868	2024	medRxiv	Hao S	ENCoDE - a skin tone and clinical dataset from a prospective trial on acute care patients.	P11_catalogs	Journal Article;Preprint
38787375	2024	Aging (Albany NY)	Sun G	Potential marker genes for chronic obstructive pulmonary disease revealed based on single-cell sequencing and Mendelian randomization analysis.	P11_catalogs	Journal Article
38802795	2024	Mol Cancer	Zhang XY	CircPIAS1 promotes hepatocellular carcinoma progression by inhibiting ferroptosis via the miR-455-3p/NUPR1/FTH1 axis.	P12_mouse_lung_chip	Journal Article
38281999	2024	J Exp Clin Cancer Res	Zhou Z	FBW7/GSK3β mediated degradation of IGF2BP2 inhibits IGF2BP2-SLC7A5 positive feedback loop and radioresistance in lung cancer.	P12_mouse_lung_chip	Journal Article
38499142	2024	Exp Cell Res	Xin L	KLF10/CBS increases the sensitivity of gastric carcinoma cells to methionine restriction by promoting sulfur transfer pathway.	P12_mouse_lung_chip	Journal Article;Research Support, Non-U.S. Gov't
38471712	2024	J Immunother Cancer	Tao Q	Mefloquine enhances the efficacy of anti-PD-1 immunotherapy via IFN-γ-STAT1-IRF1-LPCAT3-induced ferroptosis in tumors.	P13_lung_immune_chip	Journal Article;Research Support, Non-U.S. Gov't
39384195	2024	J Immunother Cancer	Xu T	HDAC inhibitor SAHA enhances antitumor immunity via the HDAC1/JAK1/FGL1 axis in lung adenocarcinoma.	P13_lung_immune_chip	Journal Article
39442340	2024	Cytokine	Gautam A	A novel genetic association of IL32 with tuberculosis.	P13_lung_immune_chip	Journal Article;Research Support, Non-U.S. Gov't
38768671	2024	Pharmacol Res	Ren Z	STC1 competitively binding βPIX enhances melanoma progression via YAP nuclear translocation and M2 macrophage recruitment through the YAP/CCL2/VEGFA/AKT feedback loop.	P13_lung_immune_chip	Journal Article
38493151	2024	J Exp Clin Cancer Res	Lei X	Gli1-mediated tumor cell-derived bFGF promotes tumor angiogenesis and pericyte coverage in non-small cell lung cancer.	P13_lung_immune_chip	Journal Article
39357468	2024	Hum Immunol	Ji Y	Mechanism of LMNB1 activating GPR84 through JAK-STAT pathway to mediate M2 macrophage polarization in lung cancer.	P13_lung_immune_chip	Journal Article
38008395	2024	Cancer Lett	Sui Q	Targeting TAM-secreted S100A9 effectively enhances the tumor-suppressive effect of metformin in treating lung adenocarcinoma.	P13_lung_immune_chip	Journal Article
38989583	2024	Hypertension	Liu B	Identification of Noncoding Functional Regulatory Variants of STIM1 Gene in Idiopathic Pulmonary Arterial Hypertension.	P14_variant_tf_binding	Journal Article;Research Support, Non-U.S. Gov't
39631147	2024	EBioMedicine	An M	Systematic identification of pathogenic variants of non-small cell lung cancer in the promoters of DNA-damage repair genes.	P14_variant_tf_binding	Journal Article
38872221	2024	J Exp Clin Cancer Res	Hua X	ALKBH5 promotes non-small cell lung cancer progression and susceptibility to anti-PD-L1 therapy by modulating interactions between tumor and macrophages.	P14_variant_tf_binding	Journal Article
38250037	2024	Theranostics	Zhang C	Blockade of CD93 in pleural mesothelial cells fuels anti-lung tumor immune responses.	P14_variant_tf_binding	Journal Article
39120703	2024	Cell Mol Life Sci	Wu Y	NOR1 promotes the osteoblastic differentiation of human periodontal ligament stem cells via TGF-β signaling pathway.	P14_variant_tf_binding	Journal Article
38902704	2024	Cancer Cell Int	Wang J	LncRNA PGM5-AS1 inhibits non-small cell lung cancer progression by targeting miRNA-423-5p/SLIT2 axis.	P14_variant_tf_binding	Journal Article
39416782	2024	Front Immunol	Tang Y	M protein ectodomain-specific immunity restrains SARS-CoV-2 variants replication.	P14_variant_tf_binding	Journal Article
38163864	2024	Biol Direct	Tian T	The oncogenic role and regulatory mechanism of PGK1 in human non-small cell lung cancer.	P14_variant_tf_binding	Journal Article;Research Support, Non-U.S. Gov't
37930192	2024	Hum Mol Genet	Brown EA	Three linked variants have opposing regulatory effects on isovaleryl-CoA dehydrogenase gene expression.	P14_variant_tf_binding	Journal Article;Research Support, Non-U.S. Gov't;Research Support, N.I.H., Extramural
38441855	2024	J Bioenerg Biomembr	Wan X	The SOX2/PDIA6 axis mediates aerobic glycolysis to promote stemness in non-small cell lung cancer cells.	P14_variant_tf_binding	Journal Article;Research Support, Non-U.S. Gov't
39090761	2024	Thorac Cancer	Bai W	METTL3/IGF2BP1 influences the development of non-small-cell lung cancer by mediating m6A methylation modification of TRPV1.	P14_variant_tf_binding	Journal Article
37923092	2024	Gene	Tang W	Mechanism of PWAR6 regulating cisplatin drug sensitivity in non-small cell lung cancer through miR-577/PHACTR1.	P14_variant_tf_binding	Journal Article
38644862	2024	Heliyon	Zheng Y	miR-199a-5p targets DUSP14 to regulate cell proliferation, invasion and stemness in non-small cell lung cancer.	P14_variant_tf_binding	Journal Article
38065426	2024	Gene	Guan Y	Astragaloside IV inhibits epithelial-mesenchymal transition and pulmonary fibrosis via lncRNA-ATB/miR-200c/ZEB1 signaling pathway.	P14_variant_tf_binding	Journal Article
37646893	2024	Biochem Genet	Lu W	Circular RNA circ_0101675 Promotes NSCLC Cell Proliferation, Migration, Invasion, Angiogenesis and Immune Evasion by Sponging miR-607/PDL1 Axis.	P14_variant_tf_binding	Journal Article
38411298	2024	Mol Carcinog	Du X	NSUN2 promotes lung adenocarcinoma progression through stabilizing PIK3R2 mRNA in an m(5)C-dependent manner.	P14_variant_tf_binding	Journal Article
38539084	2024	Cell Mol Biol Lett	Jin M	Oncogenic circ-SLC16A1 promotes progression of non-small cell lung cancer via regulation of the miR-1287-5p/profilin 2 axis.	P14_variant_tf_binding	Journal Article
39500645	2024	Pancreatology	Huang HH	Rs1347093 regulates microRNA-216/-217 expression and is associated with pancreatic cancer risk.	P14_variant_tf_binding	Journal Article
39103070	2024	Exp Cell Res	Liu Q	MicroRNA-522-3p promotes brain metastasis in non-small cell lung cancer by targeting Tensin 1 and modulating blood-brain barrier permeability.	P14_variant_tf_binding	Journal Article
38430034	2024	Cell Mol Biol (Noisy-le-grand)	Wang Q	Bone mesenchymal stem cell-derived exosomal miR-26a-3p promotes autophagy to attenuate LPS-induced apoptosis and inflammation in pulmonary microvascular endothelial cells.	P14_variant_tf_binding	Journal Article
39446175	2024	Discov Oncol	Xu S	A-to-I-edited miR-1251-5p restrains tumor growth and metastasis in lung adenocarcinoma through regulating TCF7-mediated Wnt signaling pathway.	P14_variant_tf_binding	Journal Article
39364406	2024	Front Immunol	Liu J	MiR-146a-5p engineered hucMSC-derived extracellular vesicles attenuate Dermatophagoides farinae-induced allergic airway epithelial cell inflammation.	P14_variant_tf_binding	Journal Article
39415701	2024	J Biochem Mol Toxicol	Wu H	miR-195-5p inhibits cisplatin resistance in lung adenocarcinoma by regulating DNA damage via targeting E2F7.	P14_variant_tf_binding	Journal Article
39506204	2024	Clin Respir J	Sun J	IGF2BP3/CTCF Axis-Dependent NT5DC2 Promotes M2 Macrophage Polarization to Enhance the Malignant Progression of Lung Squamous Cell Carcinomas.	P14_variant_tf_binding	Journal Article
39487760	2024	Cancer Biol Ther	Chen Z	GdX inhibits the occurrence and progression of breast cancer by negatively modulating the activity of STAT3.	P14_variant_tf_binding	Journal Article
39365167	2024	Crit Care Explor	Grunwell JR	RNA Sequencing Analysis of Monocytes Exposed to Airway Fluid From Children With Pediatric Acute Respiratory Distress Syndrome.	P14_variant_tf_binding	Journal Article;Research Support, N.I.H., Extramural
39067173	2024	Pathol Res Pract	Zeng LC	miR-3202 inhibits bronchopulmonary dysplasia-mediated apoptosis and oxidative stress in bronchial epithelial cells via targeting RAG1.	P14_variant_tf_binding	Journal Article
38446062	2024	Antimicrob Agents Chemother	Tang W-F	BPR3P0128, a non-nucleoside RNA-dependent RNA polymerase inhibitor, inhibits SARS-CoV-2 variants of concern and exerts synergistic antiviral activity in combination with remdesivir.	P14_variant_tf_binding	Journal Article;Research Support, Non-U.S. Gov't
38273748	2024	Discov Med	Xu C	XRCC1 rs1799782 Promotes DNA Damage Repair in Lung Cancer Cells by Enhancing Its Binding to FOXA1 to Facilitate FOXA1-Mediated Transcription of XRCC1.	P14_variant_tf_binding	Journal Article;Research Support, Non-U.S. Gov't
38181527	2024	Phytomedicine	Fan W	Naringenin regulates cigarette smoke extract-induced extracellular vesicles from alveolar macrophage to attenuate the mouse lung epithelial ferroptosis through activating EV miR-23a-3p/ACSL4 axis.	P14_variant_tf_binding	Journal Article
38178680	2024	Comb Chem High Throughput Screen	Tao S	Differential miRNA Profiling Reveals miR-4433a-5p as a Key Regulator of Chronic Obstructive Pulmonary Disease Progression via PIK3R2- mediated Phenotypic Modulation.	P14_variant_tf_binding	Journal Article;Research Support, Non-U.S. Gov't
38083898	2024	Protein Pept Lett	Qin Z	Dexmedetomidine Alleviates Brain Ischemia/Reperfusion Injury by Regulating Metastasis-associated Lung Adenocarcinoma Transcript 1/MicroRNA-140-5p/ Nuclear Factor Erythroid-derived 2-like 2 Axis.	P14_variant_tf_binding	Journal Article
37935886	2024	Pediatr Res	Wang H	Functional characterization of two novel NKX2-1 frameshift variants that cause pulmonary surfactant dysfunction.	P14_variant_tf_binding	Case Reports;Journal Article
37725935	2024	Int Arch Allergy Immunol	Tong N	miR-410 Regulates Helper T Cell Differentiation in Ovalbumin-Induced Asthma through the PI3K-AKT-VEGF Signaling Pathway.	P14_variant_tf_binding	Journal Article
38646808	2024	Integr Cancer Ther	Wang Q	Luteolin Inhibits Lung Cancer Cell Migration by Negatively Regulating TWIST1 and MMP2 Through Upregulation of miR-106a-5p.	P15_direct_targets	Journal Article;Research Support, Non-U.S. Gov't
38519469	2024	Nat Commun	Reggiani F	BET inhibitors drive Natural Killer activation in non-small cell lung cancer via BRD4 and SMAD3.	P15_direct_targets	Journal Article
38373665	2024	J Ethnopharmacol	Wang Y	Jiawei Yanghe Decoction attenuate allergic airway inflammation by suppressing group 2 innate lymphoid cells responses.	P15_direct_targets	Journal Article
38688591	2024	In Vivo	Lv D	HECTD2/TNFAIP1 Axis Regulating the p38/JNK Pathway to Promote an Inflammatory Response in Renal Cell Carcinoma Cells.	P15_direct_targets	Journal Article
40050048	2025	J Immunother Cancer	Jeong H	Cell-intrinsic PD-L1 signaling drives immunosuppression by myeloid-derived suppressor cells through IL-6/Jak/Stat3 in PD-L1-high lung cancer.	P1_lung_chip_tf	Journal Article
41345704	2025	J Exp Clin Cancer Res	Zhang C	Lactylation-driven KRT19 promotes non-small cell lung cancer progression by suppressing cellular senescence.	P1_lung_chip_tf	Journal Article
40581637	2025	Cell Biosci	Zhu J	ZNF146 accelerates lung adenocarcinoma progression through MDM2/p53 and PHGDH/ferroptosis.	P1_lung_chip_tf	Journal Article
40222483	2025	Cancer Lett	Jiang M	HDAC4 super-enhancer drives CEBPB-mediated TWIST2 transcription to promote chemoresistance in LUAD.	P1_lung_chip_tf	Journal Article
40614386	2025	Biochim Biophys Acta Mol Basis Dis	Zhang B	The DLX1-NCS1-MYC axis drives oncogenesis and progression in lung adenocarcinoma.	P1_lung_chip_tf	Journal Article;Research Support, Non-U.S. Gov't
41035072	2025	Biol Direct	Hu T	HMGA1 promotes the progression of lung adenocarcinoma through the STAT1-mediated transcriptional activation of DDAH1.	P1_lung_chip_tf	Journal Article;Research Support, Non-U.S. Gov't
40389968	2025	Respir Res	Ren S	Transcription factor ZNF266 suppresses cancer progression by modulating CA9-mediated intracellular pH alteration in lung adenocarcinoma.	P1_lung_chip_tf	Journal Article
40619016	2025	Biochem Pharmacol	Zhao S	Histone lactylation-driven YTHDF2 promotes non-small cell lung cancer cell glycolysis and stemness by recognizing m6A modification of SFRP2.	P1_lung_chip_tf	Journal Article;Research Support, Non-U.S. Gov't
41102854	2025	Eur J Med Res	Zhou Y	Transcriptional activation of MACF1 by NR2F1 drives WNT-mediated focal adhesion and metastasis in lung adenocarcinoma.	P1_lung_chip_tf	Journal Article
40790766	2025	Cell Biosci	Yao X	AFF4 promotes tumor progression and cisplatin resistance by modulating the PTEN/PI3K/AKT/mTOR axis to accelerate glycolysis in lung adenocarcinoma.	P1_lung_chip_tf	Journal Article
41075325	2025	Transl Oncol	Liu Y	The oncogenic role of BMAL2 in non-small cell lung cancer: MRPL15-mediated regulation of apoptosis and ferroptosis.	P1_lung_chip_tf	Journal Article
40669281	2025	Comput Biol Med	Niharika	DNMT1 inhibition by synergistic application of curcumin and 5-AZA-2'-deoxycytidine implicates enhanced therapeutic potential against lung adenocarcinoma.	P1_lung_chip_tf	Journal Article
40490947	2025	Clin Transl Med	Ye X	LncRNA MIR503HG regulates NETs-mediated NLRP3 inflammasome activation and NSCLC metastasis by enhancing the ubiquitination of C/EBPβ.	P1_lung_chip_tf	Journal Article;Research Support, Non-U.S. Gov't
40717692	2025	J Cell Commun Signal	Li P	Cancer-associated fibroblasts-secreted lactate promotes RNA polymerase III subunit G-mediated epithelial-mesenchymal transition in non-small cell lung cancer by increasing m6A modification of zinc finger protein 384.	P1_lung_chip_tf	Journal Article
40434671	2025	Curr Med Sci	Lu XN	FOXM1 Promotes Non-Small Cell Lung Cancer Progression by Increasing CHEK1 Expression.	P1_lung_chip_tf	Journal Article
41184230	2025	Cell Death Discov	Wang S	Inhibition of BRD4 sensitizes NSCLC cells to osimertinib by suppressing APT1 and promoting MST1 palmitoylation.	P1_lung_chip_tf	Journal Article
41473312	2025	bioRxiv	Zargar S	MIR17HG Expression Is Transcriptionally Regulated by PAX3::FOXO1 and MYCN and is Necessary for Oncogenic Activity in Fusion-Positive Rhabdomyosarcoma.	P1_lung_chip_tf	Journal Article;Preprint
41417109	2025	Cell Biol Toxicol	Wang LT	Spike protein-induced VSIR-ISX signaling disrupts metabolic homeostasis and promotes COVID-19-related immune dysfunction.	P1_lung_chip_tf	Journal Article
41413918	2025	Eur J Med Res	Wang Y	A positive feedback loop between KPNA2 and FOXM1 promotes the proliferation of lung adenocarcinoma.	P1_lung_chip_tf	Journal Article
41028528	2025	Commun Biol	He J	MFSD12, transcriptionally regulated by PLAGL2, promotes bladder cancer progression.	P1_lung_chip_tf	Journal Article
40777817	2025	J Clin Biochem Nutr	Hou H	FOXM1 transcriptionally activates NEIL3 to inhibit ferroptosis in lung adenocarcinoma cells.	P1_lung_chip_tf	Journal Article
40764968	2025	Cell Mol Biol Lett	Chatterjee B	Hypoxia-induced genome-wide DNA demethylation by DNMT3A and EMT of cancer cells.	P1_lung_chip_tf	Journal Article
40721413	2025	Cell Death Discov	Lin S	FOXP2 suppresses gastric cancer progression by transcriptionally repressing FBXW2 via WASL degradation.	P1_lung_chip_tf	Journal Article
40510136	2025	Front Oncol	Qiu G	METTL3-mediated SNHG1 m(6)A modification promotes proliferation and migration through transcriptional regulation of WDR74 in osteosarcoma.	P1_lung_chip_tf	Journal Article
40455824	2025	PLoS Genet	Paasch TP	ciRS-7 expression is epigenetically regulated in cancer cells across human adenocarcinomas.	P1_lung_chip_tf	Journal Article
40437556	2025	J Cardiothorac Surg	Cai Y	Transcription factor E2F1 promotes non-small cell lung cancer progression by activating the PI3K/AKT pathway through MCM4.	P1_lung_chip_tf	Journal Article
40158794	2025	Prostaglandins Other Lipid Mediat	Tang W	E2F7 upregulates MCM4 and fatty acid metabolism to advance lung adenocarcinoma metastasis.	P1_lung_chip_tf	Journal Article
40066751	2025	Kaohsiung J Med Sci	Hao YH	PSMD14 Transcriptionally Activated by MEF2A Promotes Pancreatic Cancer Development by Upregulating SPON2 Expression.	P1_lung_chip_tf	Journal Article
39969091	2025	Kaohsiung J Med Sci	Shi GC	ELK4 transcription promotes MSI2-mediated progression of non-small cell lung cancer through the TGF-β/SMAD3 pathway.	P1_lung_chip_tf	Journal Article
39462230	2025	Allergy	Zhang X	Blocking the HIF-1α/glycolysis axis inhibits allergic airway inflammation by reducing ILC2 metabolism and function.	P2_lung_chip_disease	Journal Article
39901237	2025	BMC Biol	Yang L	O-GlcNAcylation attenuates ischemia-reperfusion-induced pulmonary epithelial cell ferroptosis via the Nrf2/G6PDH pathway.	P2_lung_chip_disease	Journal Article
41257864	2025	Respir Res	Ke J	TIGIT/SHIP-1/RelB regulating Th1 inflammation in smoking induced COPD.	P2_lung_chip_disease	Journal Article
40239873	2025	J Allergy Clin Immunol	Mariotti B	Innate immune reprogramming in circulating neutrophils of COPD patients.	P2_lung_chip_disease	Journal Article
41135106	2025	Aging Dis	Yang C	Histone H4 Lysine 12 Lactylation Promotes the Senescence of Alveolar Epithelial Type II Cells in Chronic Obstructive Pulmonary Disease by Modulating the CD38-NAD(+) Signaling Pathway.	P2_lung_chip_disease	Journal Article
41136987	2025	Cell Commun Signal	Xue J	Epigenetic reprogramming of dendritic cells by DNMT1 inhibition attenuates Th2 skewing in allergic airway inflammation.	P2_lung_chip_disease	Journal Article
39713961	2025	Kaohsiung J Med Sci	Wang L	SIRT5-mediated HOXA5 desuccinylation inhibits ferroptosis to alleviate sepsis induced-lung injury.	P2_lung_chip_disease	Journal Article
40091743	2025	Adv Sci (Weinh)	Hou L	HNF3α Targets Nckap1l and Promotes Renal Fibrosis Following Ischemia-Reperfusion Injury.	P3_lung_tf_names	Journal Article
39884837	2025	Gut	Ekstrom TL	Glucocorticoid receptor suppresses GATA6-mediated RNA polymerase II pause release to modulate classical subtype identity in pancreatic cancer.	P3_lung_tf_names	Journal Article
40240356	2025	Cell Death Dis	Han F	USP28 promotes PARP inhibitor resistance by enhancing SOX9-mediated DNA damage repair in ovarian cancer.	P3_lung_tf_names	Journal Article
39902346	2025	Research (Wash D C)	Wang W	Skatole Alleviates Osteoarthritis by Reprogramming Macrophage Polarization and Protecting Chondrocytes.	P3_lung_tf_names	Journal Article
41330917	2025	Cell Death Dis	Kang Z	Super-enhancers mediates SLC7A11 via FOXA1 to regulate disulfidptosis in prostate cancer.	P3_lung_tf_names	Journal Article
41462308	2025	J Exp Clin Cancer Res	Wu H	TCF3 activates super-enhancer-driven TRIB2 overexpression to suppress ferroptosis and promote hepatoblastoma proliferation.	P3_lung_tf_names	Journal Article
40688343	2025	J Orthop Translat	Wang H	Oxidative stress activates YAP/TEAD1/NCOA4 axis to promote ferroptosis of endplate chondrocytes and aggravate intervertebral disc degeneration.	P3_lung_tf_names	Journal Article
40914322	2025	Free Radic Biol Med	Lacher SE	The Glucocorticoid Receptor Inhibits NRF2-Mediated Expression of SLC7A11.	P3_lung_tf_names	Journal Article
40307891	2025	J Transl Med	Xiao H	Role of KLF5 in enhancing ovarian cancer stemness and PARPi resistance: mechanisms and therapeutic targeting.	P3_lung_tf_names	Journal Article
40680814	2025	Cancer Lett	Anand S	MYB and HIF1α crosstalk drives hypoxia-induced transcriptional reprogramming and adaptive signaling alterations in pancreatic cancer.	P3_lung_tf_names	Journal Article
40370549	2025	Acta Pharm Sin B	Zhang X	Effective therapeutic targeting of tumor lineage plasticity in neuroendocrine prostate cancer by BRD4 inhibitors.	P3_lung_tf_names	Journal Article
41127337	2025	Cancer Drug Resist	Xu Z	KLF5 promotes tumor proliferation and oxaliplatin resistance via chromatin remodeling in KRAS-mutated colorectal cancer.	P3_lung_tf_names	Journal Article
41381516	2025	Nat Commun	Jeon HY	BPTF regulates androgen receptor activity by enhancing chromatin accessibility and stabilizing the AR-FOXA1 interaction.	P3_lung_tf_names	Journal Article
40883822	2025	J Biomed Sci	Jiang J	Fto-mediated m(6)A modification is essential for cerebellar development through regulating epigenetic reprogramming.	P3_lung_tf_names	Journal Article
41026820	2025	Proc Natl Acad Sci U S A	Vasavda C	Biliverdin reductase A is a major determinant of protective NRF2 signaling.	P3_lung_tf_names	Journal Article
41428734	2025	Nucleic Acids Res	Zhu C	Molecular basis of NFIB-mediated regulation of oncogenic transcription.	P3_lung_tf_names	Journal Article
41062612	2025	Sci Rep	Tinsley E	Contrasting roles of KMT2C and KMT2D in breast cancer.	P3_lung_tf_names	Journal Article
40631402	2025	Biol Open	Serra L	SOX2 and NR2F1 coordinate the gene expression program of the early postnatal visual thalamus.	P3_lung_tf_names	Journal Article
40166352	2025	bioRxiv	Ankenbauer KE	Pcdh20 is a POU2F3 target gene required for proper tuft cell microvillus formation.	P3_lung_tf_names	Journal Article;Preprint
40364580	2025	Cancer Sci	Fu H	Identification of a Distal Enhancer That Regulates TGF-β-Induced SNAI1 Expression.	P3_lung_tf_names	Journal Article
41057608	2025	Nat Cardiovasc Res	Barbera N	Coronary artery disease-associated variants regulate vascular smooth muscle cell gene expression.	P3_lung_tf_names	Journal Article
40729963	2025	Redox Biol	Seno A	Genome-wide mapping of arsenic-activated Nrf2 reveals metabolic and epigenetic reprogramming in induced pluripotent stem cells.	P3_lung_tf_names	Journal Article;Research Support, Non-U.S. Gov't;Research Support, N.I.H., Extramural
39617063	2025	Mol Cell Proteomics	Malaymar Pinar D	Nuclear Factor I Family Members are Key Transcription Factors Regulating Gene Expression.	P3_lung_tf_names	Journal Article
41351417	2025	Front Biosci (Landmark Ed)	Guo H	HMGA1/SMAD3 Promoter Complex Mediates PD-L1-Dependent Transcriptional Regulation of GAS6, EGR1 and PD-L1.	P3_lung_tf_names	Journal Article
38496663	2025	bioRxiv	Kadamb R	Lineage commitment pathways epigenetically oppose oncogenic Gαq/11-YAP1 signaling in dormant disseminated uveal melanoma.	P3_lung_tf_names	Journal Article;Preprint
39827212	2025	Commun Biol	Ogawa Y	GATA4 binding to the Sox9 enhancer mXYSRa/Enh13 is critical for testis differentiation in mouse.	P3_lung_tf_names	Journal Article
40119274	2025	Mol Med	He B	Runx2 drives Schwann cells repair phenotype switch through chromatin remodeling and Sox2 activation after nerve injury.	P3_lung_tf_names	Journal Article
41413023	2025	Cell Death Dis	Sun Y	Targeting the SMAD3/CISD2 axis suppresses bladder cancer progression by promoting ferroptosis in mesenchymal-like bladder cancer cells.	P3_lung_tf_names	Journal Article
40843352	2025	Cancer Drug Resist	Teng X	Super-enhancer inhibitors THZ2 and JQ1 reverse temozolomide resistance in glioblastoma by suppressing SE-driven SOX9 expression.	P3_lung_tf_names	Journal Article
40638571	2025	PLoS Biol	Hurton MD	H3K4me2 distinguishes a distinct class of enhancers during the maternal-to-zygotic transition.	P3_lung_tf_names	Journal Article
40083704	2025	Int J Biol Sci	Zhou B	Core transcriptional regulatory circuitry molecule ZNF217 promotes AML cell proliferation by up-regulating MYB.	P3_lung_tf_names	Journal Article
40502201	2025	bioRxiv	Vasavda C	Biliverdin Reductase A is a major determinant of neuroprotective Nrf2 signaling.	P3_lung_tf_names	Journal Article;Preprint
40356256	2025	Clin Transl Med	Zhang Y	IRF4 contributes to chemoresistance in IGH::BCL2-positive diffuse large B-cell lymphomas by mediating BCL2-induced SOX9 expression.	P3_lung_tf_names	Journal Article;Research Support, Non-U.S. Gov't
40080060	2025	Elife	Bisson JA	GATA6 regulates WNT and BMP programs to pattern precardiac mesoderm during the earliest stages of human cardiogenesis.	P3_lung_tf_names	Journal Article
39341455	2025	J Adv Res	Zhang X	A novel effect of sulforaphane on promoting mouse granulosa cells proliferation via the NRF2-TKT pathway.	P3_lung_tf_names	Journal Article;Research Support, Non-U.S. Gov't
41388436	2025	Eur J Med Res	Wu KJ	Multimodal analysis reveals potential association of CDH13 with endothelial cells and its overexpression in hepatocellular carcinoma.	P3_lung_tf_names	Journal Article
41024119	2025	Cancer Cell Int	Sun Z	Transcription factor MYB regulates glycolysis to promote the transfer and malignant progression of gastric cancer through the SSBP2/ISL1 axis.	P3_lung_tf_names	Journal Article
40607212	2025	Front Cell Dev Biol	Jiang C	SOX9 mediates the phenotypic transformation of vascular smooth muscle cells in restenosis after carotid artery injury.	P3_lung_tf_names	Journal Article
41785062	2025	Cardiovasc J Afr	Cao P	Krüppel-like factor 5 transcription factor is a positive regulator of NRG-1 in human coronary artery smooth muscle cells.	P3_lung_tf_names	Journal Article
41657940	2025	Serican J Med	Chu Q	Appropriate normalization is critical to improve reproducibility of tissue ChIP-seq.	P3_lung_tf_names	Journal Article
41430607	2025	Mol Cancer	Fu R	The METTL3-YTHDC1 axis mediates architectural RNA m(6)A modification to modulate the integrity of chromatin TADs in MLLr + AML genome.	P3_lung_tf_names	Journal Article
41417094	2025	Theor Appl Genet	Wang L	Integrated multi-omics elucidates StAN1 as a key regulator reprogramming flavonoid partitioning and co-regulatory networks in potato tubers.	P3_lung_tf_names	Journal Article
41399129	2025	Clin Transl Med	Zhu JF	Histone lactylation-mediated up-regulation of IGF2BP2 enhances ferroptosis resistance via Nrf2 in colorectal cancer.	P3_lung_tf_names	Journal Article;Research Support, Non-U.S. Gov't
41394561	2025	bioRxiv	Katko A	Gene regulatory network determinants of rapid recall in human memory CD4+ T cells.	P3_lung_tf_names	Journal Article;Preprint
41389271	2025	Odontology	Lin X	VNN1, upregulated by FOXA1, suppresses osteogenic differentiation and promotes inflammation in LPS-induced periodontal ligament stem cells.	P3_lung_tf_names	Journal Article
41356379	2025	World J Stem Cells	Lin F	Insights into mitofusin-2 and endoplasmic reticulum stress regulation in adipose-derived mesenchymal stem cells senescence.	P3_lung_tf_names	Letter
41339842	2025	Lipids Health Dis	Peng H	Arachidonic acid protects against diabetes-induced atrial fibrillation.	P3_lung_tf_names	Journal Article
41327200	2025	J Nanobiotechnology	Lin Q	Delivery of miR-29a/29c-3p by serum exosomes promotes osteogenesis through TET3-dependent Sox9 demethylation and PI3K/Akt activation.	P3_lung_tf_names	Journal Article
41325835	2025	J Adv Res	You D	BMP4 cocktail promotes utricular progenitor reprogramming and vestibular functional recovery in adult mice.	P3_lung_tf_names	Journal Article
41323280	2025	iScience	Zamuner FT	Epigenetic profiling reveals key super-enhancer networks driving oncogenesis in HPV-positive HNSCC.	P3_lung_tf_names	Journal Article
41304649	2025	Plants (Basel)	Li D	Transcription Factor BnaC04.MYB89 Negatively Regulates Seed Fatty Acid Biosynthesis in Brassica napus.	P3_lung_tf_names	Journal Article
41300781	2025	Genes (Basel)	Yanaizu M	Transcriptional Activation of the TREM2 Gene by ZEB2 in a Zinc Finger-Dependent Manner.	P3_lung_tf_names	Journal Article
41299504	2025	J Neuroinflammation	Zeng H	FOXA2 regulated by HDAC3-mediated deacetylation attenuates neuropathic pain by modulating microglial lipid metabolism and synaptic pruning dysregulation.	P3_lung_tf_names	Journal Article
41279248	2025	bioRxiv	Ramesh R	Integration of Nuclear Receptors into a Schwann cell Gene Regulatory Network.	P3_lung_tf_names	Journal Article;Preprint
41217712	2025	Cell Oncol (Dordr)	Su H	Elimination of docetaxel-induced senescence attenuates malignant progression in RB1-deficient CRPC.	P3_lung_tf_names	Journal Article
41192687	2025	Life Sci	Guo J	TIGAR deficiency exacerbated preeclampsia by impairing autophagy and accelerating trophoblasts apoptosis upon excessive oxidative stress via the NRF2-ARE pathway.	P3_lung_tf_names	Journal Article
41125443	2025	Genome Res	Naseer S	Genomic regulatory landscape underlying the antiviral response of Atlantic salmon.	P3_lung_tf_names	Journal Article
41094303	2025	Planta	Berhin A	Insight into the genetic network governing long-stalked glandular trichome development in Nicotiana tabacum.	P3_lung_tf_names	Journal Article
41063222	2025	J Exp Clin Cancer Res	Al-Mathkour M	CDK1 drives SOX9-mediated chemotherapeutic resistance in gastric cancer.	P3_lung_tf_names	Journal Article
40742309	2025	Cancer Res	Yang H	Oxytocin Receptor Regulates the Hippo/YAP Axis to Drive Hepatocarcinogenesis.	P4_encode_cellline	Journal Article
40898336	2025	J Transl Med	Zhou S	CAFs promote immune evasion in gastric cancer through histone lactylation-mediated suppression of NCAPG ubiquitination.	P4_encode_cellline	Journal Article;Research Support, Non-U.S. Gov't
40760450	2025	Genome Med	Cao C	Blocking CXCR4(+) CD4(+) T cells reprograms T(reg)-mediated immunosuppression via modulating the Rho-GTPase/NF-κB signaling axis.	P4_encode_cellline	Journal Article;Research Support, Non-U.S. Gov't
39566663	2025	Gastroenterology	Ding J	Hypoxic and Acidic Tumor Microenvironment-Driven AVL9 Promotes Chemoresistance of Pancreatic Ductal Adenocarcinoma via the AVL9-IκBα-SKP1 Complex.	P4_encode_cellline	Journal Article
40132530	2025	Drug Resist Updat	Xu Z	Targeting NAT10 attenuates homologous recombination via destabilizing DNA:RNA hybrids and overcomes PARP inhibitor resistance in cancers.	P4_encode_cellline	Journal Article
40832790	2025	Adv Sci (Weinh)	Hang H	SP1-Mediated Glycolytic Reprogramming Promotes Tumorigenesis and Progression in Pancreatic Cancer.	P4_encode_cellline	Journal Article
40717077	2025	J Nanobiotechnology	Chen W	Mesenchymal stem cell-derived extracellular vesicles attenuate periductal fibrosis by inhibiting Th17 differentiation in human liver multilineage organoids and Mdr2(-/-) mice.	P4_encode_cellline	Journal Article
41135527	2025	Stem Cell Reports	Xu J	METTL3 uncouples chromatin accessibility from transcription during retinal development.	P4_encode_cellline	Journal Article;Research Support, N.I.H., Extramural
40765823	2025	Int J Biol Sci	Zhou H	Tissue Factor Pathway Inhibitor 2 Enhances Hepatocellular Carcinoma Chemosensitivity by Activating CCAR2-GADD45A-Mediated DNA Damage Repair.	P4_encode_cellline	Journal Article
41437376	2025	Mol Cancer	Ye J	Targeting the CD47-HCK-LGALS9 axis disrupts proliferation-immunosuppression coupling in early-stage endometrial cancer.	P4_encode_cellline	Journal Article
40501685	2025	bioRxiv	Sasaki M	FOXM1 Modulation Alleviates Epithelial Remodeling and Inflammation in Eosinophilic Esophagitis.	P4_encode_cellline	Journal Article;Preprint
40946800	2025	Am J Pathol	Zhan J	SCG2 Transcriptionally Activated by SP1 Promotes Nasal Epithelial Cell Proliferation and Epithelial Mesenchymal Transition.	P4_encode_cellline	Journal Article
40413171	2025	Cell Death Discov	Fu Y	Shaking culture attenuates circadian rhythms in induced pluripotent stem cells during osteogenic differentiation through the TEAD-Fbxl3-CRY axis.	P4_encode_cellline	Journal Article
40320063	2025	Food Chem Toxicol	Li S	Cr (VI) induces lactate utilization through HIF-1α/MCT1 dependent on p53 protein level.	P4_encode_cellline	Journal Article
38744789	2025	Mol Biotechnol	Xu B	Curcumin Inhibits the Progression of Non-small Cell Lung Cancer by Regulating DMRT3/SLC7A11 Axis.	P4_encode_cellline	Journal Article
41298505	2025	Schizophrenia (Heidelb)	Shen J	Spatiotemporal dynamics of RERE in schizophrenia pathogenesis: insights from multi-omics and single-cell sequencing.	P4_encode_cellline	Journal Article
40414259	2025	Cancer Sci	Yokoyama T	TGF-β Enhances Doxorubicin Resistance and Anchorage-Independent Growth in Cancer Cells by Inducing ALDH1A1 Expression.	P4_encode_cellline	Journal Article
39956770	2025	Prostate	Habault J	In Vivo Efficacy of a Macrocyclic Peptoid-Peptide Hybrid That Selectively Modulates the Beta-Catenin/TCF Interaction to Inhibit Prostate Cancer.	P4_encode_cellline	Journal Article
41379973	2025	Science	Kiuchi M	Hepatic leukemia factor directs tissue residency of proinflammatory memory CD4(+) T cells.	P5_lung_atac_footprint	Journal Article
40463164	2025	bioRxiv	Lu Z	Organism-wide cellular dynamics and epigenomic remodeling in mammalian aging.	P5_lung_atac_footprint	Journal Article;Preprint
40080526	2025	Cancer Res	Wang Y	Mutation of SMARCA4 Induces Cancer Cell-Intrinsic Defects in the Enhancer Landscape and Resistance to Immunotherapy.	P5_lung_atac_footprint	Journal Article;Research Support, N.I.H., Extramural
40414926	2025	Cell Death Dis	Dayanc B	Integrative multi-omics identifies AP-1 transcription factor as a targetable mediator of acquired osimertinib resistance in non-small cell lung cancer.	P5_lung_atac_footprint	Journal Article
41381493	2025	Nat Commun	Ye X	Co-condensation between transcription factor and cBAF selectively modulates chromatin remodeling and gene expression.	P5_lung_atac_footprint	Journal Article
39676507	2025	Adv Sci (Weinh)	Bammert MT	JUNB O-GlcNAcylation-Mediated Promoter Accessibility of Metabolic Genes Modulates Distinct Epithelial Lineage in Pulmonary Fibrosis.	P5_lung_atac_footprint	Journal Article
40785146	2025	J Cell Mol Med	Umrigar A	CFTR Gene Regulation in Human Pancreatic Duct, Bile Duct and Sweat Gland Epithelial Cells.	P5_lung_atac_footprint	Journal Article
40661599	2025	bioRxiv	Lu L	Single-cell multi-omic analysis of mesenchymal cells reveals molecular signatures and putative regulators of lung allograft fibrosis.	P5_lung_atac_footprint	Journal Article;Preprint
40401166	2025	Environ Epigenet	Brown AP	Silencing TET1 expression alters the epigenomic landscape and amplifies transcriptomic responses to allergen in airway epithelial cells.	P5_lung_atac_footprint	Journal Article
39981972	2025	Epigenomics	Zhu M	A narrative review of epigenetic marker in H3K27ac and its emerging potential as a therapeutic target in cancer.	P6_lung_3d	Journal Article;Review
39723537	2025	Arterioscler Thromb Vasc Biol	Shinohara T	High Shear Stress Reduces ERG Causing Endothelial-Mesenchymal Transition and Pulmonary Arterial Hypertension.	P6_lung_3d	Journal Article;Research Support, N.I.H., Extramural
40872531	2025	Pharmaceuticals (Basel)	Zhra M	Epigenetic Modulation and Bone Metastasis: Evolving Therapeutic Strategies.	P6_lung_3d	Journal Article;Review
41028778	2025	Nat Commun	Liu Q	TP63 mediates the generation of tumour-specific chromatin loops that underlie MYC activation in radiation-induced tumorigenesis.	P6_lung_3d	Journal Article
41105511	2025	Cell Rep	Li Q	Long noncoding RNA-dependent control of Myc transcriptional bursting.	P6_lung_3d	Journal Article
40644385	2025	Mol Biol Evol	Lai D	Integrative Genomic, Transcriptomic and Epigenomic Analysis Reveals cis-regulatory Contributions to High-altitude Adaptation in Tibetan Pigs.	P6_lung_3d	Journal Article
41192609	2025	Biochim Biophys Acta Rev Cancer	Rigopoulos C	Opposing roles of YY1 and RKIP in cancer progression and therapy resistance.	P6_lung_3d	Journal Article;Review
40797025	2025	Sci Rep	Li A	Deciphering functional landscape and clinical implications of enhancer RNAs in lung adenocarcinoma.	P6_lung_3d	Journal Article
41049290	2025	Front Cell Dev Biol	Yang B	Advancing therapeutic target discovery in pulmonary diseases: evolution and application of space exploration technologies.	P6_lung_3d	Journal Article;Review
41152421	2025	Sci Rep	Eralp B	Joint analysis of sQTL and Hi-C reveals spatial proximity between sQTLs and target genes in cancer tissues.	P6_lung_3d	Journal Article
40296719	2025	Acta Biochim Biophys Sin (Shanghai)	Huang H	GWAS study of myelosuppression among NSCLC patients receiving platinum-based combination chemotherapy.	P6_lung_3d	Journal Article
40082349	2025	Methods Mol Biol	Mizi A	Selective Sorting of Senescent Cell Subpopulations Compatible with Downstream Genomics Applications.	P6_lung_3d	Journal Article
41030990	2025	bioRxiv	Ranallo-Benavidez TR	Diploid genome assembly of human fibroblast cell lines enables clone specific variant calling, improved read mapping and accurate phasing.	P6_lung_3d	Journal Article;Preprint
40724930	2025	Int J Mol Sci	Maiti AK	In Silico Analysis of Post-COVID-19 Condition (PCC) Associated SNP rs9367106 Predicts the Molecular Basis of Abnormalities in the Lungs and Brain Functions.	P6_lung_3d	Journal Article
40882030	2025	Cancer Res	Ahronian LG	TNG260 Is a Small-Molecule CoREST Inhibitor That Sensitizes STK11-Mutant Tumors to Anti-PD-1 Immunotherapy.	P7_perturbseq	Journal Article;Research Support, N.I.H., Extramural;Research Support, Non-U.S. Gov't
40595632	2025	Nat Commun	Zhang Y	CRISPRi screen identifies FprB as a synergistic target for gallium therapy in Pseudomonas aeruginosa.	P7_perturbseq	Journal Article
41120304	2025	Nat Commun	Wang Z	Chromatin looping-based CRISPR screen identifies TLK2 as chromatin loop formation regulator in cancer stemness plasticity.	P7_perturbseq	Journal Article
40871074	2025	Pharmaceutics	Yamaguchi T	Therapeutic pCRISPRi Delivery to Lung Squamous Cell Carcinoma by Combining Nanobubbles and Ultrasound.	P7_perturbseq	Journal Article
39809840	2025	Acta Pharmacol Sin	Li XG	Genome-wide CRISPR-Cas9 screening identifies ITGA8 responsible for abivertinib sensitivity in lung adenocarcinoma.	P7_perturbseq	Journal Article
41390768	2025	Nat Commun	Liu B	Compression-induced NF-κB activation sustains tumor cell survival in confinement by detoxifying aldehydes and promotes metastasis.	P7_perturbseq	Journal Article
40833112	2025	mBio	Feng F	DAZAP2 functions as a pan-coronavirus restriction factor by inhibiting viral entry and genomic replication.	P7_perturbseq	Journal Article;Research Support, Non-U.S. Gov't
40816503	2025	Life Sci	Wang Z	Upregulation of PRSS27 driven by super-enhancers attenuates oxidative stress and apoptosis via activating PI3K/AKT pathway in lung adenocarcinoma.	P7_perturbseq	Journal Article
40489409	2025	J Vis Exp	Yuan Y	Genome-Wide CRISPR Screen for Unveiling Radiosensitive and Radioresistant Genes.	P7_perturbseq	Journal Article;Video-Audio Media;Research Support, Non-U.S. Gov't
41000987	2025	bioRxiv	Singh PR	Genes required for Mycobacterium tuberculosis to survive the transition from aerosol to pulmonary alveolar lining fluid and early infection in a model of transmission.	P7_perturbseq	Journal Article;Preprint
41292834	2025	bioRxiv	Fulp K	EMT activates ER-to-Golgi trafficking through upregulation of REEP2 to promote lung cancer progression.	P7_perturbseq	Journal Article;Preprint
40905071	2025	J Med Virol	Liu S	Ablations of Human and Murine TNK2/ACK1 Proteins Do Not Alter Influenza A Virus Infections In Vitro or In Vivo.	P7_perturbseq	Journal Article
41446092	2025	bioRxiv	Gupta R	CRISPRi-mediated validation of candidate Mycobacterium abscessus drug targets during host infection.	P7_perturbseq	Journal Article;Preprint
41292874	2025	bioRxiv	Lin X	CONCERT predicts niche-aware perturbation responses in spatial transcriptomics.	P7_perturbseq	Journal Article;Preprint
39642411	2025	Vet Microbiol	Li H	Genome-wide CRISPR screen reveals specific role of type I interferon signaling pathway in Newcastle disease virus establishment of persistent infection.	P7_perturbseq	Journal Article
40043507	2025	Tuberculosis (Edinb)	Xie W	The evaluation of Phenylalanine-tRNA ligase beta unit (PheT), as a potential target in Mycobacterium abscessus.	P7_perturbseq	Journal Article
40595415	2025	Oncogene	Takumida H	Integrative epigenome and transcriptome analyses reveal transcriptional programs differentially regulated by ASCL1 and NEUROD1 in small cell lung cancer.	P8_tf_perturb_rna	Journal Article
40083707	2025	Int J Biol Sci	Yu Q	OLFML3 Promotes IRG1 Mitochondrial Localization and Modulates Mitochondrial Function in Macrophages.	P9_lung_ppi	Journal Article
40450983	2025	Phytomedicine	Yuan J	Network pharmacology and experimental validation of inflammation inhibition by ChuanKeZhi Injection in treating asthma.	P9_lung_ppi	Journal Article
40517177	2025	Signal Transduct Target Ther	Yue Y	Purine nucleoside phosphorylase dominates Influenza A virus replication and host hyperinflammation through purine salvage.	P9_lung_ppi	Journal Article;Research Support, Non-U.S. Gov't
39940865	2025	Int J Mol Sci	Herrera-Quiterio GA	TMEM160 Promotes Tumor Growth in Lung Adenocarcinoma and Cervical Adenocarcinoma Cell Lines.	P9_lung_ppi	Journal Article
40304756	2025	Rheumatol Int	Vulsteke JB	Anti-TIF1-beta autoantibody-positive dermatomyositis: a case-based review.	P9_lung_ppi	Journal Article;Case Reports;Review;Research Support, Non-U.S. Gov't
40873559	2025	Front Immunol	Yin Z	KCTD10 inhibits lung cancer metastasis and angiogenesis via ubiquitin-mediated β-catenin degradation.	P9_lung_ppi	Journal Article
40665347	2025	Respir Res	Moll M	Assessing inflammatory protein biomarkers in COPD subjects with and without alpha-1 antitrypsin deficiency.	P9_lung_ppi	Journal Article
40773840	2025	J Hazard Mater	Guo C	Immune activation contributes recovery following pulmonary impairments by silica nanoparticles.	P9_lung_ppi	Journal Article;Research Support, Non-U.S. Gov't
41270725	2025	Mol Cell	Di Y	Divergent proteome tolerance against gain and loss of chromosome arms.	P9_lung_ppi	Journal Article
40605974	2025	Genes Dis	Li C	NKAPL suppresses NSCLC progression by enhancing the protein stability of TRIM21 and further inhibiting the NF-κB signaling pathway.	P9_lung_ppi	Journal Article
41244106	2025	Can Respir J	Shen C	Cytokine Expression Profiling in Idiopathic Pulmonary Fibrosis: Insights From Integrative Proteomic Analysis.	P9_lung_ppi	Journal Article;Research Support, Non-U.S. Gov't
41294676	2025	Curr Oncol	Karki R	Proteomic Perspectives on KRAS-Driven Cancers and Emerging Therapeutic Approaches.	P9_lung_ppi	Journal Article;Review
40571315	2025	Cancer Genomics Proteomics	Aksorn N	Particulate Matter 2.5 Induces FGFR1-mediated Integrin Switch to Promote Non-small Cell Lung Cancer Metastasis.	P9_lung_ppi	Journal Article
40619404	2025	Cell Commun Signal	Chen S	The scaffold protein DLG4 facilitates RNF63-mediated ubiquitination and degradation of STAT3 in non-small cell lung cancer.	P9_lung_ppi	Journal Article
40853920	2025	PLoS Genet	Lyu Z	Circulating proteins associated with histological subtypes of lung cancer from genetic and population-based perspectives.	P9_lung_ppi	Journal Article;Systematic Review;Meta-Analysis
40346580	2025	J Exp Clin Cancer Res	Wang J	Tumor cell-intrinsic BIN1 deficiency promotes the immunosuppression and impedes ferroptosis of non-small cell lung cancer via G3BP1-mediated degradation of STAT1.	P9_lung_ppi	Journal Article
41436769	2025	Sci Rep	Li J	NEDD4 suppresses ferroptosis in lung ischemia-reperfusion injury by ubiquitinating and degrading SLC1A5.	P9_lung_ppi	Journal Article
40304902	2025	Methods Mol Biol	Iazzi M	BioID-Based Proximity Mapping of Transmembrane Proteins in Human Airway Cell Models.	P9_lung_ppi	Journal Article
40536091	2025	J Med Virol	Tang X	Proteomics and Phosphoproteomics Characteristics of the Rhesus Macaque Lung Infected With Original SARS-CoV-2, Delta, and Omicron Variants.	P9_lung_ppi	Journal Article
41454079	2025	Front Med	Zhang Y	Risk prediction and therapeutic targets for incident pulmonary hypertension: a large-scale proteomic profiling and Mendelian randomization study.	P9_lung_ppi	Journal Article
40499802	2025	J Ethnopharmacol	Han Y	Exploring the mechanism of feiyanning formula and its extract apigenin against EGFR-TKIs resistance in non-small cell lung cancer based on UPLC-HRMS and experimental validation.	P9_lung_ppi	Journal Article
40502982	2025	Int J Nanomedicine	Yun X	Exosomal BMPR2 Macromolecule Facilitates Alveolar Epithelial Cell Repair Through Functional Complex Formation with BMPR1B in Acute Lung Injury.	P9_lung_ppi	Journal Article
40931551	2025	Cancer Biol Med	Peng M	A novel biguanide-derivative promotes NEDD4-mediated FGFR1 ubiquitination through BMI1 to overcome osimertinib resistance in NSCLC.	P9_lung_ppi	Journal Article
40223093	2025	Cell Death Discov	Kajimura Y	An in vivo "turning model" reveals new RanBP9 interactions in lung macrophages.	P9_lung_ppi	Journal Article
39918413	2025	Mol Cancer Res	Sun Y	RNF6 Inhibits Lung Adenocarcinoma Cell Proliferation by Promoting Cyclin D2 Degradation.	P9_lung_ppi	Journal Article;Research Support, Non-U.S. Gov't
40083925	2025	Theranostics	Chen S	FBXW7/GSK3β-mediated proline-rich 11 degradation promotes oxidative DNA damage and inhibits tumor progression in renal cell carcinoma.	P9_lung_ppi	Journal Article
41385345	2025	Biosci Rep	Singh K	Integrative blood profiling uncovers inflammatory network signatures in high-altitude pulmonary edema.	P9_lung_ppi	Journal Article
39997396	2025	J Fungi (Basel)	Carmona-Pírez J	Proteomic Approach to Study the Effect of Pneumocystis jirovecii Colonization in Idiopathic Pulmonary Fibrosis.	P9_lung_ppi	Journal Article
39974890	2025	bioRxiv	Osorio OA	HSP70 chaperones IL-33 in chronic airway disease.	P9_lung_ppi	Journal Article;Preprint
41451539	2025	Brief Bioinform	Kong W	Protrec2: tissue-specific network-based missing protein recovery method.	P9_lung_ppi	Journal Article
40864556	2025	Biochemistry	Peterson KE	BPTF Target Engagement by Acetylated H2A.Z Photoaffinity Probes.	P9_lung_ppi	Journal Article;Research Support, Non-U.S. Gov't;Research Support, N.I.H., Extramural
41286868	2025	BMC Pulm Med	Jia Q	Potential drug targets for chronic obstructive pulmonary disease in the plasma proteome identified through Mendelian randomization.	P9_lung_ppi	Journal Article;Meta-Analysis
41308656	2025	Clin Respir J	Li M	Serum Proteomic Profiling Uncovers LGALS3BP as a Potential Biomarker for Idiopathic Pulmonary Arterial Hypertension.	P9_lung_ppi	Journal Article
40140846	2025	Respir Res	Lin Z	Molecular mechanisms and therapeutic targets of acute exacerbations of chronic obstructive pulmonary disease with Pseudomonas aeruginosa infection.	P9_lung_ppi	Journal Article
40697927	2025	Front Med (Lausanne)	Sun J	Potential active ingredients and mechanisms of Shufeitie ointment in the treatment of chronic obstructive pulmonary disease by integrating transdermal chemistry and network pharmacology.	P9_lung_ppi	Journal Article
40959060	2025	Front Immunol	Hu J	Mechanisms underlying the mitigating action of Maxing Shigan Decoction in acute lung injury caused by influenza virus based on UPLC-HRMS analysis and network pharmacology.	P9_lung_ppi	Journal Article
41018680	2025	Int J Chron Obstruct Pulmon Dis	Wang XL	Proteome Profiling of Red Blood Cells from Patients with COPD Links Proteasome Activation with Abnormal Cell Morphology and Function.	P9_lung_ppi	Journal Article;Research Support, Non-U.S. Gov't
39529546	2025	Small	Qianqian J	2D Nano-Photosensitizer Facilitates Proximity Labeling for Living Cells Surfaceome Deciphering.	P9_lung_ppi	Journal Article;Research Support, Non-U.S. Gov't
40159367	2025	Int Heart J	Tan Y	Tandem Mass Tag-Labeling Proteomics Reveals TLN1 as a Potential Factor in Cardiogenic Pulmonary Edema.	P9_lung_ppi	Journal Article
41192256	2025	Phytomedicine	Ge X	Multi-scale discovery of herbacetin as a macrophage-targeted SGK1-STAT1 signaling inhibitor alleviating lung inflammation and barrier dysfunction.	P9_lung_ppi	Journal Article
40311964	2025	Int J Biol Macromol	Biojout T	NDR2 kinase: A review of its physiological role and involvement in carcinogenesis.	P9_lung_ppi	Journal Article;Review
41463415	2025	Biology (Basel)	Zhang Y	Integrating Human Proteomes with Genome-Wide Association Data Reveals Prioritized Therapeutic Candidates for Lung Squamous Cell Carcinoma.	P9_lung_ppi	Journal Article
40481979	2025	Discov Oncol	Li Y	Identification of therapeutic targets in lung adenocarcinoma using Mendelian randomization and multi-omics.	P9_lung_ppi	Journal Article
39810338	2025	Phytomedicine	Wang Y	The ethanolic extract of Rhaphidophora peepla prevents inflammation by inhibiting the activation of Syk/AKT/NF-κB and TAK1/MAPK/AP-1.	P9_lung_ppi	Journal Article
39101797	2025	J Chemother	Bano N	Identification of chemoresistance targets in doxorubicin-resistant lung adenocarcinoma cells using LC-MS/MS-based proteomics.	P9_lung_ppi	Journal Article
41573934	2025	bioRxiv	Rodriguez BV	Tuberculous meningitis alters the proteomic landscape of brain-derived extracellular vesicles.	P9_lung_ppi	Journal Article;Preprint
41279025	2025	bioRxiv	Carlos AJ	Spatially-resolved Photoproximity Profiling of MYC Identifies a MYC-BAF Liability in Cancer Cells.	P9_lung_ppi	Journal Article;Preprint
41222235	2025	mBio	Hua X	EcCXCR4b influences RGNNV proliferation by interacting with the RGNNV capsid protein.	P9_lung_ppi	Journal Article
41197527	2025	Cancer Res Treat	Lu X	PHF10 is a Novel Substrate of Keap1 to Protect Non-Small-Cell Lung Cancer (NSCLC) Cells Against Oxidative Stress and Confer Ferroptosis Resistance.	P9_lung_ppi	Journal Article
41159041	2025	Biomed Rep	Cui W	Proteomic analysis identifies novel molecular signatures and immune-metabolic pathways in rheumatoid arthritis-associated interstitial lung disease.	P9_lung_ppi	Journal Article
41154817	2025	Biology (Basel)	Gui XW	The Ubiquitination of Mycobacterium tuberculosis Rv3717 Promotes Proteasomal Degradation of Interleukin Enhancer-Binding Factor.	P9_lung_ppi	Journal Article
41088671	2025	Medicine (Baltimore)	Lin X	COPD-associated proteins as biomarkers and drug targets: Insights from genetic and proteomic analyses.	P9_lung_ppi	Journal Article
41070780	2025	J Chem Inf Model	Cai M	Mapping Context-Aware Phosphosite Regulation of Protein-Protein Interactions Using Deep Learning and Pan-Cancer Proteomics.	P9_lung_ppi	Journal Article
40958860	2025	Front Oncol	Liu J	Effects of parthenolide on amino acid metabolism and oxidative stress in lung adenocarcinoma based on quantitative proteomic analysis, targeted amino acid metabolomics, network pharmacology, and experimental validation.	P9_lung_ppi	Journal Article
40911576	2025	PLoS One	Reimer J	Leveraging dynamic stability to infer regulation in protein-protein interaction networks: A study of infectious vulnerability in COPD.	P9_lung_ppi	Journal Article
40595340	2025	Sci Rep	Du J	Serum proteomics identify biomarkers and pathogenesis of portopulmonary hypertension diagnosed based on echocardiography.	P9_lung_ppi	Journal Article
40570565	2025	Int Immunopharmacol	Wei M	Mechanism of Keke tablets in treating post-infectious cough following influenza A virus infection based on network pharmacology, molecular docking, molecular dynamics and in vivo experiments.	P9_lung_ppi	Journal Article
40479768	2025	Poult Sci	Shen D	Proteomic analysis of dysregulated pulmonary protein expression and potential pathways in broilers induced by particulate matter exposure in poultry houses.	P9_lung_ppi	Journal Article
40365664	2025	FEBS J	Chen Y	Gal-1 promotes lung cancer cell survival by enhancing PARP1/H1.2 interaction to promote DNA repair upon DNA damage response.	P9_lung_ppi	Journal Article
40326033	2025	Curr Pharm Des	Jiang C	Data-independent Acquisition Mass Spectrometry Reveals Exosomal LAMC1 as a Key Determinant of Lung Adenocarcinoma Radiosensitivity, Independent of EGFR Mutation.	P9_lung_ppi	Journal Article
40298413	2025	mSphere	Sahl C	Antibody-guided identification of Achromobacter xylosoxidans protein antigens in cystic fibrosis.	P9_lung_ppi	Journal Article
40261442	2025	Funct Integr Genomics	Cui H	Multi-omics integration reveals YWHAE as a key mediator of ferroptosis in ARDS.	P9_lung_ppi	Journal Article
40253327	2025	Respir Res	Ma N	Proteogenomic verifies targets underlying erythromycin alleviate neutrophil extracellular traps-induced inflammation.	P9_lung_ppi	Journal Article
40211143	2025	BMC Genomics	Zhang M	Immune status assessment based on plasma proteomics with meta graph convolutional networks.	P9_lung_ppi	Journal Article
40136417	2025	Curr Issues Mol Biol	Xing S	Lycobetaine Has Therapeutic Efficacy in Lung Squamous Cell Carcinoma by Targeting USP32 to Trigger Ferroptosis.	P9_lung_ppi	Journal Article
39945347	2025	Hum Mol Genet	Deritei D	HHIP protein interactions in lung cells provide insight into COPD pathogenesis.	P9_lung_ppi	Journal Article
39867388	2025	medRxiv	Fan Z	The landscape of plasma proteomic links to human organ imaging.	P9_lung_ppi	Journal Article;Preprint
39867385	2025	medRxiv	Moll M	Assessing Inflammatory Protein Biomarkers in COPD Subjects with and without Alpha-1 Antitrypsin Deficiency.	P9_lung_ppi	Journal Article;Preprint
39714988	2025	ChemMedChem	Orta Rivera AM	Elucidating the High Affinity Copper(II) Complexation by the Iron Chelator Deferasirox Provides Therapeutic and Toxicity Insight.	P9_lung_ppi	Journal Article
40815650	2025	Sci Adv	Huang G	Large-scale protein interactome reveals lineage-specific genes driving plant-parasitic nematode adaptive innovations.	P10_global_ppi	Journal Article
40661579	2025	bioRxiv	Li Y	The Desmoglein 2 interactome in primary neonatal cardiomyocytes.	P10_global_ppi	Journal Article;Preprint
41198667	2025	Nat Commun	Amaral BC	Click-linking: a cell-compatible protein crosslinking method based on click chemistry.	P10_global_ppi	Journal Article
40140549	2025	Commun Biol	Dugied G	Multimodal SARS-CoV-2 interactome sketches the virus-host spatial organization.	P10_global_ppi	Journal Article
41387687	2025	Nat Commun	Jiao F	Cysteine-enabled cleavability to advance cross-linking mass spectrometry for global analysis of endogenous protein-protein interactions.	P10_global_ppi	Journal Article
40378823	2025	Cell Chem Biol	Shchepinova MM	Spatiotemporally resolved GPCR interactome uncovers unique mediators of receptor agonism.	P10_global_ppi	Journal Article
40631216	2025	bioRxiv	Lin W	Progressive Remodeling of Global Protein Interaction Networks in a Mouse Model of Tauopathy.	P10_global_ppi	Journal Article;Preprint
40777324	2025	bioRxiv	Bai P	Comparative Proteomic Profiling of Receptor Kinase Signaling Reveals Key Trafficking Components Enforcing Plant Stomatal Development.	P10_global_ppi	Journal Article;Preprint
41060711	2025	Curr Protoc	Ng HK	µMap Photoproximity Labeling on the Cell Surface.	P10_global_ppi	Journal Article
41226479	2025	Int J Mol Sci	Bellei E	Evaluation of Salivary GAPDH as a Predictor Biomarker for Periodontitis.	P10_global_ppi	Journal Article
40939689	2025	Mol Cell Proteomics	Yang X	Multi-Omics Blood Atlas Reveals Host Immune Response Features of Immunocompromised Populations Following SARS-CoV-2 Infection.	P10_global_ppi	Journal Article
40055516	2025	Commun Biol	Lim J	Cellular dsRNA interactome captured by K1 antibody reveals the regulatory map of exogenous RNA sensing.	P10_global_ppi	Journal Article
39532171	2025	Int J Biol Macromol	Yu Y	Genome-wide identification of SAP family genes and characterization of TaSAP6-A1 to improve Cd tolerance in Triticum aestivum L.	P10_global_ppi	Journal Article
41432414	2025	J Neurochem	Nani JV	Postnatal Mouse Brain Region-Resolved Peptidomic Resource of Conditional Ndel1 Loss: Comparison of Acidic and Alcoholic Extraction Strategies.	P10_global_ppi	Journal Article;Comparative Study;Research Support, Non-U.S. Gov't
40057523	2025	Sci Data	Zheng J	Comprehensive dataset of interactors for the entire PARP family using TurboID proximity labeling.	P10_global_ppi	Journal Article;Dataset
40754278	2025	Fish Shellfish Immunol	An N	Screening of proteins interacting with infectious hypodermal and hematopoietic necrosis virus in Pacific white shrimp Litopenaeus vannamei.	P10_global_ppi	Journal Article
40230635	2025	RSC Adv	Wang X	Explanation of the potential mechanism of Sophora flavescens Ait and processed products treating ulcerative colitis based on the analysis method of "chemical composition characterization-target prediction".	P10_global_ppi	Journal Article
39854209	2025	Physiol Genomics	Huang X	Potential molecular mechanisms of Jiedu Tongluo Tiaogan Formula in treating hyperthyroidism based on network pharmacology and in vivo experiments in mice.	P10_global_ppi	Journal Article
40840007	2025	Biochem Biophys Res Commun	Honda S	Shortening and optimization of MEF2C and GATA4 promote cardiac reprogramming.	P11_catalogs	Journal Article;Research Support, Non-U.S. Gov't
39761974	2025	Am J Physiol Cell Physiol	Li Z	Runx2-NLRP3 axis orchestrates matrix stiffness-evoked vascular smooth muscle cell inflammation.	P11_catalogs	Journal Article;Research Support, Non-U.S. Gov't
41317559	2025	Transfus Med Rev	Angeloni NA	A Practical Review of Adaptive Platform Trials.	P11_catalogs	Journal Article;Review;Research Support, Non-U.S. Gov't
40319315	2025	Inflamm Regen	Ishihara T	Transcriptomic and lipidomic analysis of aging-associated inflammatory signature in mouse liver.	P11_catalogs	Journal Article
41102601	2025	J Infect Dis	Waite AAC	Platform Trials to Assess Therapeutics in Patients Hospitalized With Influenza.	P11_catalogs	Journal Article
41183401	2025	Biochem Biophys Res Commun	Dobrovolná M	Z-DNA interaction proteins - insights from ChIP-seq data.	P11_catalogs	Journal Article;Research Support, Non-U.S. Gov't
40493036	2025	Elife	Wu SPS	Assessment of the histone mark-based epigenomic landscape in human myometrium at term pregnancy.	P11_catalogs	Journal Article
41067764	2025	BMJ Open	Ornaghi S	Rebozo and maternal postures to prevent persistent occiput posterior position of the fetal head: protocol for a randomised clinical trial 'the ReMaP-POPP RCT'.	P11_catalogs	Journal Article;Clinical Trial Protocol
41407464	2025	Zhonghua Xue Ye Xue Za Zhi	Zhang RJ	[The role and molecular mechanism of transcription factor EB and its target genes in multiple myeloma treatment with bortezomib].	P11_catalogs	English Abstract;Journal Article
38985240	2025	Mol Biotechnol	Lu F	Oncogenic Gene CNOT7 Promotes Progression and Induces Poor Prognosis of Glioma.	P11_catalogs	Journal Article
40254119	2025	Exp Eye Res	Zhong R	APEX1 attenuates ERS-induced paraptosis by inhibiting the P53 pathway in LECs.	P11_catalogs	Journal Article
40128797	2025	Genome Biol	Rucli S	Functional genomic profiling of O-GlcNAc reveals its context-specific interplay with RNA polymerase II.	P11_catalogs	Journal Article
40611905	2025	bioRxiv	Boruch AE	Differential DNA methylation in blood in nuclear genes that encode mitochondrial proteins in mild cognitive impairment and Alzheimer's disease.	P11_catalogs	Journal Article;Preprint
40549542	2025	Gigascience	Ikeda S	Extraction of biological terms using large language models enhances the usability of metadata in the BioSample database.	P11_catalogs	Journal Article;Research Support, Non-U.S. Gov't
40060655	2025	bioRxiv	Wu SP	Assessment of the Histone Mark-based Epigenomic Landscape in Human Myometrium at Term Pregnancy.	P11_catalogs	Journal Article;Preprint
39962554	2025	Genome Biol	Liang SA	A refined analysis of Neanderthal-introgressed sequences in modern humans with a complete reference genome.	P11_catalogs	Journal Article
39810215	2025	BMC Med Genomics	Wang SY	Construction of a prognostic model for gastric cancer based on immune infiltration and microenvironment, and exploration of MEF2C gene function.	P11_catalogs	Journal Article
39972491	2025	J Biomed Sci	Ho HL	miR-193b-3p suppresses lung cancer cell migration and invasion through PRNP targeting.	P12_mouse_lung_chip	Journal Article
40606607	2025	Front Pharmacol	Jiang Y	SIRT2-dependent CPT1A deacetylation in macrophages inhibits periodontitis.	P12_mouse_lung_chip	Journal Article
39987248	2025	Cell Death Dis	Wen D	NF-κB-mediated EAAT3 upregulation in antioxidant defense and ferroptosis sensitivity in lung cancer.	P12_mouse_lung_chip	Journal Article
40457476	2025	Stem Cell Res Ther	Lin L	Ubiquitin C-terminal hydrolase L1 promoted pro-angiogenic capacity of periodontal ligament stem cells via HIF-1α/YAP signaling in periodontitis.	P12_mouse_lung_chip	Journal Article
39623600	2025	Cancer Commun (Lond)	Wang P	Nicotinamide N-methyltransferase negatively regulates metastasis-promoting property of cancer-associated fibroblasts in lung adenocarcinoma.	P13_lung_immune_chip	Journal Article
39915005	2025	J Immunother Cancer	Wu J	Clofarabine induces tumor cell apoptosis, GSDME-related pyroptosis, and CD8(+) T-cell antitumor activity via the non-canonical P53/STING pathway.	P13_lung_immune_chip	Journal Article
39789641	2025	Breast Cancer Res	Kim SS	Secreted LGALS3BP facilitates distant metastasis of breast cancer.	P13_lung_immune_chip	Journal Article
41166909	2025	Phytomedicine	Li Z	Betulin, an active component from Chinese herb birch bark, suppresses tumor angiogenesis and tumor growth by inhibiting the PAX2/VEGF-A/VEGR2 signaling pathway in non-small cell lung cancer.	P13_lung_immune_chip	Journal Article
40722171	2025	Cancer Cell Int	Wei H	m(6)A-modified CTC-297N7.9 inhibits hepatocellular carcinoma metastasis via epigenetically downregulating CCL2 and CD47.	P13_lung_immune_chip	Journal Article
40637489	2025	Physiol Genomics	Jiang J	Transcriptional activation of FGL1 by KDM1A promotes immune evasion in lung cancer.	P13_lung_immune_chip	Journal Article;Research Support, Non-U.S. Gov't
40342193	2025	J Biochem Mol Toxicol	Guan H	GOT2 Elevation Mediated by YY1 Promotes the Tumorigenesis and Immune Escape of Lung Adenocarcinoma.	P13_lung_immune_chip	Journal Article
39919498	2025	Vet Microbiol	Ma B	Glaesserella parasuis induces tissue transglutaminase-mediated fibrinogen crosslinking through NF-κB activation.	P13_lung_immune_chip	Journal Article
39898039	2025	iScience	Adlakha A	Interferon-gamma rescues dendritic cell calcineurin-dependent responses to Aspergillus fumigatus via Stat3 to Stat1 switching.	P13_lung_immune_chip	Journal Article
39471785	2025	Int Arch Allergy Immunol	Liu X	BATF-Activated AIM2 Mediates Immune Escape in Lung Adenocarcinoma by Regulating PD-L1.	P13_lung_immune_chip	Journal Article
39283477	2025	Cell Oncol (Dordr)	Dong W	Low-dose SAHA enhances CD8(+) T cell-mediated antitumor immunity by boosting MHC I expression in non-small cell lung cancer.	P13_lung_immune_chip	Journal Article
41121207	2025	J Exp Clin Cancer Res	Chen M	Activating NEDD4L suppresses EGFR-driven lung adenocarcinoma growth via facilitating EGFR proteasomal degradation.	P14_variant_tf_binding	Journal Article
39089619	2025	J Adv Res	Yang R	NAT10 promotes osteoclastogenesis in inflammatory bone loss by catalyzing Fos mRNA ac4C modification and upregulating MAPK signaling pathway.	P14_variant_tf_binding	Journal Article;Research Support, Non-U.S. Gov't
40650307	2025	Int J Mol Sci	Kadasah SF	Regulation of Human Lung Adenocarcinoma Cell Proliferation by LncRNA AFAP-AS1 Through the miR-508/ZWINT Axis.	P14_variant_tf_binding	Journal Article
39910069	2025	Nat Commun	Chen C	Massively parallel variant-to-function mapping determines functional regulatory variants of non-small cell lung cancer.	P14_variant_tf_binding	Journal Article
40664016	2025	Pathol Res Pract	Zhou J	Deubiquitinase USP5 regulates cancer progression and radiosensitivity by stabilizing HOXA10 in non-small cell lung cancer.	P14_variant_tf_binding	Journal Article
40935298	2025	Cell Signal	Zhang W	SHLP2 alleviates allergic asthma by inhibiting ETV5/GSDMD signaling pathway-mediated pyroptosis.	P14_variant_tf_binding	Journal Article
40841759	2025	Commun Med (Lond)	Georgakopoulos-Soares I	Leveraging sequences missing from the human genome to diagnose cancer.	P14_variant_tf_binding	Journal Article
40669250	2025	Int Immunopharmacol	Xu P	Downregulation hsa_circ_0000571 inhibited the malignant progression of NSCLCs by regulation miR-654-5p/S100A11 axis.	P14_variant_tf_binding	Journal Article
40826028	2025	BMC Cancer	Zeng Y	METTL16-dependent GPX4 m(6)A modification links ferroptosis to NSCLC TKIs resistance.	P14_variant_tf_binding	Journal Article
41209079	2025	Can Respir J	Xu G	LINC01214 Promotes Non-Small Cell Lung Cancer Through the miR-497-3p/HSP90AB1 Axis.	P14_variant_tf_binding	Journal Article;Research Support, Non-U.S. Gov't
40718439	2025	Iran J Pharm Res	Wang WT	KMT2D Induces M1 Macrophage Polarization to Repress Non-small Cell Lung Cancer Progression via Transcription Activation of ITGAL.	P14_variant_tf_binding	Journal Article
41351372	2025	Cell Mol Biol (Noisy-le-grand)	Xiang T	CircFOXK2 induces non-small cell lung cancer tumorigenesis through the miR-328-5p/PKP3 axis.	P14_variant_tf_binding	Journal Article
39928202	2025	J Clin Immunol	Lima de Souza S	Pulmonary Aspergillosis and Low HIES Score in a Family with STAT3 N-Terminal Domain Mutation.	P14_variant_tf_binding	Journal Article;Case Reports
39481768	2025	Gene	Li Y	Tanshinone T1/T2A inhibits non-small cell lung cancer through Lin28B-let-7-BORA/MYC regulatory network.	P14_variant_tf_binding	Journal Article
39992570	2025	Discov Oncol	Feng JN	Pingxiao pian attenuate invasiveness and proliferation of lung adenocarcinoma through regulating miR-29b-3p/TGF-β1/Smad/EMT pathway.	P14_variant_tf_binding	Journal Article
38411943	2025	Biochem Genet	Hong H	Circ_BLNK is a Unique Molecular Marker in Non-small Cell Lung Cancer.	P14_variant_tf_binding	Journal Article
41379264	2025	Discov Oncol	Wang X	miR-3613-5p promotes lung cancer progression by targeting and regulating XPO6.	P14_variant_tf_binding	Journal Article
41220061	2025	Organogenesis	Su C	Exosomal miR-29a-3p derived from bone marrow stromal cells suppresses malignant behavior of NSCLC by regulating DNMT3A/JAK2/STAT3 axis.	P14_variant_tf_binding	Journal Article;Research Support, Non-U.S. Gov't
41212325	2025	Naturwissenschaften	Ding X	Mechanistic study on the regulatory role of hsa-miR-1247-5p and TRIB2 in sepsis-induced acute lung injury.	P14_variant_tf_binding	Journal Article
40985983	2025	J Biochem Mol Toxicol	Chen L	miR-140-3p Alleviates Pulmonary Arterial Smooth Muscle Cell Dysfunction via MAP2K6/p38 Pathway.	P14_variant_tf_binding	Journal Article
40713875	2025	Hereditas	An Y	LncRNA LUCAT1 as a prognostic biomarker in cholangiocarcinoma through targeting miR-141-3p: clinical and functional insights.	P14_variant_tf_binding	Journal Article
40700931	2025	Pathol Res Pract	Guo Y	H2-calponin attenuate metastasis in human NSCLC by suppressing RSK2 expression.	P14_variant_tf_binding	Journal Article
40597380	2025	Hereditas	Liu L	Clinical significance and biological function of PRKCQ-AS1/miR-582-3p expression in LUAD.	P14_variant_tf_binding	Journal Article
40530159	2025	Transl Cancer Res	You Q	GJB2 enhances cancer stem cell properties by modulating SOX2 expression via NF-κB pathway activation in lung adenocarcinoma.	P14_variant_tf_binding	Journal Article
40523970	2025	Discov Oncol	Meng C	Prognostic value of LncRNA SH3BP5-AS1 in non-small cell lung cancer and its regulatory effect on tumor progression.	P14_variant_tf_binding	Journal Article
40510903	2025	RSC Med Chem	Reiberger R	Beyond natural flavonoids: exploring bioisosterism in design and synthesis of influenza endonuclease inhibitors.	P14_variant_tf_binding	Journal Article
40344305	2025	J Cell Mol Med	Liang L	LncRNA OIP5-AS1 Modulates the Biological Behaviour of Lung Cancer Cells by Regulating the hsa-miR-29b-3p/ZIC5 Axis.	P14_variant_tf_binding	Journal Article;Research Support, Non-U.S. Gov't
40200229	2025	BMC Cancer	Sang H	METTL16-dependent miR-146b-5p m6A modification remodeling sensitize NSCLC to osimertinib via activating PI3K/AKT signaling.	P14_variant_tf_binding	Journal Article
40070061	2025	Comb Chem High Throughput Screen	Ma M	GLI3 is Inhibited by miR-143-3p and Attenuates Septic-induced Lung Injury and Inflammation by Targeting SFRP1.	P14_variant_tf_binding	Journal Article
39928150	2025	Naunyn Schmiedebergs Arch Pharmacol	Sun C	RBM15-mediated m6A modification of XPR1 promotes the malignant progression of lung adenocarcinoma.	P14_variant_tf_binding	Journal Article
39898238	2025	Int J Med Sci	Su BH	OCT4 promotes lung cancer progression through upregulation of VEGF-correlated chemokine-1.	P14_variant_tf_binding	Journal Article
39800708	2025	Cancer Cell Int	Wang Q	Heterogeneous nuclear ribonucleoprotein C promotes non-small cell lung cancer progression by enhancing XB130 mRNA stability and translation.	P14_variant_tf_binding	Journal Article
39635894	2025	Immunol Invest	Huang H	miR-142-3p Regulates Airway Inflammation Through PTEN/AKT in Children and Mice with Asthma.	P14_variant_tf_binding	Journal Article
39587911	2025	Histol Histopathol	Wang Z	Hsa_circ_0088036 promotes tumorigenesis and chemotherapy resistance in hepatocellular carcinoma via the miR-140-3p/KIF2A axis.	P14_variant_tf_binding	Journal Article
39269873	2025	Technol Health Care	Wang G	Echinacoside inhibits hepatocellular carcinoma progression by targeting the miR-30c-5p/FOXD1/KLF12 axis.	P14_variant_tf_binding	Journal Article
41270299	2025	Redox Biol	Lai X	5-Methoxytryptophan attenuates hypobaric hypoxia induced acute lung injury by alleviating lipid peroxidation via targeting peroxiredoxin 6.	P15_direct_targets	Journal Article;Research Support, Non-U.S. Gov't
40012791	2025	Front Microbiol	Zhang X	Frk positively regulates innate antiviral immunity by phosphorylating TBK1.	P15_direct_targets	Journal Article
40453647	2025	NAR Genom Bioinform	Carrino C	Integrating gene expression, genomic, and phosphoproteomic data to infer transcription factor activity in lung cancer.	P15_direct_targets	Journal Article
41790896	2026	Sci Adv	Xiong Y	Epithelial plasticity shapes intratumoral heterogeneity and cell lineages in early-stage lung cancer.	P1_lung_chip_tf	Journal Article
41987290	2026	J Transl Med	Wang X	Uridine metabolism promotes lung adenocarcinoma progression by activating FBL transcription via YBX1.	P1_lung_chip_tf	Journal Article
41807033	2026	J Immunother Cancer	Liu C	AGPAT3 reshapes tumor cell vulnerability to IFNγ-mediated ferroptosis and enhances immunotherapy efficacy through lipid remodeling.	P1_lung_chip_tf	Journal Article
41736683	2026	Adv Sci (Weinh)	Wen T	SATB2 Mediates H3K9 Delactylation by Recruiting HDAC3 to Repress LCN2 and Inhibit Lung Tumor Growth and Metastasis.	P1_lung_chip_tf	Journal Article
41204684	2026	Br J Pharmacol	Li Q	CircPTK2 enhances non-small cell lung cancer proliferation by inhibiting cellular senescence through stabilizing NFYA and elevating FOXM1.	P1_lung_chip_tf	Journal Article
41975505	2026	J Exp Clin Cancer Res	Jing X	DNA base lesion-containing G-quadruplex mediates transcriptome reprogramming in EGFR-TKI resistance of non-small cell lung cancer.	P1_lung_chip_tf	Journal Article
41583390	2026	Research (Wash D C)	Xu R	Ubiquitin D Promotes Lung Metastasis by Stabilizing MMP3 in Triple-Negative Breast Cancer.	P1_lung_chip_tf	Journal Article
41541229	2026	Bioinform Biol Insights	Zhao Y	Integrated Network Analysis Reveals a Directly Regulatory Network of FOXM1 Associated With the Cell Cycle in Lung Adenocarcinoma.	P1_lung_chip_tf	Journal Article
40376960	2026	J Periodontal Res	Li Z	Porphyromonas gingivalis Outer Membrane Vesicles Promote Gingival Fibroblasts Senescence via IL21R-AS1.	P1_lung_chip_tf	Journal Article
41912135	2026	Cancer Lett	Jiang Y	HOX code-based stratification reveals RUNX1T1-HDAC reprogramming as a targetable driver of lineage plasticity across cancers.	P1_lung_chip_tf	Journal Article;Review
42573925	2026	Cell Oncol (Dordr)	Ma J	TFAP2A enhances radioresistance of non-small cell lung cancer by transcriptionally activating BRCA1 : TFAP2A promotes NSCLC radioresistance.	P1_lung_chip_tf	Journal Article
42527090	2026	Anticancer Res	Hwang HH	Kisspeptin Signaling Suppresses HRas(G12V)-induced Tumor Growth and Metastasis by Inhibiting SP1-dependent N-cadherin Expression in NIH3T3 Cells.	P1_lung_chip_tf	Journal Article
42477749	2026	Respir Res	Shen B	UHRF1 inhibits cuproptosis in lung adenocarcinoma via promoting FDX1 promoter methylation.	P1_lung_chip_tf	Journal Article
42455236	2026	Cell Oncol (Dordr)	Sun Z	Inhibition of DLX6 sensitizes lung adenocarcinoma to cisplatin via GPX4-dependent ferroptosis.	P1_lung_chip_tf	Journal Article
42444932	2026	J Thorac Dis	Hu H	GNL3L-LMNB1 signaling axis promotes lung squamous cell carcinoma growth and ferroptosis resistance via NF-κB activation.	P1_lung_chip_tf	Journal Article
42438293	2026	Thorac Cancer	Jin W	Histone Variant H2A.Z2 Hyper-Transcription Induced by E2F1 Accelerates Lung Adenocarcinoma Progression via the JAK-STAT Signaling Pathway.	P1_lung_chip_tf	Journal Article
42432839	2026	J Cell Mol Med	Wang W	TFAP2A-Induced Upregulation of LncRNA NUTM2A-AS1 Promotes LUAD Progression Through a miR-409-5p/SLC35F2 Regulatory Axis.	P1_lung_chip_tf	Journal Article
42409251	2026	Pharmacol Res	Liu X	Loss of ETV4 triggers PPM1E downregulation and AMPK-ULK1-dependent autophagy to promote intrinsic trametinib resistance in breast cancer.	P1_lung_chip_tf	Journal Article
42393460	2026	Br J Cancer	Li Q	Altretamine induces ferroptosis in small cell lung cancer by promoting epigenetic silencing and lysosomal degradation of GPX4.	P1_lung_chip_tf	Journal Article
42170260	2026	Transl Lung Cancer Res	Zhu GN	DNA hypomethylation-activated PRAME drives early-stage lung adenocarcinoma recurrence via ZNF740 and PI3K/AKT/mTOR signaling.	P1_lung_chip_tf	Journal Article
42080737	2026	Thorac Cancer	Xiling S	Copy Number Amplification and c-Myc Transcriptional Activation-Mediated RNA-Binding Protein MEX3A Promotes EGFR-TKI Resistance in Non-Small-Cell Lung Cancer.	P1_lung_chip_tf	Journal Article
42063563	2026	iScience	Pantaleón García J	cJun-assisted loading of RelA DNA-binding promotes synergistic lung epithelial antimicrobial responses.	P1_lung_chip_tf	Journal Article
42008506	2026	J Vis Exp	Du M	Genome-wide Mapping of Histone Modifications and Transcription Factor Binding Sites in Neuroendocrine Small Cell Lung Cancer Cell Lines Using CUT&RUN.	P1_lung_chip_tf	Journal Article;Video-Audio Media;Research Support, Non-U.S. Gov't
41937152	2026	Cell Mol Biol Lett	Meng F	EIF4A3-induced circUBAC2 promotes lung cancer progression via regulation of the Hippo signaling pathway.	P1_lung_chip_tf	Journal Article
41888102	2026	Cell Death Discov	Chou YT	c-Myc transactivates CFL1 to induce senescence-like phenotype and potentiate the bystander effects for the migration and proliferation in lung cancer cells.	P1_lung_chip_tf	Journal Article
41836251	2026	Front Oncol	Wu W	COL11A1 promotes lung adenocarcinoma progression via PI3K/AKT/mTOR pathway: mechanistic insights and development of a COL11A1-related prognostic signature.	P1_lung_chip_tf	Journal Article
41782112	2026	J Transl Med	Li Q	TFAP2A regulates SGPP2 transcription to promote lipid accumulation and activate the Wnt/β-catenin signaling pathway to promote malignant progression in lung adenocarcinoma.	P1_lung_chip_tf	Journal Article
41689603	2026	Mol Biol Rep	Bibi R	STAT4 mediated modulation of T-B cell interactions profiling: enhances antitumor immunity in non-small cell lung cancer (NSCLC).	P1_lung_chip_tf	Journal Article
41675924	2026	Biochem Biophys Rep	ALMatrafi TA	Comprehensive multi-omics analysis reveals RUNX1's prognostic value, immune associations, and MUC13-Mediated mechanistic role in hepatocellular carcinoma pathogenesis.	P1_lung_chip_tf	Journal Article
41639833	2026	Respir Res	Chen W	The mechanism by which KAT2A increases the stability of CDC25A through acetylation to regulate glycolysis and mediate lung adenocarcinoma immune escape.	P1_lung_chip_tf	Journal Article
41639725	2026	J Exp Clin Cancer Res	Chen K	KNTC1 initiates a KNTC1/E2F8/MYC positive feedback loop to facilitate tumorigenesis and enhance chemoresistance in bladder cancer.	P1_lung_chip_tf	Journal Article
41633986	2026	Cell Death Dis	Huang B	The long noncoding RNA AC093895.1 promotes ovarian cancer formation and metastasis through a positive feedback network dependent on the transcription factor SOX4.	P1_lung_chip_tf	Journal Article
41547069	2026	Phytomedicine	Zhang X	Cannabidiol inhibits melanoma progression by regulating PPARγ-TET1 complex-dependent LRSAM1 demethylation.	P1_lung_chip_tf	Journal Article;Review
41502296	2026	FASEB J	Jin Z	HOXB4 Promotes Bladder Cancer Progression in Part Through Transcriptional Activation of Smoothened.	P1_lung_chip_tf	Journal Article;Research Support, Non-U.S. Gov't
41431717	2026	3 Biotech	Qu B	FBXW4 suppresses the proliferation and migration of lung adenocarcinoma cells by inhibiting PKNOX2 promoter methylation.	P1_lung_chip_tf	Journal Article
41274341	2026	Am J Pathol	Nanayakkara J	YAP and TEAD Are Transcriptional Regulators of Neuroendocrine Differentiation and Growth in Carcinoid Cells.	P1_lung_chip_tf	Journal Article
41049163	2026	Diagn Interv Radiol	Ty S	Automated detection and characterization of small cell lung cancer liver metastasis on computed tomography.	P1_lung_chip_tf	Journal Article
40794355	2026	Odontology	Qin S	Calcitonin promotes osteogenic differentiation through CREB-mediated transcriptional upregulation of osteopontin in human periodontal ligament stem cells.	P1_lung_chip_tf	Journal Article
40755048	2026	Am J Addict	Peng T	Identification of rs2036527 as a cis-regulatory variant for CHRNA3 and CHRNA5 by allele-specific expression and implications for nicotine dependence and lung cancer.	P1_lung_chip_tf	Journal Article
40972980	2026	J Allergy Clin Immunol	Tang J	Brg1-imprinted chromatin status controls effector and memory group 2 innate lymphoid cell metabolism to exacerbate allergic lung inflammation.	P2_lung_chip_disease	Journal Article
41411794	2026	Ecotoxicol Environ Saf	Yin H	M(6)A-methylated MUC1 drives silica-induced lung inflammation and fibrosis.	P2_lung_chip_disease	Journal Article
41443468	2026	Life Sci	Jiang M	Butyrate ameliorates lung inflammation in chronic obstructive pulmonary disease in association with the regulation of histone lactylation: A mechanistic study.	P2_lung_chip_disease	Journal Article
42337539	2026	Respir Res	Hu M	H3K18 lactylation promotes allergic airway inflammation in asthma via a CSF1/CSF1R/MAPK autocrine axis.	P2_lung_chip_disease	Journal Article
42277434	2026	Nat Cell Biol	Wang Y	TEAD1 condensates are transcriptionally inactive storage sites on the pericentromeric heterochromatin in cancer cells.	P3_lung_tf_names	Journal Article
41261233	2026	EMBO Mol Med	Manivannan M	Activated glucocorticoid receptor is an estrogen receptor silencer in ER+ metastatic breast cancer.	P3_lung_tf_names	Journal Article
42201422	2026	Cell Mol Life Sci	Valima E	Regulation of lineage reprogramming by dynamic chromatin SUMOylation.	P3_lung_tf_names	Journal Article
41833934	2026	Redox Rep	Yang J	The hippo-YAP1/TEAD1-SLC7A5 axis: uncovering a novel therapeutic target for oxalate-induced renal tubular ferroptosis.	P3_lung_tf_names	Journal Article
41766387	2026	Development	Zhang H	Foxn3 is part of a transcriptional network that regulates primary cilia in the developing retina.	P3_lung_tf_names	Journal Article
42115690	2026	Commun Biol	Zhang M	FTO Controls Endometrial Receptivity and Embryo Implantation through Regulating m(6)A and H3K27me3.	P3_lung_tf_names	Journal Article
42372942	2026	Life Sci	Xu S	MAGED1 stabilizes NEUROD1 to promote Per3 expression in the pineal gland.	P3_lung_tf_names	Journal Article
41849608	2026	Sci Adv	Ekstrom TL	KLF5 controls subtype-independent highly interactive enhancers in pancreatic cancer to regulate cell survival.	P3_lung_tf_names	Journal Article
41869290	2026	Research (Wash D C)	Yan X	NRF2 Deficiency Disrupts Mitochondrial Homeostasis via NDUFS7 in Trabecular Meshwork.	P3_lung_tf_names	Journal Article
42039654	2026	bioRxiv	Messa PE	Defining the DNA Binding Specificity of GRHL2.	P3_lung_tf_names	Journal Article;Preprint
41823500	2026	Invest Ophthalmol Vis Sci	Guo D	Genetic Regulation of Wnt/PCP Components Through Fgf10/Fgfr2/Sox9 Module in Tear Duct Development.	P3_lung_tf_names	Journal Article;Research Support, Non-U.S. Gov't
42098726	2026	J Transl Med	Zheng ZJ	Super-enhancer-driven LncRNA MIR205HG promotes esophageal squamous cell carcinoma progression via glycolysis reprogramming.	P3_lung_tf_names	Journal Article
41621066	2026	Cell Rep	Ladewig EM	FOXA1 mutations co-opt nascent transcription factor networks in partnership with androgen receptor to enhance prostate tumorigenicity.	P3_lung_tf_names	Journal Article
41630162	2026	Brain	Lim Y	ARX mutation-associated interneuron defects provide insights into mechanisms underlying developmental epilepsies.	P3_lung_tf_names	Journal Article
41778891	2026	J Leukoc Biol	Ang AD	The CNC-bZIP transcription factor Nrf2 controls expression of matrix metalloproteases in murine macrophages.	P3_lung_tf_names	Journal Article
42244674	2026	bioRxiv	Madriles F	GATA4 loss promotes mutant Kras-driven pancreatic ductal adenocarcinoma in the absence of canonical precursor lesions.	P3_lung_tf_names	Journal Article;Preprint
42582899	2026	Transl Lung Cancer Res	Pan D	FOXA1 drives chemoresistance through activating Wnt pathway in small cell lung cancer.	P3_lung_tf_names	Journal Article
42576611	2026	Plant J	Guo K	The transcription factor ZmMYB3R targets CYCB1;2 to modulate maize drought tolerance.	P3_lung_tf_names	Journal Article
42567470	2026	Cancer Lett	Zou G	Pharmacologic Inhibition of SOX9-CDK4 by CYD-4-61 Impairs Gastric Adenocarcinoma Growth and Amplifies Anti-PD-1 Response.	P3_lung_tf_names	Journal Article
42563137	2026	New Phytol	Han Q	Maize ZmMYB59 inhibits post-germinative shoot and root elongation through ZmGA2ox3/10-mediated gibberellin catabolism.	P3_lung_tf_names	Journal Article
42562296	2026	Chem Biol Interact	Jin S	Prenatal dexamethasone exposure programs male offspring subfertility via GR/HDAC6/CTSL-mediated spermatogonial autophagic flux blockade.	P3_lung_tf_names	Journal Article
42557471	2026	Histochem Cell Biol	Lin Z	YAP/TEAD complex restricts H3K27ac deposition to suppress testosterone synthesis in adult Leydig cells.	P3_lung_tf_names	Journal Article
42544574	2026	J Clin Invest	Moreno-Vega A	FGFR3-driven gene regulatory network analysis reveals a protumoral role for p63 in luminal bladder tumors.	P3_lung_tf_names	Journal Article
42531608	2026	Adv Sci (Weinh)	Wang C	Renal Tubular Epithelial CRLF1 Interacts With ITGB1 to Accelerate Fibrosis During the Transition From AKI to CKD.	P3_lung_tf_names	Journal Article
42528284	2026	J Diabetes Investig	Wu G	The miR-145-5p/NRF2/SLC7A11 axis regulates ferroptosis-mediated renal tubular epithelial cell injury in diabetic nephropathy.	P3_lung_tf_names	Journal Article
42525141	2026	J Mol Histol	Zheng M	SOX9 knockdown alleviates Aβ1‑42‑induced neuroinflammation by regulating microglial polarization via inactivation of the ASK1/JNK signaling pathway.	P3_lung_tf_names	Journal Article
42522267	2026	Stem Cells Transl Med	Liu Y	Lysine methyltransferase methyltransferase-like 13 regulates bone marrow mesenchymal stem cells osteo-adipogenic differentiation and senescence in osteoporosis via the Foxa1/HES-1 axis.	P3_lung_tf_names	Journal Article;Research Support, Non-U.S. Gov't
42520393	2026	Plant Physiol	Yi X	Epigenetic regulation and transcriptional divergence underpin lignification in rapidly growing Moso bamboo.	P3_lung_tf_names	Journal Article
42501550	2026	Phytomedicine	Chen J	Bruceine A ameliorates hepatic steatosis and oxidative stress in alcoholic liver disease by activating Farnesoid X receptor to upregulate forkhead box A2 expression.	P3_lung_tf_names	Journal Article
42501233	2026	Hum Cell	Wang Y	GATA6-mediated transcriptional activation and METTL3/IGF2BP2-dependent post-transcriptional stabilization upregulate CDC20 to promote the malignant progression of colorectal cancer and immune escape.	P3_lung_tf_names	Journal Article
42492263	2026	Phytomedicine	Gao Y	Dihydroartemisinin promotes ABCG5/G8-mediated cholesterol efflux to potentiate anti-PD-1 therapy through YAP1-TEAD1 complex disruption in hepatocellular carcinoma.	P3_lung_tf_names	Journal Article
42487124	2026	Genome Biol	Cao H	Decoding 3D chromatin architecture reveals distinct enhancer classes underlying hierarchical gene regulation in prostate cancer.	P3_lung_tf_names	Journal Article
42481953	2026	Biol Proced Online	Xie D	Huangjing Jiangzhi Granules Ameliorate Nonalcoholic Fatty Liver Disease by Activating the FOXA1-DERL1 Regulatory Axis to Suppress Lipid Accumulation, Endoplasmic Reticulum Stress, and Apoptosis.	P3_lung_tf_names	Journal Article
42473729	2026	Microbiol Immunol	Xu Z	Hepatitis C Virus Enhances Lysosome-Associated Membrane Protein 2 A Transcription Through Nuclear Factor Erythroid 2-Related Factor 2 to Support Viral Replication.	P3_lung_tf_names	Journal Article
42472504	2026	Plant Physiol Biochem	Luo M	Regulatory effects of Pl1 on anthocyanin biosynthesis in maize basal leaf sheaths and the underlying molecular mechanism.	P3_lung_tf_names	Journal Article
42469432	2026	Int J Obes (Lond)	Zhao S	Sleeve gastrectomy induces adipose browning via suppression of Asprosin and activation of the ATF3-Nrf2/HO-1 axis.	P3_lung_tf_names	Journal Article
42463888	2026	Nat Genet	Wang S	Pioneer transcription factors direct tissue-specific cohesin chromatin entry and three-dimensional genome organization.	P3_lung_tf_names	Journal Article
42455627	2026	J Gen Virol	El-Mayet FS	Bovine α-herpesvirus 1 replication and immediate early transcription unit 1 promoter are jointly stimulated by glucocorticoid receptor and DNA-dependent ATPases.	P3_lung_tf_names	Journal Article
42447568	2026	Transl Oncol	Wang C	Unveiling the conversion mechanism of glioblastoma from the mesenchymal to the proneural subtype driven by HDAC1/p-SMAD3-TP53I11 axis.	P3_lung_tf_names	Journal Article
42400660	2026	J Gastroenterol	Feng Z	Enhanced COMP expression induced by Helicobacter pylori drives gastric cancer progression by NOTCH2/SMAD3 pathway.	P3_lung_tf_names	Journal Article
42382461	2026	Hortic Res	Zhao L	AcGLK2 involves anthocyanin biosynthesis via bidirectionally modulating expression of MYB transcription factors in Actinidia chinensis.	P3_lung_tf_names	Journal Article
42374588	2026	New Phytol	Zhao H	BpMYB73 regulates long noncoding RNA BplncW20 to improve drought tolerance by mediating ROS scavenging in Betula platyphylla.	P3_lung_tf_names	Journal Article
42365698	2026	Phytomedicine	Zhu H	Targeting PHKA2 by Thymol alleviates sepsis induced cardiomyocyte pyroptosis via FOXA1/KLF4-mediated macrophage polarization.	P3_lung_tf_names	Journal Article
42364861	2026	Cell Signal	Zhang B	PDK4-dependent lactate production and lactylation promote renal calcium oxalate crystal-induced EMT and mitochondrial dysfunction via the TGF-β/SMAD3/GPX4 axis.	P3_lung_tf_names	Journal Article
42351196	2026	Cell Div	Gao F	Transcription factor FOXA1 suppresses ferroptosis of cervical cancer cells by upregulating SLC7A11 expression.	P3_lung_tf_names	Journal Article
42337619	2026	J Transl Med	Sheng J	SFRP2 drives aerobic glycolysis and tumor progression in ovarian cancer by transcriptional upregulation of PTK2B.	P3_lung_tf_names	Journal Article
42329073	2026	Autophagy	Xu Y	Chaperone-mediated autophagy reprograms heterogeneous subsets of activated macrophages in immune thrombocytopenia.	P3_lung_tf_names	Journal Article
42320185	2026	Poult Sci	Lin X	DMRT2 participates in chicken gonadal development by regulating CHUK and SOX9-mediated cell proliferation and apoptosis.	P3_lung_tf_names	Journal Article
42319071	2026	Chem Biol Drug Des	Liang C	Revealing the Action Mechanism of the FOXA2-LAMC2 Axis in Driving Cisplatin Resistance of Head and Neck Squamous Cell Carcinoma via Based Multi-Omic Analysis and Experimental Validation.	P3_lung_tf_names	Journal Article
42307773	2026	Cell Mol Life Sci	Lambertini E	Participation of the purinergic P2X7 receptor in molecular complexes in the nucleus of human chondrocytes.	P3_lung_tf_names	Journal Article
42305913	2026	Front Physiol	Song K	Sodium butyrate attenuates D-galactose-induced cellular senescence in WI-38 fibroblasts in vitro via modulation of HDAC activity, Nrf2/ARE pathway, and p53/p21/p16 signaling.	P3_lung_tf_names	Journal Article
42289849	2026	Biosci Rep	Sengupta D	A peripheral blood-based approach involving vimentin along with AURKA enabled efficient tracking of elusive Oct4/Sox2-expressing disseminated breast cancer stem cells.	P3_lung_tf_names	Journal Article
42289606	2026	J Mol Med (Berl)	Ren D	Oleanolic acid modulates neuronal regeneration through KLF5-mediated FGF13 mRNA degradation to alleviate Alzheimer's disease-like cognitive dysfunction.	P3_lung_tf_names	Journal Article
42288534	2026	Cell Death Dis	Liu S	Core transcriptional regulatory circuitry identified from patient-derived tumor cells provides a specific vulnerability for rhabdomyosarcoma.	P3_lung_tf_names	Journal Article
42274531	2026	Biology (Basel)	Wu F	EZH2 Regulates the Pluripotency of Mouse Embryonic Stem Cells by Modulating Nanog Expression Under PKC Inhibition.	P3_lung_tf_names	Journal Article
42273728	2026	Arterioscler Thromb Vasc Biol	Kowalewska PM	Microfibril Denudation Marks Early Aortic Vulnerability in SMAD3 Variant Carriers: A Multigenerational Study.	P3_lung_tf_names	Journal Article
42243539	2026	Commun Biol	Zhang G	NR3C1/PRKACG-mediated impairment of mitochondrial quality control underlies stress-induced hypothalamic neuronal injury.	P3_lung_tf_names	Journal Article
42239264	2026	bioRxiv	Nakamura R	YAP/TAZ inhibition refines TGF-β signaling to prevent laryngeal fibrosis.	P3_lung_tf_names	Journal Article;Preprint
42210377	2026	Biol Direct	Ciuffoli V	A novel TAp63γ-Airn regulatory axis governs early myogenic gene networks.	P3_lung_tf_names	Journal Article
42197719	2026	Plants (Basel)	Yin Y	Integrated RNA-Seq and DAP-Seq Analyses Identify a DntMYB1-Centered Regulatory Module Controlling Purple Flower Formation in Nobile-Type Dendrobium.	P3_lung_tf_names	Journal Article
42195004	2026	Genes (Basel)	Lukic D	Integrated Evolutionary and Multi-Omic Analysis of STAT Family Activation Across Solid Tumors.	P3_lung_tf_names	Journal Article
42159303	2026	FASEB J	Tu W	Pirfenidone Elevates GLIS1 by Disrupting the USP7/DNMT1 Complex and Alleviates Renal Fibrosis in Diabetic Kidney Disease Through ROS Reduction and TGF-β1/Smad Signaling Inhibition.	P3_lung_tf_names	Journal Article
42153663	2026	Autophagy	Wang W	Mechanical stress-mediated ferritinophagy aggravates cartilage endplate degeneration via a PIEZO1-NCOA4-ZBP1 axis.	P3_lung_tf_names	Journal Article
42146694	2026	bioRxiv	Terekhanova NV	Reactivation of a TAL1 progenitor cell enhancer region by non-coding somatic variants in T-lineage acute lymphoblastic leukemia.	P3_lung_tf_names	Journal Article;Preprint
42146427	2026	bioRxiv	Brinkman JA	Chromatin State Distinguishes Injury-Responsive from State-Stabilizing Transcriptional Programs in Hybrid Hepatocytes.	P3_lung_tf_names	Journal Article;Preprint
42138271	2026	J Biochem Mol Toxicol	Siwei L	Sleep Deprivation Inhibits CD8(+) T Cell Function by Elevating Galectin-9 Expression in Colorectal Cancer Cells.	P3_lung_tf_names	Journal Article
42137245	2026	Front Genet	Wang Z	RUNX1-mediated repression of miR-24 promotes hepatic stellate cell activation and liver fibrosis by targeting the ALK4/Smad3 signaling pathway.	P3_lung_tf_names	Journal Article
42128145	2026	J Nutr Biochem	Zhu Y	Time-restricted feeding alleviates heat stress-induced liver ferroptosis in piglets via nuclear receptor NR1D1-mediated transcription modulation.	P3_lung_tf_names	Journal Article
42128070	2026	Free Radic Biol Med	Yuan C	BHLHE40 drives ferroptosis in Escherichia coli-induced endometrial injury by recruiting HDAC1 to repress CPT1B and impair NRF2 signaling.	P3_lung_tf_names	Journal Article
42119910	2026	Brain Behav Immun	Yang JH	Chronic psychological stress potentiates IgE class switch recombination via glucocorticoid receptor-mediated epigenetic reprogramming of B cells.	P3_lung_tf_names	Journal Article
42106013	2026	Biochim Biophys Acta Mol Basis Dis	Li J	Curcumin suppresses HNSCC tumorigenesis through directly targeting FOSL1/JUN.	P3_lung_tf_names	Journal Article
42096331	2026	Cell Rep	Ward CJ	Glucocorticoid receptor and RUNX transcription factors cooperatively drive CD8 T cell dysfunction in human cancer.	P3_lung_tf_names	Journal Article
42089779	2026	Genes Cells	Suzuki H	POU5F1/OCT4 Attenuates Human LINE-1 Expression Levels in Induced Pluripotent Stem Cells.	P3_lung_tf_names	Journal Article
42086698	2026	Sci Rep	Alba B	SOX9 represses the human galectin-3 promoter in SW1353 cells: potential implications for osteoarthritis.	P3_lung_tf_names	Journal Article
42077186	2026	J Biochem Mol Toxicol	Peng J	Transcriptional Activation of SKA3 by SOX9 Promotes the Malignant Progression of Laryngeal Squamous Cell Carcinoma by Regulating AKR1C1.	P3_lung_tf_names	Journal Article
42070316	2026	Int Immunopharmacol	Yao Z	Electroacupuncture modulates P300-mediated STAT6/PPARγ binding to promote M2 polarization of microglia following cerebral ischemic injury.	P3_lung_tf_names	Journal Article
42057143	2026	Cell Commun Signal	Wu S	UNC5B activates hepatic stellate cells and promotes liver fibrosis via FAK.	P3_lung_tf_names	Journal Article
42050304	2026	J Mol Histol	Han R	Estrogen promotes osteogenesis via YAP1-driven activation of ERα orchestrated through TEAD1 binding to the ERα promoter.	P3_lung_tf_names	Journal Article
42046804	2026	J Transl Int Med	Li B	Lactate modulates microglial M2 polarization via H3K9 lactylation in ischemic stroke.	P3_lung_tf_names	Journal Article
42019757	2026	Exp Cell Res	Dorna D	The combinations of histone lysine demethylase inhibitors with panobinostat exert enhanced effects against head and neck cancer cells.	P3_lung_tf_names	Journal Article
42016314	2026	iScience	Pouwels SD	A comprehensive multi-omics and functional study of evolutionary adaptive responses to smoke.	P3_lung_tf_names	Journal Article
42006013	2026	Bioact Mater	Sun Y	Metformin alleviates aging-associated periodontitis via NRF2-mediated restoration of the IRE1α dependent unfolded protein response.	P3_lung_tf_names	Journal Article
41999677	2026	Biomed Pharmacother	Yi J	Dexamethasone attenuates TNF-α-induced ototoxicity via Peroxiredoxin 6 upregulation in murine auditory hair cells and cochlea of noise-exposed mice.	P3_lung_tf_names	Journal Article
41993611	2026	Theranostics	Sun X	Discovery of a novel Nrf2 activator that modulates mitochondrial function in neurons by regulating DHRS3-Nrf2 interaction after ischemic stroke.	P3_lung_tf_names	Journal Article
41981140	2026	Br J Cancer	Wang Y	Notch signaling governs colorectal cancer metastasis via transcriptional control of TGF-β effectors SMAD2/SMAD3.	P3_lung_tf_names	Journal Article
41937552	2026	Plant J	Luo TT	Activation of ethylene biosynthetic gene MaACS1 by RING-H2-type E3 ligase MaRHA2A1-mediated ubiquitin-proteasomal degradation of MaMYB73 during banana fruit ripening.	P3_lung_tf_names	Journal Article
41929190	2026	bioRxiv	Vance JK	Glucocorticoid signaling regulates expression of the EBI3 subunit of IL-27 in neonatal macrophages: Implications for antenatal corticosteroid therapy.	P3_lung_tf_names	Journal Article;Preprint
41928626	2026	Clin Mol Hepatol	Kim M	Co-repression of Yap1 and Sox9 abrogates established cholangiocarcinoma by eliminating transcriptional compensation.	P3_lung_tf_names	Journal Article
41920409	2026	Cell Oncol (Dordr)	Liu C	Transcriptional repression of TGFB2-AS1 by GATA6 drives triple-negative breast cancer metastasis.	P3_lung_tf_names	Journal Article
41919224	2026	Front Pharmacol	Cui Y	BRG1 exacerbates myocardial fibrosis after myocardial infarction by interacting with ZEB1.	P3_lung_tf_names	Journal Article
41917962	2026	World J Surg Oncol	Xia J	FOXA2 promotes the occurrence and development of osteosarcoma cells by regulating ferroptosis through the Rheb/mTOR axis.	P3_lung_tf_names	Journal Article
41895412	2026	Insect Biochem Mol Biol	Zhang Q	Pioneer factor BmFoxA modulates temporal gene regulatory networks via promoter selectivity in Bombyx mori.	P3_lung_tf_names	Journal Article
41867808	2026	bioRxiv	Crabtree A	Stress-Encoded Mitochondrial Plasticity: ATF4 Control of Mega-Mitochondria and Nanotunnel Communication.	P3_lung_tf_names	Journal Article;Preprint
41865369	2026	Cell Rep	Katko A	Gene regulatory network determinants of rapid recall in human memory CD4(+) T cells.	P3_lung_tf_names	Journal Article
41850602	2026	Exp Eye Res	Wang L	Nrf2 attenuates epithelial-mesenchymal transition of lens epithelial cells in fibrotic cataract via PINK1-mediated mitophagy.	P3_lung_tf_names	Journal Article
41848201	2026	Plant Biotechnol J	Liu Z	SlMYB17 Antagonises the SlCBF Pathway to Negatively Regulate Tomato Chilling Tolerance.	P3_lung_tf_names	Journal Article
41843009	2026	Appl Biochem Biotechnol	Yu H	PPARA-Engineered HUCMSC Exosomes Attenuate Sepsis-associated Acute Kidney Injury Via TXNRD1/NRF2 Signaling Activation.	P3_lung_tf_names	Journal Article
41832516	2026	World J Surg Oncol	Zhou Y	Oncogenic SOX9-TRAIP signaling drives gastric cancer progression by mediating the degradation of the CPEB3-mTORC1 tumor suppressor axis.	P3_lung_tf_names	Journal Article
41827878	2026	Cells	Jayathilake K	Glucocorticoid Receptor and Cell Cycle Regulator (E2F2) Cooperatively Transactivate a Cis-Regulatory Module in the HSV-1 Infected Cell Protein 0 (ICP0) Promoter.	P3_lung_tf_names	Journal Article
41809054	2026	iScience	Sega M	Stage- and cluster-specific regulation of chondrogenic gene programs by Sox9 in mouse embryonic limb buds.	P3_lung_tf_names	Journal Article
41802018	2026	Hepatology	Yan N	Hepatocyte CEBPA-ORM1 axis restricts alcohol-associated liver disease.	P3_lung_tf_names	Journal Article
41799508	2026	Oncol Res	Kim MR	FOXA2 as a SETD1A-Regulated Driver of Tamoxifen Resistance in Breast Cancer.	P3_lung_tf_names	Journal Article
41760369	2026	Biofactors	Miao Y	GRHL2/SENP1/VDR Signaling Axis: A Key Regulator of SUMOylation and Calcitriol Resistance in SHPT.	P3_lung_tf_names	Journal Article
41759995	2026	Endocr Res	Zong W	ETV4 transcriptionally activates STAT6 to inhibit ferroptosis and promote immune escape in thyroid cancer.	P3_lung_tf_names	Journal Article
41708084	2026	Genes Genet Syst	Gao P	KLF5 modulates NTSR1 to facilitate fatty acid oxidation and repress anoikis in gastric cancer.	P3_lung_tf_names	Journal Article
41677646	2026	Cells	Brown C	SATB2 Induces Malignant Transformation and Cancer Stem Cell Characteristics, and Inhibition of Its Expression Reverses Drug Resistance in Mesothelioma.	P3_lung_tf_names	Journal Article
41676627	2026	bioRxiv	Kim M	Co-repression of Yap1 and Sox9 Abrogates Established Cholangiocarcinoma by Eliminating Transcriptional Compensation.	P3_lung_tf_names	Journal Article;Preprint
41666823	2026	Endocrinol Metab (Seoul)	Huang H	TAZ WW Domain-Mediated Regulation of Gluconeogenesis and Tumorigenesis in Hepatocellular Carcinoma through Interaction with the Glucocorticoid Receptor.	P3_lung_tf_names	Journal Article
41665009	2026	Nucleic Acids Res	Lim PSL	Distinct roles for SETα and SETβ in early cell fate decisions.	P3_lung_tf_names	Journal Article
41659503	2026	bioRxiv	Fadial E	PRDM16 Coordinates Genetic and Epigenetic Programs Governing Chondrogenesis and Chondrocyte Phenotype Specification in the Knee Joint.	P3_lung_tf_names	Journal Article;Preprint
41650523	2026	Phytomedicine	Xue R	Ethyl ferulate suppresses choroidal neovascularization by accelerating Keap1 degradation through the inhibition of PSMD14-mediated deubiquitination.	P3_lung_tf_names	Journal Article
41642026	2026	Invest Ophthalmol Vis Sci	Lin Y	The Molecular Mechanisms and Therapeutic Potentials of Engrailed-1 in Fibrotic Scar Formation Post Glaucoma Filtration Surgery.	P3_lung_tf_names	Journal Article;Research Support, Non-U.S. Gov't
41633021	2026	Transl Oncol	Lin CY	Androgen receptor may promote tumor progression via TTF-1/EGFR pathway in metastatic nasopharyngeal carcinoma.	P3_lung_tf_names	Journal Article
41619969	2026	Cell Mol Gastroenterol Hepatol	Ankenbauer KE	Protocadherin 20 Is a POU Class 2 Homeobox 3 Target Gene Required for Proper Tuft Cell Microvillus Organization.	P3_lung_tf_names	Journal Article
41618647	2026	New Phytol	Zhu L	MYB16 and MYB106 promote conical cell morphogenesis by modulating cuticle production, apoplastic pH, and microtubule organization.	P3_lung_tf_names	Journal Article
41618556	2026	Plant Commun	Fang C	The LPA1-ITA1-BRXL4 module regulates shoot gravitropism and tiller angle in rice.	P3_lung_tf_names	Journal Article
41612481	2026	Breast Cancer Res	Yang L	Targeting glucocorticoid receptor to enhance immunotherapy response in triple negative breast cancer.	P3_lung_tf_names	Journal Article
41571094	2026	Cell Mol Gastroenterol Hepatol	Ghosh S	Dietary Lauric Acid Suppresses Inflammation, Cholestasis, Hepatocyte Injury, and Senescence in 3,5-Diethoxycarbonyl-1,4-Dihydrocollidine-induced Inflammatory Cholangiopathy.	P3_lung_tf_names	Journal Article
41554254	2026	Biomed Mater	Chen L	Dynamic stiffness drives BMSC chondrogenesis viaIhh-regulated H3K18 lactylation/Rcan1axis and mitochondrial fission remodeling.	P3_lung_tf_names	Journal Article
41554204	2026	Plant Physiol Biochem	Yang X	PdbMYB44 enhances drought tolerance via PP2C-mediated modulation of ABA signaling and stomatal aperture.	P3_lung_tf_names	Journal Article
41553012	2026	J Neuropathol Exp Neurol	Yuan J	Cardiotrophin-like cytokine factor 1 regulated by Sry-related HMG-box transcription factor 9 promotes malignant behavior and immune evasion of glioblastoma multiforme.	P3_lung_tf_names	Journal Article
41549316	2026	Inflamm Regen	Nguyen MP	Pivotal contribution of super-enhancer-driven KLF6 expression to the adipogenesis of human adipose-derived stem cells.	P3_lung_tf_names	Journal Article
41512915	2026	Osteoarthritis Cartilage	Barter MJ	Chromatin accessibility in MSC chondrogenesis, adult hip cartilage chondrocytes and osteoarthritis.	P3_lung_tf_names	Journal Article
41495829	2026	Cell Biosci	Chen Z	TGF-β1/SMAD signaling downregulates KLF4 expression via direct transcriptional suppression and FAT10-mediated proteasomal degradation in hepatocellular carcinoma.	P3_lung_tf_names	Journal Article
41485574	2026	J Adv Res	Xu X	Nrf2 deficiency in myeloid cells accelerates atherosclerosis by promoting the inflammatory response and impairing efferocytosis.	P3_lung_tf_names	Journal Article
41484064	2026	Cell Death Dis	Tsai CL	SOX4-STAT6-MTHFD2 axis drives hepatocellular carcinoma progression and treatment resistance.	P3_lung_tf_names	Journal Article
41448544	2026	J Thromb Haemost	Yan M	NRF2/miR-17-5p/TMEM16F axis regulates the crosstalk of inflammation and thrombosis in sepsis.	P3_lung_tf_names	Journal Article;Research Support, Non-U.S. Gov't
41424239	2026	Andrology	Sun J	Dynamic Landscape of H3K4me3 and H3K27me3 Modification During Postnatal Leydig Cell Fate Determination.	P3_lung_tf_names	Journal Article
41412526	2026	Free Radic Biol Med	Zhang X	SLC38A5 drives colorectal cancer ferroptosis resistance through the Hippo-YAP/Nrf2 axis.	P3_lung_tf_names	Journal Article
41390124	2026	Cells Dev	Tao X	A novel role of Mef2a in mitochondrial homeostasis and muscle regeneration during sarcopenia.	P3_lung_tf_names	Journal Article;Research Support, Non-U.S. Gov't
41381887	2026	Diabetologia	Li X	LDHA induces beta cell dedifferentiation in diabetes through metabolic and epigenetic reprogramming.	P3_lung_tf_names	Journal Article
41355955	2026	Theranostics	Qu Y	Targeting NDUFS8 in basal forebrain ameliorates cognitive decline related to chronic cerebral hypoperfusion.	P3_lung_tf_names	Journal Article
41347800	2026	Int J Mol Med	Bai L	FBXO22 promotes hepatocellular carcinoma progression via paracrine myo‑inositol‑induced M2‑type polarization of macrophages.	P3_lung_tf_names	Journal Article
41338064	2026	Plant Physiol Biochem	Guo R	The transcriptional repressor MdMYB21 negatively regulates anthocyanin and malic acid accumulation in red-fleshed apple.	P3_lung_tf_names	Journal Article
41332135	2026	Plant Commun	Tang S	PHR1-like 7 and phosphatidic acid oppositely regulate TAG degradation and seed oil accumulation in Arabidopsis.	P3_lung_tf_names	Journal Article
41319938	2026	Cell Signal	Wang X	MarvelD3 regulates the radiosensitivity of Esophageal squamous cell carcinoma via the MYB/IFI6 axis.	P3_lung_tf_names	Journal Article
41297805	2026	Int J Biol Macromol	Xu Y	H3K18la-driven methyltransferase 1-mediated upregulation of NeuroD1 m7G modification in promoting ferroptosis resistance in rheumatoid arthritis synovial fibroblasts.	P3_lung_tf_names	Journal Article
41267551	2026	Kaohsiung J Med Sci	Wei RS	USP54 Promotes Ferroptosis in Non-Small Cell Lung Cancer by Mediating FOXA2 Deubiquitination and Enhancing ACSL4 Transcription.	P3_lung_tf_names	Journal Article
41147659	2026	FEBS Lett	de Mello DC	Targeting EZH2 reverses thyroid cell dedifferentiation and enhances iodide uptake in anaplastic thyroid cancer.	P3_lung_tf_names	Journal Article
41297453	2026	Drug Resist Updat	Gao W	Endothelial cells sense temozolomide resistance to facilitate monocyte-derived macrophage infiltration in glioblastoma.	P4_encode_cellline	Journal Article
41386358	2026	Toxicology	Li L	Hexavalent chromium induced autophagy-dependent mTOR expression mediated by upregulation of HMGA2.	P4_encode_cellline	Journal Article;Research Support, Non-U.S. Gov't
41803859	2026	Mol Cancer	Shu W	Inhibition of PRMT5 triggers synthetic lethality in ARID1A-deficient endometrial cancer by promoting aberrant R-loop accumulation.	P4_encode_cellline	Journal Article
42235355	2026	Phytomedicine	Ni X	Targeting the lactate-lactylation-glucose uptake axis: Cryptotanshinone reprograms metabolic-epigenetic crosstalk in gastric cancer.	P4_encode_cellline	Journal Article
41418782	2026	Stem Cell Reports	Wang Y	Human CRX regulates photoreceptor cells development via bidirectional transcriptional control in retinal organoids.	P4_encode_cellline	Journal Article;Research Support, Non-U.S. Gov't
42393287	2026	Oncogene	Lang Q	Histone lactylation-driven IGF2BP3 promotes intrahepatic cholangiocarcinoma progression via SPP1/CD44-dependent macrophage polarization.	P4_encode_cellline	Journal Article
40481934	2026	Biochem Genet	Shao Y	LDHA-Mediated H3K18 Lactylation Promotes the Glycolysis in Non-Small Cell Lung Cancer Through Targeting PTEN.	P4_encode_cellline	Journal Article
42521486	2026	Gut	Chen Q	Macropinocytosis of neutrophil extracellular trap by gastric cancer cells promotes immune escape and peritoneal metastasis.	P4_encode_cellline	Journal Article
42491341	2026	Imeta	Jiang S	Patient-derived organoid-immune co-cultures integrated with multi-omics reveal immunotherapy resistance mechanisms in urothelial carcinoma.	P4_encode_cellline	Letter
42062572	2026	Exp Mol Med	Li H	Tetrameric STAT5 regulates the formation of immune niche cells to protect stem cell regenerative repair against mucosal inflammation.	P4_encode_cellline	Journal Article
42390171	2026	Invest Ophthalmol Vis Sci	Zhu L	The CXXC1-IGFBP6 Axis Maintains Corneal Epithelial Differentiation via H3K4me3-Dependent Transcriptional Activation.	P4_encode_cellline	Journal Article;Research Support, Non-U.S. Gov't
42180617	2026	Oncol Lett	Fan N	Breaking senescence restriction: MAFK-AREG axis promotes NSCLC cells to resist doxorubicin.	P4_encode_cellline	Journal Article
42576222	2026	J Biomed Sci	Chen HH	Smyca-FOXM1 ribonucleoprotein complex promotes homologous recombination and tumor immune evasion to define a therapeutic target of triple-negative breast cancer.	P4_encode_cellline	Journal Article
42447569	2026	Transl Oncol	Xie T	HSPE1 promotes immune evasion in lung adenocarcinoma by mediating mitochondrial oxidative stress via histone lactylation-mediated SDHA transcriptional activation.	P4_encode_cellline	Journal Article
42327198	2026	bioRxiv	Nishitani K	MLL3 adaptor function, not methyltransferase catalytic activity, is essential for breast tumor suppression.	P4_encode_cellline	Journal Article;Preprint
42203639	2026	Antioxid Redox Signal	Zhang Y	Targeting the STAT5A-LCP2-NF-κB Pathway to Overcome PD-1 Resistance in Esophageal Cancer.	P4_encode_cellline	Journal Article
42049241	2026	Nucleic Acids Res	Ranallo-Benavidez TR	Haplotype-resolved genome assemblies of BJ and IMR-90 human fibroblast cell lines reveal extensive structural variation and enable reanalysis of historical sequencing data.	P4_encode_cellline	Journal Article
41777148	2026	Balkan Med J	Huang G	ARID4B Promotes Lung Adenocarcinoma Malignancy by Activating GPRC5C transcription via Histone H1 Displacement.	P4_encode_cellline	Journal Article
41720597	2026	RMD Open	Zhu WH	Transcription factor SPI1 drives immunosuppressive CD45(+) erythroid progenitor cells to ameliorate rheumatoid arthritis.	P4_encode_cellline	Journal Article
41680783	2026	Cell Commun Signal	Xu L	Enterococcus faecalis-induced bystander effect causes epigenetic alterations leading to aberrant TGF-β signaling and epithelial-mesenchymal transition.	P4_encode_cellline	Journal Article
41654992	2026	Hereditas	Que Y	miR-4652-3p suppresses glutamine metabolism induced by the inflammatory microenvironment in non-small cell lung cancer by regulating MYC/SLC1A5.	P4_encode_cellline	Journal Article
42120791	2026	Nat Immunol	Wu YC	Epigenetic reprogramming of T cell metabolism restores function and enhances anti-tumor immunity in lung cancer.	P5_lung_atac_footprint	Journal Article
41478761	2026	Ann Rheum Dis	Valenzi E	Altered AP-1, RUNX, and EGR chromatin dynamics drive human fibrotic lung disease.	P5_lung_atac_footprint	Journal Article
42064054	2026	Front Immunol	Yang Y	Integrative single-cell RNA-seq and ATAC-seq analysis reveals the key role of inflammatory cell activation in pulmonary arterial hypertension.	P5_lung_atac_footprint	Journal Article
41680210	2026	Nat Commun	Sun F	FOXF2 regulates pericyte-endothelial signaling required for vascular homeostasis after neonatal hyperoxic lung injury.	P5_lung_atac_footprint	Journal Article
41692781	2026	Cell Commun Signal	Zhu Y	SLC1A5-mediated kynurenine metabolism drives AHR-FANCD2 axis to remodel chromatin and induce T cell exhaustion in lung adenocarcinoma.	P5_lung_atac_footprint	Journal Article
42088432	2026	Int J Biol Sci	Qin H	SLC4A7 Drives NSCLC Progression and Immune Evasion via pH Dysregulation: Its Targeting Synergizes with Anti-PD-1/L1 Therapy.	P5_lung_atac_footprint	Journal Article
42493808	2026	Vet Res	Liu H	Integration of ATAC-seq and RNA-seq analysis identifies host genes related with PRRSV infection.	P5_lung_atac_footprint	Journal Article
42555234	2026	Mol Cancer Res	Heredia FL	Integrative Transcriptional and Chromatin Analyses Reveal Enhancer-Mediated Regulatory Programs Driving Breast Cancer Metastasis.	P5_lung_atac_footprint	Journal Article
42479119	2026	Cancer Sci	Wei C	MEN1 Deficiency Drives Lung Cancer Progression via Activation of MMP10-Mediated Angiogenesis.	P5_lung_atac_footprint	Journal Article
42387576	2026	Cell Commun Signal	Ji J	Integration of breaking-point transition probabilities and specific open chromatin region features for early cancer detection.	P5_lung_atac_footprint	Journal Article
42381920	2026	Bioinform Adv	Townsend HA	Improving calls of differentially transcribed enhancers and their upstream regulators.	P5_lung_atac_footprint	Journal Article
42567102	2026	Neoplasia	Lee J	EZH1/2 inhibition selectively targets SMARCA4/2 co-deficient lung cancer cells by suppressing stemness and proliferation.	P5_lung_atac_footprint	Journal Article
41821426	2026	Am J Surg Pathol	Feng L	NFATC2::NUTM2 Fusion Defines a Novel Primary Pulmonary Epithelial Tumor With a Distinctive Immunophenotype.	P6_lung_3d	Journal Article
42189071	2026	Adv Sci (Weinh)	Tang Q	A Non-Canonical Role of SMAD4 in Regulating 3D Genome Architecture to Inhibit Lung Squamous Cell Carcinoma Development.	P6_lung_3d	Journal Article
42153646	2026	mSphere	Revel-Muroz AZ	Gut Hi-C metagenomes of severe COVID-19 patients: bacteria and yeast involved in gut-lung axis.	P6_lung_3d	Journal Article
42065047	2026	Oncol Res	Badran O	Extrachromosomal DNA in Solid Tumors-Landscape, Immune Effects, and Resistance to Targeted Therapy.	P6_lung_3d	Journal Article;Review
42268284	2026	Virchows Arch	Li J	Primary pulmonary NFATC2::NUTM2-associated myoepithelial-like neoplasms: two hi-C-detected cases beyond routine targeted NGS and review of the literature.	P6_lung_3d	Journal Article;Case Reports;Review
42213488	2026	Cancer Epidemiol Biomarkers Prev	Mao J	The Association and Risk Prediction of the Ubiquitination Pathway Genetic Variants and Lung Cancer Incidence: A Nested Case-Control Study.	P6_lung_3d	Journal Article
41482170	2026	Clin Immunol	Mukherjee O	Involvement of CCCTC-binding factor (CTCF) in immunomodulation and epigenetic regulation of T helper cell differentiation during Non-Small Cell Lung Cancer (NSCLC).	P6_lung_3d	Journal Article
42529052	2026	Front Artif Intell	Li J	OMNIS: a spatially informed multi-omics deep-learning framework for tumor recurrence prediction and primary-metastatic tumor differentiation title page.	P6_lung_3d	Journal Article
41735991	2026	Mol Cancer	Pena Ruiz NM	A KLF5's domino effect drives metastatic pancreatic cancer.	P7_perturbseq	Editorial
40899441	2026	Mol Cancer Ther	Patel UA	CRISPR Screen Identifies HDAC3 as a Novel Radiosensitizing Target in Small Cell Lung Cancer.	P7_perturbseq	Journal Article
42484372	2026	JCI Insight	Wang Z	CRISPR screening identifies DTX4 governing alveolar macrophage cholesterol efflux in pulmonary alveolar proteinosis.	P7_perturbseq	Journal Article
41668133	2026	Mol Cancer	Maeda M	CRISPR screen of human pancreatic cancer xenografts identifies a KLF5 proliferation vulnerability through epigenetic modifiers NCAPD2 and MTHFD1.	P7_perturbseq	Journal Article
41690450	2026	Cancer Lett	Ma Y	SLC5A11 mediates metformin-induced PD-L1 suppression to enhance cancer immunotherapy through AMPK-IRF1 signaling.	P7_perturbseq	Journal Article
42185286	2026	Nat Commun	Cheng C	An HDAC4-specific PROTAC degrader achieves radiation sensitization by enhancing ferroptosis in lung cancer.	P7_perturbseq	Journal Article
41367062	2026	Mol Oncol	Gautier-Isola M	LINC01116, a hypoxia-lncRNA marker of pathological lymphangiogenesis and poor prognosis in lung adenocarcinoma.	P7_perturbseq	Journal Article;Research Support, Non-U.S. Gov't
42341181	2026	Cancer Res	Clarke MA	Virtual Tumors Enable Prediction of Personalized Therapeutic Combinations for Non-Small Cell Lung Cancer.	P7_perturbseq	Journal Article
41935953	2026	Mol Ther	Fumagalli M	An in vivo CRISPR screen unveils promising target genes to improve CAR-T cell efficacy in a solid tumor model.	P7_perturbseq	Journal Article
41889946	2026	bioRxiv	Sun D	In vivo interrogation of transcriptional and epigenetic regulators of lung epithelial regeneration.	P7_perturbseq	Journal Article;Preprint
42003616	2026	mBio	Theriault ME	Utilization of a CRISPRi-based ex vivo challenge model to reveal temporally dependent gene essentiality in intracellular Mycobacterium tuberculosis.	P7_perturbseq	Journal Article;Research Support, N.I.H., Extramural
41309933	2026	Oncogene	Liu T	Overexpressed PRR11-SKA2-miR301a/454 bidirectional transcription unit essentially and coordinately promotes PI3K-AKT pathway activation and lung cancer progression.	P7_perturbseq	Journal Article
41061927	2026	J Adv Res	Sun H	Genome-wide CRISPR screen identifies STK11 as a critical regulator of sialic acid clusters important for influenza A virus attachment.	P7_perturbseq	Journal Article;Research Support, Non-U.S. Gov't
42199156	2026	Adv Sci (Weinh)	Xu QQ	mTORC2 Phosphorylation of GSDME-N Drives Cullin4B-Mediated Proteasomal Degradation to Suppress Pyroptosis and Confer Radioresistance in Small Cell Lung Cancer.	P7_perturbseq	Journal Article
42439627	2026	Cells	Park SH	CRISPRi-Mediated Epigenetic Suppression of TERT Reduces Cell Growth in Non-Small-Cell Lung Cancer Cells.	P7_perturbseq	Journal Article
42298412	2026	BMC Microbiol	Holmes EA	Conserved and context-dependent changes in pathogen and host cell gene expression during Staphylococcus aureus intracellular infection.	P7_perturbseq	Journal Article
42337800	2026	Cancer Metab	Yu T	CRISPR screen identifies autophagy inhibition (GNS561) as a PARP inhibitor (AZD5305) combination strategy in small cell lung cancer.	P7_perturbseq	Journal Article
42146413	2026	bioRxiv	Zhakula-Kostadinova N	Aneuploidy sensitizes cells to SREBP-pathway inhibition in squamous cell carcinoma.	P7_perturbseq	Journal Article;Preprint
42573653	2026	Apoptosis	Nguyen BD	Genome-wide CRISPR screen reveals CGS-15943 induced heme-dependent cell death mediated by aryl hydrocarbon receptor in lung cancer cells.	P7_perturbseq	Journal Article
41962868	2026	J Biol Chem	Nguyen TQ	Pharmacological targeting of the mycothiol cysteine ligase MshC in Mycobacteriumabscessus.	P7_perturbseq	Journal Article
42539061	2026	Res Sq	Fulp K	EMT activates ER-to-Golgi trafficking through upregulation of REEP2 to promote lung cancer progression.	P7_perturbseq	Journal Article;Preprint
42003582	2026	Antimicrob Agents Chemother	Gupta R	CRISPRi-mediated in vivo gene silencing: a tool for prioritizing drug targets in Mycobacterium abscessus.	P7_perturbseq	Journal Article
42146389	2026	bioRxiv	Wang X	CPT1A loss promotes lung metastasis in immune-competent mice via a mechanism of mtDNA release and chronic activation of STING pathway.	P7_perturbseq	Journal Article;Preprint
42060612	2026	PLoS One	Ruangpracha A	Unraveling the role of ChREBP in lung adenocarcinoma: Expression, regulatory networks, and potential functional impact.	P8_tf_perturb_rna	Journal Article
41783590	2026	Front Cell Dev Biol	Li F	Single-cell atlas reveals a pro-metastatic RELB+ neutrophil-myeloid subset underlying lymph node metastasis in EGFR-wildtype LUAD.	P8_tf_perturb_rna	Journal Article
40992936	2026	Thorax	Zhang Y	Proteomics-based risk prediction and drug targets identification for chronic obstructive pulmonary disease.	P9_lung_ppi	Journal Article;Research Support, Non-U.S. Gov't
41293955	2026	Adv Sci (Weinh)	Han L	TMEM131-Mediated Soluble TRAIL Triggered Type II Alveolar Epithelial Cell Senescence in Radiation-Induced Lung Injury.	P9_lung_ppi	Journal Article
42349085	2026	Lung Cancer	Chen L	Dietary inflammatory index and lung cancer risk: multi-cohort evidence and plasma proteomic profiles.	P9_lung_ppi	Journal Article
40957478	2026	J Adv Res	Shi X	Integrative proteomic characterization of human lung adenocarcinoma with KRAS G12 mutations reveals molecular pathogenesis.	P9_lung_ppi	Journal Article;Research Support, Non-U.S. Gov't
41731544	2026	J Exp Clin Cancer Res	Zhu M	GFAT2-mediated HSPD1 O-GlcNAcylation drives chemotherapy resistance in non-small cell lung cancer.	P9_lung_ppi	Journal Article
41485060	2026	J Exp Clin Cancer Res	Liu Q	KRAS-ERK signaling drives metastasis in colorectal cancer via phosphorylation-dependent activation of the ZBTB20-TGFBR2 axis.	P9_lung_ppi	Journal Article
41571643	2026	Nat Commun	Lyu M	ProteoAutoNet: high-throughput co-eluted protein analysis with robotics and machine learning.	P9_lung_ppi	Journal Article
41705248	2026	Front Immunol	Mohamed-Ali N	Systemic sclerosis-associated pulmonary arterial hypertension and pulmonary fibrosis: exploring biomarker discriminators with advanced omics in a Caucasian cohort.	P9_lung_ppi	Journal Article
42448231	2026	Mol Cell Proteomics	Feng K	Exploring the CD38-Associated Surfaceome via Nanobody-Targeted TurboID.	P9_lung_ppi	Journal Article
42387628	2026	Respir Res	Pang J	Proteo-metabolomic insights into the progression of chronic obstructive pulmonary disease and lung function decline.	P9_lung_ppi	Journal Article
41912501	2026	Cell Death Dis	Zhang Z	UBC9-mediated SUMOylation of CORO1C drives lung adenocarcinoma progression via Arp2/3-dependent cytoskeletal remodeling.	P9_lung_ppi	Journal Article
41828728	2026	Int J Mol Sci	Kim SK	Population-Scale Plasma Proteomic Profiles Associated with Chronic Periodontitis in the UK Biobank.	P9_lung_ppi	Journal Article
41582000	2026	Phytother Res	Xu W	Celastrol Targets Hsc70-Bim Interaction as a Novel Senolytic to Extend Lifespan and Mitigate Organ Fibrosis.	P9_lung_ppi	Journal Article
42112906	2026	J Virol	Liu C	RPSA enhances African swine fever virus entry via caveola-mediated endocytic pathway.	P9_lung_ppi	Journal Article
41641368	2026	Cancer Commun (Lond)	Hu C	TIMELESS Promotes LUAD Growth via Suppressing Transferrin-Mediated Ferroptosis and Reprograms the Tumor Microenvironment against Anti-PD-1 Immunotherapy.	P9_lung_ppi	Journal Article
41634833	2026	Cell Commun Signal	Bai X	SMYD3 synergises with RACK1 to promote colorectal cancer lung metastasis by recruiting SMAD3.	P9_lung_ppi	Journal Article
42472420	2026	Clin Transl Oncol	Jiang S	Proteomic characterization of airway obstruction-associated proteins in non-smoking lung adenocarcinoma.	P9_lung_ppi	Journal Article
41787826	2026	Autophagy	Zhang Y	α-hemolysin targets LGALS3 (galectin 3) to promote intracellular survival of Staphylococcus aureus via lysosomal disruption and autophagy inhibition.	P9_lung_ppi	Journal Article
42259118	2026	Ecotoxicol Environ Saf	Wang X	Plasma proteomic signatures of long-term PM(2.5) exposure and risk of incident chronic obstructive pulmonary disease.	P9_lung_ppi	Journal Article
41754753	2026	Pharmaceuticals (Basel)	Liu Z	Qingfei Tongluo Jiedu Formula Regulates M2 Macrophage Polarization via the Butyric Acid-GPR109A-MAPK Pathway for the Treatment of Mycoplasma pneumoniae Pneumonia.	P9_lung_ppi	Journal Article
42575313	2026	J Proteomics	Fang J	Opposing kinase signaling may underlie the inverse relationship between cancer and Alzheimer's disease.	P9_lung_ppi	Journal Article
42554262	2026	J Hypertens	Zhang MJ	The association of cardiovascular health with new-onset pulmonary hypertension and the mediating role of proteomic signatures.	P9_lung_ppi	Journal Article
42425898	2026	Thorax	Meng L	USP4 controls neutrophil spreading through stabilising IQGAP1 during lung inflammation.	P9_lung_ppi	Journal Article
42420688	2026	Cell Oncol (Dordr)	Yao R	PDIA6 exacerbates hepatocellular carcinoma via enhancing proteasome-dependent degradation of AKAP12.	P9_lung_ppi	Journal Article
42401356	2026	Cell Signal	Chen Y	Hypoxia remodels circSTX6 nuclear export through URH49-ALYREF to drive IGF1-mediated bladder cancer progression.	P9_lung_ppi	Journal Article
42379418	2026	J Proteomics	Teixeira M	Transpulmonary proteomic gradient analysis in women with pulmonary arterial hypertension associated with systemic sclerosis.	P9_lung_ppi	Journal Article
42351538	2026	Diagnostics (Basel)	Hrkač S	Plasma-Derived Extracellular Vesicle-Enriched Fractions as a Potential Source of Biomarkers for Systemic Sclerosis-Associated Interstitial Lung Disease (SSc-ILD): A Shotgun Proteomic Exploration Analysis.	P9_lung_ppi	Journal Article
42343650	2026	J Int Med Res	Xu H	Network pharmacology and bioinformatics analysis-based strategy for exploring the mechanisms of luteolin in the treatment of five types of cancer: A retrospective computational study.	P9_lung_ppi	Journal Article
42289940	2026	J Med Chem	Ferková S	Structure-Guided Design of Proteomimetics Targeting the SARS-CoV-2 S-RBD/hACE2 Interface.	P9_lung_ppi	Journal Article
42271307	2026	BMC Pulm Med	Li Y	Plasma proteomic profiling uncovers the age-related molecular changes in chronic obstructive pulmonary disease.	P9_lung_ppi	Journal Article
42264198	2026	Free Radic Biol Med	Mao L	Restoring BECN1-mediated autophagy mitigates acute lung injury caused by zinc oxide nanoparticles.	P9_lung_ppi	Journal Article
42187297	2026	Biomed Chromatogr	Wang H	Comprehensive Analysis of Chemical and Bioavailable Components of Compound Shougong Powder Using UHPLC-HRMS.	P9_lung_ppi	Journal Article
42046060	2026	Respir Res	Li SY	ABTB1 modulates EGFR signaling and confers icotinib sensitivity in lung adenocarcinoma.	P9_lung_ppi	Journal Article
42032653	2026	J Transl Med	Yan X	UBE2S promotes small cell lung cancer transformation and progression via monitoring metabolic remodeling and cell cycle.	P9_lung_ppi	Journal Article
42011594	2026	Zhongguo Zhong Yao Za Zhi	Li Y	[Exploration of pharmacodynamic material basis and mechanism of Jingfang Mixture against influenza A (H1N1) based on UPLC-Q-Exactive-Orbitrap-MS and network pharmacology].	P9_lung_ppi	English Abstract;Journal Article
41991154	2026	Br J Pharmacol	Pan Y	A covalent molecular glue hijacks the E3 ligase MKRN2 to degrade the ribosomal protein RPS7 and induce synthetic lethality in p53-deficient NSCLC cells.	P9_lung_ppi	Journal Article
41913790	2026	J Inflamm Res	Jin N	Elucidating the Mechanism of Fusu Agent Against Sepsis-Induced Acute Respiratory Distress Syndrome via an Integrated Approach Combining Network Pharmacology, Molecular Dynamics Simulations, and Experimental Validation.	P9_lung_ppi	Journal Article
41906732	2026	J Proteome Res	Suo Y	Pan-Cancer Proteomic and Transcriptomic Meta-Analysis of PD-1/PD-L1 Signaling Reveals Predictive Biomarkers for Anti-PD-1 Therapy in Lung Cancer.	P9_lung_ppi	Journal Article;Meta-Analysis;Research Support, Non-U.S. Gov't
41894675	2026	Anal Chem	Wei S	Profiling of the Golgi Apparatus Proteome in Living Cells Using Nanophotosensitizer-Mediated Photocatalytic Proximity Labeling.	P9_lung_ppi	Journal Article;Research Support, Non-U.S. Gov't
41855608	2026	Clinics (Sao Paulo)	Cai G	Identifying prioritization of potential targets for idiopathic pulmonary fibrosis: Proteome-wide Mendelian randomization and colocalization analyses.	P9_lung_ppi	Journal Article
41836428	2026	Front Immunol	Xiang G	Inhaled bovine lactoferrin modulates the p47phox-MPO-NETosis axis in acute lung injury: implications for bioengineered nanomedicine in respiratory infections.	P9_lung_ppi	Journal Article
41802509	2026	J Ethnopharmacol	Yuan H	Study on chronic toxicity, metabolic profiles and potential mechanisms of Aristolochiae Fructus in rats.	P9_lung_ppi	Journal Article
41800616	2026	STAR Protoc	van der Kooij SB	Protocol to uncover the protein interactome of small non-coding vault RNAs through RNA antisense purification coupled to mass spectrometry.	P9_lung_ppi	Journal Article
41719912	2026	Pathol Res Pract	Li Y	RhoB-Rab1A forms a mechanobiology module that couples cytoskeletal organization to nuclear mechanics and β-catenin access in epithelial cells.	P9_lung_ppi	Journal Article
41696233	2026	ACS Omega	Yu Z	Spectronaut and DIA-NN: A Comparison of their Performance in the Analysis of Lung Adenocarcinoma Biopsies.	P9_lung_ppi	Journal Article
41601298	2026	ACS Appl Bio Mater	Huo YR	Chelation-Controlled Oriented and Irreversible Immobilization of Native Antibodies on Photoreactive Magnetic Nanoparticles.	P9_lung_ppi	Journal Article
41317264	2026	Cardiovasc Drugs Ther	Lin C	RELM-β Augmented Hypoxia-Induced Pulmonary Hypertension Through Interacting with GIPC1, OR1N1 and CLIC4.	P9_lung_ppi	Journal Article;Research Support, Non-U.S. Gov't
42086547	2026	Nat Commun	Jessulat M	Global mitochondrial connectivity map reveals the landscape of yeast functional assemblies and conserved protein communities.	P10_global_ppi	Journal Article
42071143	2026	Adv Exp Med Biol	Farinha CM	Interactomics: Dissecting Protein Networks in Living Systems.	P10_global_ppi	Journal Article;Review
41880509	2026	Sci Adv	Bai P	Comparative proteomic profiling of receptor kinase signaling reveals key trafficking components enforcing plant stomatal development.	P10_global_ppi	Journal Article
41760787	2026	Sci Rep	Karthick V	Quantum-augmented graph differential geometry enhances accuracy in protein-protein interaction prediction.	P10_global_ppi	Journal Article
42239292	2026	bioRxiv	D'Oliviera A	Mapping the interactome of human tRNA methyltransferase TRMT1 using dual proximity labeling.	P10_global_ppi	Journal Article;Preprint
42211766	2026	Data Brief	Regatieri WKP	Proteomic dataset of non-specific interactors in Leishmania infantum.	P10_global_ppi	Journal Article
41915328	2026	Sci China Life Sci	Yang J	Integrating spatial and single-cell transcriptomics analysis reveals MYCN-UBE2C-TFRC signaling endows ferroptosis resistance in neuroectodermal tumors.	P10_global_ppi	Journal Article
41641743	2026	J Cell Sci	Li Y	The desmoglein 2 interactome in primary neonatal cardiomyocytes.	P10_global_ppi	Journal Article
41182819	2026	Nucleic Acids Res	Huang Q	PaxDb v6.0: reprocessed, LLM-selected, curated protein abundance data across organisms.	P10_global_ppi	Journal Article
41732809	2026	Biol Reprod	Deng Y	Systems-level proteomic profiling reveals modular control of human cervical remodeling during pregnancy†.	P10_global_ppi	Journal Article;Research Support, Non-U.S. Gov't
42155740	2026	Int J Biol Macromol	Sun J	Genome-wide identification and functional characterization of drought-responsive U-box E3 ubiquitin ligase genes in Rosa chinensis.	P10_global_ppi	Journal Article
42055631	2026	Cancer Genomics Proteomics	Li T	A Multi-omics PTM Atlas Reveals Key Insights into Metabolic Reprogramming in Colorectal Cancer.	P10_global_ppi	Journal Article
42565726	2026	J Proteome Res	Wang D	Proteomic Insights into Salt-Stress Tolerance in Zygosaccharomyces rouxii Revealed by Data-Independent Acquisition Mass Spectrometry.	P10_global_ppi	Journal Article
42216165	2026	BMC Cancer	Sheervalilou M	Integrated in vitro and bioinformatic analysis of autophagy‑related gene expression modulated by Fe₂O₃/Au core-shell nanoparticles in breast cancer cells.	P10_global_ppi	Journal Article
42409253	2026	Dev Comp Immunol	An N	Screening of proteins interacting with the bacterial-origin horizontal transferred serine/threonine-protein kinase in Pacific white shrimp Litopenaeus vannamei.	P10_global_ppi	Journal Article
42011613	2026	Zhongguo Zhong Yao Za Zhi	Chen K	[Potential pharmacodynamic material basis and mechanism of action of Penthorum chinense barrier protection based on UHPLC-Q-TOF-MS technology and network pharmacology].	P10_global_ppi	English Abstract;Journal Article
42421348	2026	Se Pu	Danzeng CZ	[Exploring the mechanism of action of Synotis solidaginea in treating acute eczema based on ultra performance liquid chromatography-linear trap quadrupole-Orbitrap mass spectrometry， network pharmacology and animal experiments].	P10_global_ppi	English Abstract;Journal Article
42392782	2026	Zhongguo Zhong Yao Za Zhi	Xiong D	[Study on mechanism of serum transitional components of Yinxing Yangnao Formula against vascular dementia based on UPLC- Orbitrap-HRMS combined with network pharmacology].	P10_global_ppi	English Abstract;Journal Article
41542366	2026	Bioinform Adv	Bhasin A	CoV-UniBind: a unified antibody binding database for SARS-CoV-2.	P11_catalogs	Journal Article
41756915	2026	bioRxiv	Jiang S	Reconstructing multi-scale tissue spatial architecture from single-cell RNA-seq with REMAP.	P11_catalogs	Journal Article;Preprint
42152469	2026	Autophagy	Du X	Byakangelicin alleviates metabolic dysfunction-associated steatohepatitis by selective inhibition of a non-canonical MTORC1 signaling pathway.	P11_catalogs	Journal Article
41689799	2026	Cell Rep	Abou Alaiwi S	Generation of a comprehensive epigenomic atlas in clear cell renal cell carcinoma informs kidney cancer progression and heritability.	P11_catalogs	Journal Article
41236113	2026	Cancer Sci	Takahashi Y	NF-κB Is a Potential Therapeutic Target for Histone Deacetylase Inhibitor-Resistant Cutaneous T-Cell Lymphoma.	P11_catalogs	Journal Article
41867458	2026	J Inflamm Res	Xu X	Integrated Multi-Omics Analysis Reveals IRF1-Driven Microglial PANoptosis via ZBP1 in Spinal Cord Injury.	P11_catalogs	Journal Article
42207462	2026	Cell Oncol (Dordr)	Peng X	Upregulation of limb-bud and heart (LBH) drives liver cancer progression by interacting with the oncoprotein Mortalin.	P11_catalogs	Journal Article
42065182	2026	Medicine (Baltimore)	Liu W	Predicting diagnostic gene biomarkers in allergic asthma.	P11_catalogs	Journal Article
41527853	2026	Brief Bioinform	Berrouayel Y	Enhancing TFEA.ChIP with ENCODE regulatory maps for generalizable transcription factor enrichment.	P11_catalogs	Journal Article
41971356	2026	Stem Cells Int	Zheng Y	X-Box Binding Protein 1 Regulates Osteogenesis of Periodontal Ligament Cells During Aging by Modulating P53 Signaling Pathway.	P11_catalogs	Journal Article
41519217	2026	Cell Signal	Yuan H	IFI6 regulation of physiological functions in granulosa cells.	P11_catalogs	Journal Article
42051034	2026	Nucleic Acids Res	Zou Z	ChIP-Atlas 2025 update: 10-year anniversary of a data-mining platform for exploring epigenomic landscape.	P11_catalogs	Journal Article
41904985	2026	Plant J	Ko DK	A tissue-resolved, network-based transcriptomic framework for abiotic stress responses in sorghum.	P11_catalogs	Journal Article
41461624	2026	Reprod Sci	Tao W	E2F8 Transcriptionally Activates DTL to Promote Endometrial Cancer Progression Via the MAPK Pathway.	P11_catalogs	Journal Article
42480981	2026	IET Syst Biol	Xiao L	A Potential miR-1246-5p-H3K27ac-NOL12 Regulatory Axis and Its Putative Tumour-Promoting Function in Hepatocellular Carcinoma.	P11_catalogs	Journal Article
42379339	2026	Biosystems	Kendiukhov I	Partial-label metric ceilings for evaluating gene regulatory networks inferred from single-cell foundation models.	P11_catalogs	Journal Article
41166503	2026	Prehosp Emerg Care	Warren J	Current Practices in Prehospital Ultrasound: A Systematic Evaluation of Prehospital Protocols Within the United States.	P11_catalogs	Journal Article
41569851	2026	Cell Rep	Kabil AK	Early-life microbiota skews long-term gene expression and chromatin states of bone marrow hematopoietic precursors.	P12_mouse_lung_chip	Journal Article
41167174	2026	Int Dent J	Dai Y	Inhibition of IRF4 Promoted Alveolar Bone Regeneration in Periodontitis by Inhibiting GPX4-Mediated Ferroptosis.	P12_mouse_lung_chip	Journal Article
42214611	2026	Life Sci	Wu P	Circadian rhythm disruption aggravates periodontitis via orchestrating TREM2+ macrophage-mediated bone resorption.	P12_mouse_lung_chip	Journal Article
41641439	2026	Ageing Cancer Res Treat	Cui W	DNA methylation landscapes in human cells and their chromatin determinants.	P12_mouse_lung_chip	Journal Article
42217551	2026	Cell Signal	Yan Z	OVOL1 targets YAP to suppress esophageal squamous cell carcinoma progression.	P12_mouse_lung_chip	Journal Article
40619122	2026	J Adv Res	Zhen L	The GOLM1-ACLY pathway regulates macrophage-secreted EFEMP1 via H3K27ac modifications to drive tumor progression.	P13_lung_immune_chip	Journal Article
42385797	2026	Free Radic Biol Med	Guo Y	Myeloid HIF-1α couples glycolytic energy supply with NCF2-dependent oxidative killing to protect against Klebsiella pneumoniae pneumonia.	P13_lung_immune_chip	Journal Article
41821002	2026	Cancer Cell Int	Yuan M	ANKRD49 promotes the epithelial-mesenchymal transition of non-small cell lung cancer via the PKNOX1/TGF-β1/SMAD axis.	P13_lung_immune_chip	Journal Article
42138434	2026	Microbiol Spectr	Shoji M	Host-directed antiviral strategy targeting prohibitins: Mel56 suppresses influenza A virus and severe acute respiratory syndrome coronavirus 2 via modulation of antioxidant pathways and mitochondrial function.	P14_variant_tf_binding	Journal Article
41356185	2026	Theranostics	Liu W	CD146(+) pericyte-like lung cancer brain metastatic stem cells promote tumor angiogenesis through dual regulatory effects on the VEGF/VEGFR axis.	P14_variant_tf_binding	Journal Article
41620802	2026	Cancer Cell Int	Singharajkomron N	miR-145-5p/CAMSAP2 axis modulates cisplatin sensitivity in non-small cell lung cancer.	P14_variant_tf_binding	Journal Article
42543223	2026	MAbs	Gu C	JMB2403, a potential best-in-class PD-1-dependent IL2Rβγ-activating tri-specific antibody for safe and potent immunotherapy.	P14_variant_tf_binding	Journal Article
42484961	2026	Tissue Eng Regen Med	Wei L	hsa_circ_0008758 Activates the MDM2/FOXO3a/PGK1 Pathway Through the miR-361-3p/SPIN1 Axis to Promote the Warburg Effect of Non-Small Cell Lung Cancer.	P14_variant_tf_binding	Journal Article
42467704	2026	PLoS Genet	Weykopf G	Identifying severe COVID-19 risk variants modulating enhancer reporter activity in lung cells.	P14_variant_tf_binding	Journal Article
42396619	2026	Nucleosides Nucleotides Nucleic Acids	Sheng YM	LncRNA EGOT inhibits the proliferation of lung adenocarcinoma cells and is associated with poor prognosis.	P14_variant_tf_binding	Journal Article
42309794	2026	Yi Chuan	Zhao JN	The p53 R267W mutation intervenes p21-mediated cell cycle arrest and promotes proliferation and migration of lung cancer cells.	P14_variant_tf_binding	Journal Article
42288668	2026	J Cancer Res Clin Oncol	Fang Y	The transcription factor ZNF217 drives hepatocellular carcinoma progression by activating de novo lipid synthesis via FASN upregulation.	P14_variant_tf_binding	Journal Article
42232346	2026	Biologics	Jiang L	MicroRNA-661 Suppresses Proliferation and Migration of Pulmonary Artery Smooth Muscle Cells and Endothelial Cells by Targeting CCND2.	P14_variant_tf_binding	Journal Article
42180983	2026	Transl Cancer Res	Zhang H	Molecular mechanism of miR-27a-3p targeting FBXW7 regulating the malignant behavior of osteosarcoma cells.	P14_variant_tf_binding	Journal Article
42166408	2026	Epigenomics	Zhou X	hsa_circ_0005963 downregulation suppresses NSCLC malignant progression by miR-506-3p/SOX9-mediated stemness regulation.	P14_variant_tf_binding	Journal Article
42139108	2026	Kaohsiung J Med Sci	Zhang F	LINC01605 Predicts the Poor Prognosis of Non-Small Cell Lung Cancer and Promotes Chemotherapy Resistance by Regulating miR-7111-5p/ELK1.	P14_variant_tf_binding	Journal Article
42135867	2026	Hereditas	Wang L	LncRNA HOXA11-AS promotes idiopathic pulmonary fibrosis progression via sponging miR-148a-3p and regulating SMAD2.	P14_variant_tf_binding	Journal Article
42083016	2026	J Anim Sci Biotechnol	Yao Y	Scutellaria baicalensis exosome-like nanoparticles combat lung infection caused by Mycoplasma gallisepticum by regulating calcium homeostasis.	P14_variant_tf_binding	Journal Article
42015658	2026	Clin Transl Med	Wang J	M6A demethylase ALKBH5 mediated Igfbp4 mRNA m6A modification drives fibroblast activation and pathological upper airway fibrosis.	P14_variant_tf_binding	Journal Article;Research Support, Non-U.S. Gov't
42002520	2026	J Gene Med	Hu J	Vitamin D Mitigates Klebsiella pneumoniae-Induced Pneumonia by Regulating Macrophage Polarization Through miR-223/ACSL3 Axis-Mediated Lipid Metabolism Reprogramming.	P14_variant_tf_binding	Journal Article
41909479	2026	Int J Chron Obstruct Pulmon Dis	Miao Y	Exosomal miR-2110 from PM2.5-Exposed Lung Epithelial Cells Targets SRSF1 to Promote M1 Macrophage Polarization and Inflammatory Responses in COPD.	P14_variant_tf_binding	Journal Article
41893497	2026	Toxics	Sun Y	miR-214-3p Mediates Samarium Oxide-Induced Pulmonary Fibrosis by Targeting MAP2K3 via the MAPK Signaling Pathway.	P14_variant_tf_binding	Journal Article
41877003	2026	BMC Immunol	Wang Q	Investigating the role of miR-192-5p as a diagnostic biomarker and the anti-inflammatory function in pediatric acute respiratory distress syndrome.	P14_variant_tf_binding	Journal Article
41841152	2026	Cytotechnology	Yang J	METTL3/IGF2BP2 mediates m6A methylation modification of SNRPA1 to promote tumor property of non-small cell lung cancer cells.	P14_variant_tf_binding	Journal Article
41838803	2026	Int Immunol	Zhan H	ELAVL1 modulates periodontal ligament fibroblast pyroptosis in periodontitis through the JAK2/STAT3/NLRP3 axis.	P14_variant_tf_binding	Journal Article
41734849	2026	Exp Cell Res	Lu S	Transcription factor KLF4 inhibits lung cancer cell growth and metastasis by promoting CYLD-induced TEK deubiquitination.	P14_variant_tf_binding	Journal Article
41872170	2026	Cell Death Dis	Gao Y	SARS-CoV-2 nonspike structural proteins hijack mucosa epithelial cell fate.	P15_direct_targets	Journal Article
42309715	2026	J Appl Toxicol	Das A	MicroRNA-195-5p/E2F7 Axis Underlies the Antimicrobial Additive Triclosan-Induced Cytotoxicity in Human Pulmonary Epithelial Cells.	P15_direct_targets	Journal Article
41110842	2026	J Appl Toxicol	Mishra S	Arsenic Induces Cytotoxicity in Pulmonary Epithelial Cells by Regulating the MicroRNA-195-5p/E2F7 Axis: The Impact of Tannic Acid From Natural Sources.	P15_direct_targets	Journal Article
