pmid	year	journal	type	queries	title
42346508	2026	J Dev Biol	Journal Article	Q1_lung_GRN_disease;Q3_tf_target_database;Q6_gwas_lung_regulatory;Q10_lung_cancer_tf_network;Q11_lung_dev_tf	Spatiotemporal Profiling Defines the Epithelial and Mesenchymal Transition Window in Embryonic Lung Morphogenesis.
38841857	2024	Arterioscler Thromb Vasc Biol	Journal Article;Research Support, N.I.H., Extramural	Q1_lung_GRN_disease;Q2_scenic_lung;Q11_lung_dev_tf;Q12_pah_bpd_tf	Molecular Changes Implicate Angiogenesis and Arterial Remodeling in Systemic Sclerosis-Associated and Idiopathic Pulmonary Hypertension.
40510163	2025	Front Oncol	Journal Article	Q1_lung_GRN_disease;Q9_copd_asthma_tf;Q10_lung_cancer_tf_network;Q11_lung_dev_tf	Molecular targets and mechanisms of cortex mori for lung cancer treatment: a network pharmacology study, molecular docking and in vitro and in vivo experimental validation.
34922464	2021	BMC Genomics	Journal Article	Q8_ipf_tf;Q9_copd_asthma_tf;Q10_lung_cancer_tf_network	Comprehensive epigenomic profiling of human alveolar epithelial differentiation identifies key epigenetic states and transcription factor co-regulatory networks for maintenance of distal lung identity.
41415280	2025	Front Immunol	Journal Article	Q1_lung_GRN_disease;Q10_lung_cancer_tf_network;Q11_lung_dev_tf	Single-cell RNA sequencing reveals heterogeneity among AT2 epithelial cells in the lung adenocarcinoma microenvironment.
40595797	2025	Sci Rep	Journal Article	Q1_lung_GRN_disease;Q10_lung_cancer_tf_network;Q11_lung_dev_tf	Identification of exosome-related genes in NSCLC via integrated bioinformatics and machine learning analysis.
40453984	2025	Int J Chron Obstruct Pulmon Dis	Journal Article;Research Support, Non-U.S. Gov't	Q1_lung_GRN_disease;Q6_gwas_lung_regulatory;Q9_copd_asthma_tf	Identifying Common Diagnostic Biomarkers and Therapeutic Targets between COPD and Sepsis: A Bioinformatics and Machine Learning Approach.
39960662	2025	Int J Cancer	Journal Article;Validation Study;Research Support, Non-U.S. Gov't	Q1_lung_GRN_disease;Q10_lung_cancer_tf_network;Q11_lung_dev_tf	Development and validation of a transcription factor regulatory network-based signature for individualized prognostic risk in lung adenocarcinoma.
39868264	2025	bioRxiv	Journal Article;Preprint	Q1_lung_GRN_disease;Q10_lung_cancer_tf_network;Q11_lung_dev_tf	Evolutionary trajectories of immune escape across cancers.
42352916	2026	Int J Mol Sci	Journal Article	Q1_lung_GRN_disease;Q3_tf_target_database;Q10_lung_cancer_tf_network	A Multi-Level miRNA Regulatory Network Associated with IRF1 Expression in Non-Small Cell Lung Cancer: In Silico Identification of Candidate Biomarkers for Immunotherapy Response.
42271515	2026	Hum Genomics	Journal Article	Q1_lung_GRN_disease;Q10_lung_cancer_tf_network;Q11_lung_dev_tf	Editing regulatory network in non-small cell lung cancer: implications for immunity and metastasis.
41634895	2026	Hum Genomics	Journal Article;Research Support, Non-U.S. Gov't	Q1_lung_GRN_disease;Q3_tf_target_database;Q10_lung_cancer_tf_network	Multi-omics analysis and experiments validate the tumor-suppressive role of mitochondrial lipid metabolism gene ACSM5 in lung adenocarcinoma and its impact on the immune microenvironment.
41783590	2026	Front Cell Dev Biol	Journal Article	Q2_scenic_lung;Q3_tf_target_database;Q10_lung_cancer_tf_network	Single-cell atlas reveals a pro-metastatic RELB+ neutrophil-myeloid subset underlying lymph node metastasis in EGFR-wildtype LUAD.
42562793	2026	J Gene Med	Journal Article;Research Support, Non-U.S. Gov't	Q3_tf_target_database;Q7_disease_gene_resource;Q12_pah_bpd_tf	MITF Regulates CFTR Expression to Participate in Myocardial Ischemia-Reperfusion Injury.
41649126	2026	OMICS	Journal Article	Q3_tf_target_database;Q10_lung_cancer_tf_network;Q11_lung_dev_tf	A Comprehensive Analysis of Transcription Factor-microRNA Network in Six Different Major Cancers: Uncovering the Regulatory Backstages of Cancer.
34759894	2021	Front Microbiol	Journal Article	Q2_scenic_lung;Q12_pah_bpd_tf	The Small RNA ErsA Impacts the Anaerobic Metabolism of Pseudomonas aeruginosa Through Post-Transcriptional Modulation of the Master Regulator Anr.
33847347	2021	Brief Bioinform	Journal Article;Research Support, Non-U.S. Gov't	Q8_ipf_tf;Q9_copd_asthma_tf	Bioinformatics and system biology approach to identify the influences of SARS-CoV-2 infections to idiopathic pulmonary fibrosis and chronic obstructive pulmonary disease patients.
35854722	2022	AMIA Jt Summits Transl Sci Proc	Journal Article	Q2_scenic_lung;Q8_ipf_tf	gene2gauss: A multi-view gaussian gene embedding learner for analyzing transcriptomic networks.
36252121	2022	Circ Res	Journal Article;Research Support, Non-U.S. Gov't;Research Support, N.I.H., Extramural	Q5_lung_chipseq_tf;Q12_pah_bpd_tf	MED1 Regulates BMP/TGF-β in Endothelium: Implication for Pulmonary Hypertension.
35976093	2022	Elife	Journal Article;Research Support, Non-U.S. Gov't;Research Support, N.I.H., Extramural	Q5_lung_chipseq_tf;Q12_pah_bpd_tf	PI3K signaling specifies proximal-distal fate by driving a developmental gene regulatory network in SOX9+ mouse lung progenitors.
37808664	2023	bioRxiv	Preprint;Journal Article	Q6_gwas_lung_regulatory;Q10_lung_cancer_tf_network	Context-aware single-cell multiome approach identified cell-type specific lung cancer susceptibility genes.
37598461	2023	EBioMedicine	Journal Article	Q6_gwas_lung_regulatory;Q9_copd_asthma_tf	Epigenome-wide DNA methylation association study of circulating IgE levels identifies novel targets for asthma.
37066790	2023	Circulation	Journal Article;Research Support, Non-U.S. Gov't;Research Support, N.I.H., Extramural	Q6_gwas_lung_regulatory;Q12_pah_bpd_tf	SOX17 Enhancer Variants Disrupt Transcription Factor Binding And Enhancer Inactivity Drives Pulmonary Hypertension.
37269594	2023	Biochem Biophys Res Commun	Journal Article;Research Support, N.I.H., Extramural;Research Support, Non-U.S. Gov't	Q8_ipf_tf;Q9_copd_asthma_tf	Rev-erbα agonists suppresses TGFβ1-induced fibroblast-to-myofibroblast transition and pro-fibrotic phenotype in human lung fibroblasts.
38935935	2023	JMIR Bioinform Biotechnol	Journal Article	Q9_copd_asthma_tf;Q10_lung_cancer_tf_network	The Differentially Expressed Genes Responsible for the Development of T Helper 9 Cells From T Helper 2 Cells in Various Disease States: Immuno-Interactomics Study.
38249888	2023	J Thorac Dis	Journal Article	Q10_lung_cancer_tf_network;Q11_lung_dev_tf	Transcription factor-target gene regulatory network analysis in human lung adenocarcinoma.
39704704	2024	Gigascience	Journal Article;Research Support, Non-U.S. Gov't	Q1_lung_GRN_disease;Q6_gwas_lung_regulatory	scGraph2Vec: a deep generative model for gene embedding augmented by graph neural network and single-cell omics data.
39281570	2024	Heliyon	Journal Article	Q1_lung_GRN_disease;Q10_lung_cancer_tf_network	Functional exploration and drug prediction on programmed cell death-related biomarkers in lung adenocarcinoma.
39228892	2024	Front Cell Infect Microbiol	Journal Article	Q1_lung_GRN_disease;Q10_lung_cancer_tf_network	Global transcriptomic network analysis of the crosstalk between microbiota and cancer-related cells in the oral-gut-lung axis.
39107837	2024	Biol Sex Differ	Journal Article;Research Support, Non-U.S. Gov't	Q1_lung_GRN_disease;Q10_lung_cancer_tf_network	Gene regulatory networks reveal sex difference in lung adenocarcinoma.
39005266	2024	bioRxiv	Journal Article;Preprint	Q1_lung_GRN_disease;Q10_lung_cancer_tf_network	Aging-associated Alterations in the Gene Regulatory Network Landscape Associate with Risk, Prognosis and Response to Therapy in Lung Adenocarcinoma.
39461973	2024	NPJ Syst Biol Appl	Clinical Study;Journal Article	Q2_scenic_lung;Q9_copd_asthma_tf	An integrative network-based approach to identify driving gene communities in chronic obstructive pulmonary disease.
38937794	2024	J Transl Med	Journal Article;Research Support, Non-U.S. Gov't	Q2_scenic_lung;Q8_ipf_tf	Macrophages as determinants and regulators of systemic sclerosis-related interstitial lung disease.
38773508	2024	J Transl Med	Journal Article	Q2_scenic_lung;Q10_lung_cancer_tf_network	Integrated analysis of single-cell and bulk RNA sequencing data reveals a myeloid cell-related regulon predicting neoadjuvant immunotherapy response across cancers.
38540357	2024	Genes (Basel)	Journal Article;Research Support, N.I.H., Extramural	Q4_lung_atlas;Q11_lung_dev_tf	Single-Cell Transcriptomic Profiling Identifies Molecular Phenotypes of Newborn Human Lung Cells.
39687207	2024	Natl Sci Rev	Journal Article	Q5_lung_chipseq_tf;Q10_lung_cancer_tf_network	Integrative study of lung cancer adeno-to-squamous transition in EGFR TKI resistance identifies RAPGEF3 as a therapeutic target.
38943137	2024	Cancer Cell Int	Journal Article	Q5_lung_chipseq_tf;Q10_lung_cancer_tf_network	NFIC mediates m6A mRNA methylation to orchestrate transcriptional and post-transcriptional regulation to represses malignant phenotype of non-small cell lung cancer cells.
38456508	2024	JCI Insight	Journal Article;Research Support, N.I.H., Extramural;Research Support, Non-U.S. Gov't	Q5_lung_chipseq_tf;Q9_copd_asthma_tf	Activator protein transcription factors coordinate human IL-33 expression from noncanonical promoters in chronic airway disease.
39266564	2024	Nat Commun	Journal Article;Research Support, Non-U.S. Gov't;Research Support, N.I.H., Extramural	Q6_gwas_lung_regulatory;Q10_lung_cancer_tf_network	Context-aware single-cell multiomics approach identifies cell-type-specific lung cancer susceptibility genes.
38906146	2024	Am J Hum Genet	Journal Article;Research Support, Non-U.S. Gov't;Research Support, N.I.H., Extramural	Q6_gwas_lung_regulatory;Q10_lung_cancer_tf_network	High-throughput characterization of functional variants highlights heterogeneity and polygenicity underlying lung cancer susceptibility.
38924775	2024	Am J Respir Crit Care Med	Journal Article;Research Support, Non-U.S. Gov't;Research Support, N.I.H., Extramural	Q8_ipf_tf;Q11_lung_dev_tf	Single-Cell Analysis Reveals Novel Immune Perturbations in Fibrotic Hypersensitivity Pneumonitis.
37953063	2024	Phytother Res	Journal Article	Q8_ipf_tf;Q11_lung_dev_tf	Salvianolic acid B protects against pulmonary fibrosis by attenuating stimulating protein 1-mediated macrophage and alveolar type 2 cell senescence.
39732961	2024	Sci Rep	Journal Article;Research Support, Non-U.S. Gov't	Q10_lung_cancer_tf_network;Q11_lung_dev_tf	Pan-cancer analysis of the potential of PEA3 subfamily genes as tumor markers.
39386474	2024	bioRxiv	Journal Article;Preprint	Q10_lung_cancer_tf_network;Q11_lung_dev_tf	MAX inactivation deregulates the MYC network and induces neuroendocrine neoplasia in multiple tissues.
38544480	2024	Adv Sci (Weinh)	Journal Article;Research Support, N.I.H., Extramural;Research Support, Non-U.S. Gov't	Q10_lung_cancer_tf_network;Q11_lung_dev_tf	Wemics: A Single-Base Resolution Methylation Quantification Method for Enhanced Prediction of Epigenetic Regulation.
39253423	2024	bioRxiv	Journal Article;Preprint	Q11_lung_dev_tf;Q12_pah_bpd_tf	Bronchopulmonary Dysplasia with Pulmonary Hypertension Associates with Loss of Semaphorin Signaling and Functional Decrease in FOXF1 Expression.
39107245	2024	Cardiovasc Res	Journal Article;Research Support, Non-U.S. Gov't	Q11_lung_dev_tf;Q12_pah_bpd_tf	Nuclear factor of activated T-cells 5 is indispensable for a balanced adaptive transcriptional response of lung endothelial cells to hypoxia.
41234824	2025	Transl Cancer Res	Journal Article	Q1_lung_GRN_disease;Q2_scenic_lung	Integrated multi-omic analysis unravels the characteristics of the metabolism-related intratumoral microbes and establishes a novel signature for predicting prognosis and therapeutic response in lung adenocarcinoma.
41111411	2025	OMICS	Journal Article;Research Support, Non-U.S. Gov't	Q1_lung_GRN_disease;Q11_lung_dev_tf	Pan-Cancer Analyses of Shared and Distinct Gene Expression in 17 Cancers: Rethinking Cancer Classification and Moving Beyond "One Drug, One Disease" Paradigm of Pharmaceutical Innovation.
41048344	2025	Front Bioinform	Journal Article	Q1_lung_GRN_disease;Q11_lung_dev_tf	Key genes associated with brain metastasis in non-small cell lung cancer: novel insights from bioinformatics analysis.
40927188	2025	Front Med (Lausanne)	Journal Article	Q1_lung_GRN_disease;Q9_copd_asthma_tf	Identification and validation for biomarkers associated with mitochondrial metabolism in chronic obstructive pulmonary disease.
40826767	2025	Medicine (Baltimore)	Journal Article	Q1_lung_GRN_disease;Q9_copd_asthma_tf	Deciphering molecular overlaps between COPD and NSCLC subtypes (LUAD and LUSC): An integrative bioinformatics study.
40698946	2025	mBio	Journal Article;Research Support, Non-U.S. Gov't	Q1_lung_GRN_disease;Q2_scenic_lung	Epigenetic control of the ferric uptake regulator (Fur) and fumarate nitrate reductase (FNR) master regulatory proteins contributes to Haemophilus influenzae survival during lung infection.
40666833	2025	bioRxiv	Journal Article;Preprint	Q1_lung_GRN_disease;Q8_ipf_tf	Single cell transcriptomics in a treatment-segregated cohort exposes a STAT3-regulated therapeutic gap in idiopathic pulmonary fibrosis.
40658169	2025	Med Oncol	Journal Article	Q1_lung_GRN_disease;Q11_lung_dev_tf	Deciphering the transcriptional regulatory network driving lung adenocarcinoma progression.
40642530	2025	Front Mol Biosci	Journal Article	Q1_lung_GRN_disease;Q8_ipf_tf	Identification of diagnostic hub genes related to energy metabolism in idiopathic pulmonary fibrosis.
40614386	2025	Biochim Biophys Acta Mol Basis Dis	Journal Article;Research Support, Non-U.S. Gov't	Q1_lung_GRN_disease;Q10_lung_cancer_tf_network	The DLX1-NCS1-MYC axis drives oncogenesis and progression in lung adenocarcinoma.
40588571	2025	Mol Syst Biol	Journal Article	Q1_lung_GRN_disease;Q9_copd_asthma_tf	LaGrACE: estimating gene program dysregulation with latent regulatory network.
40563292	2025	Antioxidants (Basel)	Journal Article;Review	Q1_lung_GRN_disease;Q10_lung_cancer_tf_network	Decoding the NRF2-NOTCH Crosstalk in Lung Cancer-An Update.
40528170	2025	J Transl Med	Journal Article;Research Support, Non-U.S. Gov't	Q1_lung_GRN_disease;Q10_lung_cancer_tf_network	Integrating multi-omics to unveil PSMD12 as a critical gene in promoting brain metastases of lung adenocarcinoma.
40414926	2025	Cell Death Dis	Journal Article	Q1_lung_GRN_disease;Q10_lung_cancer_tf_network	Integrative multi-omics identifies AP-1 transcription factor as a targetable mediator of acquired osimertinib resistance in non-small cell lung cancer.
40029995	2025	Integr Cancer Ther	Journal Article;Research Support, Non-U.S. Gov't	Q1_lung_GRN_disease;Q10_lung_cancer_tf_network	Induction of Senescence in Lung Cancer Cells by Qidongning Formula via the Transcription Factor EGR1.
41256522	2025	bioRxiv	Journal Article;Preprint	Q2_scenic_lung;Q12_pah_bpd_tf	Tobramycin enhances Mycobacterium abscessus fitness through whiB7 induction.
41203628	2025	Cell Death Dis	Journal Article	Q2_scenic_lung;Q10_lung_cancer_tf_network	The transcription factor ZEB2 mediates the antitumor efficacy of tumor-infiltrating lymphocytes in non-small cell lung cancer.
41089696	2025	Front Immunol	Journal Article	Q2_scenic_lung;Q11_lung_dev_tf	Machine learning integration with multi-omics data constructs a robust prognostic model and identifies PTGES3 as a therapeutic target for precision oncology in lung adenocarcinoma.
40493888	2025	Genomics Proteomics Bioinformatics	Journal Article	Q2_scenic_lung;Q11_lung_dev_tf	Spatial Transcriptomics Unveils the Blueprint of Mammalian Lung Development.
39892726	2025	Cell Signal	Journal Article	Q2_scenic_lung;Q8_ipf_tf	Nintedanib improves bleomycin-induced pulmonary fibrosis by inhibiting the Clec7a/SPP1 pathway in interstitial macrophages.
41562054	2025	Front Immunol	Journal Article	Q3_tf_target_database;Q8_ipf_tf	The role of age-related genes in idiopathic pulmonary fibrosis and molecular docking analysis of their drug targets.
40785146	2025	J Cell Mol Med	Journal Article	Q5_lung_chipseq_tf;Q12_pah_bpd_tf	CFTR Gene Regulation in Human Pancreatic Duct, Bile Duct and Sweat Gland Epithelial Cells.
40464702	2025	J Cell Mol Med	Journal Article;Review;Research Support, Non-U.S. Gov't	Q5_lung_chipseq_tf;Q8_ipf_tf	STAT3 Facilitates Super Enhancer Formation to Promote Fibroblast-To-Myofibroblast Differentiation by the Analysis of ATAC-Seq, RNA-Seq and ChIP-Seq.
40654788	2025	bioRxiv	Journal Article;Preprint	Q6_gwas_lung_regulatory;Q9_copd_asthma_tf	miRNA-mRNA network analysis identifies PAX5 as a potential regulator of adaptive immune response in COPD.
40068029	2025	Medicine (Baltimore)	Journal Article	Q6_gwas_lung_regulatory;Q9_copd_asthma_tf	Exploring the causal relationship between PAH and some autoimmune diseases using bidirectional Mendelian randomization analyses.
39866448	2025	Heliyon	Journal Article	Q8_ipf_tf;Q11_lung_dev_tf	PPARG/SPP1/CD44 signaling pathway in alveolar macrophages: Mechanisms of lipid dysregulation and therapeutic targets in idiopathic pulmonary fibrosis.
40877935	2025	Cell Commun Signal	Journal Article	Q10_lung_cancer_tf_network;Q11_lung_dev_tf	Intercellular signaling reinforces single-cell level phenotypic transitions and facilitates robust re-equilibrium of heterogeneous cancer cell populations.
40796933	2025	Sci Rep	Journal Article	Q10_lung_cancer_tf_network;Q11_lung_dev_tf	GPER1 is involved in shaping tumor immune microenvironment and its expression is decreased in NSCLC tumorigenesis.
40279415	2025	Sci Adv	Journal Article	Q10_lung_cancer_tf_network;Q11_lung_dev_tf	MAX inactivation deregulates the MYC network and induces neuroendocrine neoplasia in multiple tissues.
40442177	2025	Nat Commun	Journal Article	Q11_lung_dev_tf;Q12_pah_bpd_tf	Bronchopulmonary dysplasia with pulmonary hypertension associates with semaphorin signaling loss and functionally decreased FOXF1 expression.
39603521	2025	J Pediatr	Journal Article;Multicenter Study;Research Support, N.I.H., Extramural;Research Support, Non-U.S. Gov't	Q11_lung_dev_tf;Q12_pah_bpd_tf	SOX17-Associated Pulmonary Hypertension in Children: A Distinct Developmental and Clinical Syndrome.
42555441	2026	In Silico Pharmacol	Journal Article	Q1_lung_GRN_disease;Q9_copd_asthma_tf	Integrated network pharmacology and molecular docking based insights into transient receptor potential melastatin3 regulatory mechanism in COPD.
42296933	2026	Mol Immunol	Journal Article	Q1_lung_GRN_disease;Q8_ipf_tf	Transcription factor ID3 promotes fibroblast differentiation and proliferation in lung fibrosis through augmenting the TGF-β signaling pathway.
42269884	2026	Genomics	Journal Article;Research Support, Non-U.S. Gov't	Q1_lung_GRN_disease;Q11_lung_dev_tf	Mechanistic insights into sheep pulmonary adenomatosis based on whole transcriptome sequencing.
42260586	2026	J Transl Med	Journal Article	Q1_lung_GRN_disease;Q11_lung_dev_tf	Multiomic characterization of malignant pulmonary nodules and development of a methylation-based diagnostic Model.
42227493	2026	Comb Chem High Throughput Screen	Journal Article	Q1_lung_GRN_disease;Q9_copd_asthma_tf	Identification and Regulation of Common Key Genes in COPD and AD.
42166424	2026	PLoS One	Journal Article	Q1_lung_GRN_disease;Q9_copd_asthma_tf	Identifying and validating ITGB2 and HNRNPAB as diagnostic biomarkers in chronic obstructive pulmonary disease using bioinformatics and Integrated Machine Learning Methods.
42065182	2026	Medicine (Baltimore)	Journal Article	Q1_lung_GRN_disease;Q9_copd_asthma_tf	Predicting diagnostic gene biomarkers in allergic asthma.
42060612	2026	PLoS One	Journal Article	Q1_lung_GRN_disease;Q10_lung_cancer_tf_network	Unraveling the role of ChREBP in lung adenocarcinoma: Expression, regulatory networks, and potential functional impact.
42024670	2026	PLoS One	Journal Article	Q1_lung_GRN_disease;Q8_ipf_tf	Biomarkers of mitochondrial dynamics in idiopathic pulmonary fibrosis: Identification and validation through transcriptomic and single-cell analyses.
41890749	2026	Front Immunol	Journal Article;Review	Q1_lung_GRN_disease;Q11_lung_dev_tf	Post-translational protein lactylation modification in lung cancer: an emerging targeted therapeutic strategy.
41868652	2026	Front Allergy	Journal Article;Review	Q1_lung_GRN_disease;Q9_copd_asthma_tf	The FOXA transcription factors in allergic airway disease and asthma.
41818350	2026	Pharmacology	Journal Article	Q1_lung_GRN_disease;Q5_lung_chipseq_tf	Heterogeneity and Regulatory Mechanisms of ALK-Mutant and Wild-Type Epithelial Cells in Non-Small-Cell Lung Cancer: Single-Cell Transcriptomics and Chromatin Accessibility.
41559111	2026	NPJ Syst Biol Appl	Journal Article	Q1_lung_GRN_disease;Q10_lung_cancer_tf_network	Gene regulatory network transitions reveal the central transcription factors in lung adenocarcinoma progression.
41290994	2026	Cancer Gene Ther	Journal Article	Q1_lung_GRN_disease;Q10_lung_cancer_tf_network	Construction of the cancer cell continuum reveals hybrid EMT state driving lung adenocarcinoma aggression.
42371181	2026	Funct Integr Genomics	Journal Article	Q2_scenic_lung;Q10_lung_cancer_tf_network	Single-cell transcriptomic analysis identifies a tumor-enriched GIMAP7⁺ CD4⁺ naïve T cell population with a unique immunoregulatory state in lung adenocarcinoma.
42527907	2026	BMC Bioinformatics	Journal Article	Q3_tf_target_database;Q7_disease_gene_resource	Residual-stream geometry of single-cell foundation models carries incremental gene-regulatory signal across tissues.
42398561	2026	J Biomed Inform	Journal Article	Q3_tf_target_database;Q7_disease_gene_resource	Causal intervention validation of gene regulatory signals in scGPT.
42343467	2026	Hereditas	Journal Article	Q3_tf_target_database;Q7_disease_gene_resource	KLF5 promotes proliferation, migration, and autophagy-/EMT‑associated molecular changes in lens epithelial cells via transcriptional activation of THBS1 in traumatic cataract.
42261399	2026	Int J Chron Obstruct Pulmon Dis	Journal Article;Research Support, Non-U.S. Gov't	Q3_tf_target_database;Q9_copd_asthma_tf	A Single Cell Atlas of the COPD Lung Identifies Inflammatory Reprogramming in Fibroblasts.
42239439	2026	bioRxiv	Journal Article;Preprint	Q3_tf_target_database;Q12_pah_bpd_tf	Identification of drug candidates for rescue of SOX17 gene targets in pulmonary arterial hypertension.
42073601	2026	Cancers (Basel)	Journal Article	Q3_tf_target_database;Q10_lung_cancer_tf_network	Integrated Characterization of AP-2δ Reveals Distinct Regulatory Architecture in Lung Adenocarcinoma and Lung Squamous Cell Carcinoma.
42023209	2026	Front Immunol	Journal Article	Q3_tf_target_database;Q10_lung_cancer_tf_network	Integrated profiling of RUNX3 in intratumoral NK cells activity through bulk and single-cell transcriptomic analysis.
41987290	2026	J Transl Med	Journal Article	Q3_tf_target_database;Q10_lung_cancer_tf_network	Uridine metabolism promotes lung adenocarcinoma progression by activating FBL transcription via YBX1.
41937877	2026	Rep Pract Oncol Radiother	Journal Article	Q3_tf_target_database;Q10_lung_cancer_tf_network	A competing TMPO-AS1-let-7b-5p-kinesin superfamily RNA network predicts poor lung cancer patient survival.
41888600	2026	Sci Rep	Journal Article	Q3_tf_target_database;Q10_lung_cancer_tf_network	TRIM31 inhibits ferroptosis in LUAD through facilitating ubiquitination and degradation of P53.
41851687	2026	Respir Res	Journal Article	Q3_tf_target_database;Q11_lung_dev_tf	The GAP43/RAC1 axis drives glycolytic reprogramming and progression in lung adenocarcinoma.
41822324	2026	World J Oncol	Journal Article	Q3_tf_target_database;Q6_gwas_lung_regulatory	Identification of Genes and Construction of Prognostic Model of Lung Adenocarcinoma Based on Propionate Metabolism-Related Genes.
41789667	2026	Oncol Rep	Journal Article	Q3_tf_target_database;Q11_lung_dev_tf	Knockdown of CCT2 inhibits the malignant progression of hepatocellular carcinoma cells by impairing STAT3 activation.
41755794	2026	Allergy	Journal Article	Q3_tf_target_database;Q9_copd_asthma_tf	Identification of Key Genes Associated With Epithelial Barrier Dysfunction by Comprehensive Analysis and Experimental Validation.
41512780	2026	Ecotoxicol Environ Saf	Journal Article	Q3_tf_target_database;Q10_lung_cancer_tf_network	Dysregulation of atrazine-associated core gene networks and risk prediction in human cancers: Insights from integrated transcriptomics and network toxicology analyses.
42039472	2026	bioRxiv	Journal Article;Preprint	Q4_lung_atlas;Q6_gwas_lung_regulatory	Single-cell full-length transcriptome of human lung reveals genetic effects on isoform regulation beyond gene-level expression.
40997082	2026	Am J Respir Cell Mol Biol	Journal Article;Research Support, N.I.H., Extramural	Q4_lung_atlas;Q11_lung_dev_tf	The transcriptional landscape of developing human trisomy 21 lungs.
42079583	2026	Front Immunol	Journal Article	Q6_gwas_lung_regulatory;Q9_copd_asthma_tf	Genome-wide association study of atopic and autoimmune comorbidities in alopecia areata.
41965819	2026	Commun Biol	Journal Article	Q6_gwas_lung_regulatory;Q8_ipf_tf	Epigenome-wide Mendelian randomization with multi-omics validation identifies epigenetic drivers of idiopathic pulmonary fibrosis.
41868721	2026	Int J Chron Obstruct Pulmon Dis	Journal Article;Research Support, Non-U.S. Gov't	Q6_gwas_lung_regulatory;Q11_lung_dev_tf	Integrating Multi-Omics Data to Uncover Causal Links Between Mitochondria-Related Genes and Chronic Obstructive Pulmonary Disease: A Mendelian Randomization Study.
41174273	2026	Clin Rheumatol	Journal Article	Q6_gwas_lung_regulatory;Q8_ipf_tf	Shared genetic architecture and potential comorbid mechanisms between rheumatoid arthritis and idiopathic pulmonary fibrosis.
41993306	2026	bioRxiv	Journal Article;Preprint	Q8_ipf_tf;Q11_lung_dev_tf	Transcriptional and spatial profiling of fibroblasts from human lungs highlights CTHRC1+ cells as fibrogenic signaling hubs in fibrosis.
41855208	2026	PLoS One	Journal Article	Q8_ipf_tf;Q9_copd_asthma_tf	Gene expression and metadata based identification of key genes for lung cancer, COPD, and IPF using machine learning and statistical models.
41637526	2026	Sci Transl Med	Journal Article	Q8_ipf_tf;Q12_pah_bpd_tf	Sine oculis homeobox 1 drives endothelial dysfunction in preclinical pulmonary arterial hypertension.
41088915	2026	Curr Med Chem	Journal Article	Q8_ipf_tf;Q11_lung_dev_tf	Construction of an E3 Ubiquitin Ligase Gene Model to Predict the Prognosis of Idiopathic Pulmonary Fibrosis Patients Using Integrated Bioinformatics Analysis.
42397467	2026	Mol Biol Rep	Journal Article;Review	Q9_copd_asthma_tf;Q12_pah_bpd_tf	Molecular mechanisms of EPAS1 in regulating pulmonary vascular remodeling in COPD: a review.
42073597	2026	Cancers (Basel)	Journal Article	Q9_copd_asthma_tf;Q11_lung_dev_tf	Molecular Links Between Smoking, COPD, and Lung Cancer: A DNA Methylation Perspective.
42455368	2026	J Cancer Res Clin Oncol	Journal Article	Q10_lung_cancer_tf_network;Q11_lung_dev_tf	Effects of CDDO‑TFEA on non‑small cell lung cancer growth, apoptosis, and stemness via the MEK/ERK pathway.
41420920	2026	Mutat Res	Journal Article;Research Support, Non-U.S. Gov't	Q10_lung_cancer_tf_network;Q11_lung_dev_tf	SPDEF-mediated BIRC5 transcriptional activation enhances non-small cell lung cancer progression.
42089296	2026	Am J Respir Cell Mol Biol	Journal Article	Q11_lung_dev_tf;Q12_pah_bpd_tf	Novel Netrin-1-Unc5b-Klf4 axis balances AT2 survival in experimental bronchopulmonary dysplasia.
20301290	1993		Review	Q12_pah_bpd_tf	Holt-Oram Syndrome.
20301771	1993		Review	Q12_pah_bpd_tf	Spondylocostal Dysostosis, Autosomal Recessive.
26078448	2015	J Bacteriol	Journal Article;Research Support, N.I.H., Extramural;Research Support, Non-U.S. Gov't	Q2_scenic_lung	Links between Anr and Quorum Sensing in Pseudomonas aeruginosa Biofilms.
25844539	2015	PLoS One	Comparative Study;Journal Article;Research Support, N.I.H., Extramural;Research Support, U.S. Gov't, Non-P.H.S.	Q2_scenic_lung	Transcriptional profile of Mycobacterium tuberculosis replicating in type II alveolar epithelial cells.
25796134	2015	Vet Microbiol	Journal Article;Research Support, Non-U.S. Gov't	Q2_scenic_lung	Actinobacillus pleuropneumoniae two-component system QseB/QseC regulates the transcription of PilM, an important determinant of bacterial adherence and virulence.
25730547	2015	Am J Respir Crit Care Med	Journal Article;Research Support, N.I.H., Extramural;Research Support, Non-U.S. Gov't	Q2_scenic_lung	The DosR Regulon Modulates Adaptive Immunity and Is Essential for Mycobacterium tuberculosis Persistence.
25714721	2015	mBio	Journal Article;Research Support, N.I.H., Extramural;Research Support, Non-U.S. Gov't	Q2_scenic_lung	The ferrous iron-responsive BqsRS two-component system activates genes that promote cationic stress tolerance.
26488015	2015	Ann Transl Med	Journal Article	Q4_lung_atlas	The promise of lung master protocol for squamous cell carcinoma: one trial to rule them all, one trial to find them…?
26433553	2015	Semin Oncol	Journal Article;Research Support, N.I.H., Extramural;Review	Q4_lung_atlas	The Master Protocol Concept.
26408303	2015	Chin Clin Oncol	Journal Article;Review	Q4_lung_atlas	Lung-MAP--framework, overview, and design principles.
26390342	2015	ACS Chem Biol	Journal Article	Q4_lung_atlas	Chemoproteomics Reveals Novel Protein and Lipid Kinase Targets of Clinical CDK4/6 Inhibitors in Lung Cancer.
25979930	2015	Clin Cancer Res	Journal Article;Research Support, N.I.H., Extramural;Research Support, Non-U.S. Gov't;Review	Q4_lung_atlas	Squamous cell lung cancer: from tumor genomics to cancer therapeutics.
25680375	2015	Clin Cancer Res	Clinical Trial, Phase II;Journal Article;Randomized Controlled Trial;Research Support, N.I.H., Extramural;Research Support, Non-U.S. Gov't	Q4_lung_atlas	Lung Master Protocol (Lung-MAP)-A Biomarker-Driven Protocol for Accelerating Development of Therapies for Squamous Cell Lung Cancer: SWOG S1400.
25676724	2015	Clin Pharmacol Ther	Journal Article;Review	Q4_lung_atlas	Innovative Clinical Trials: The LUNG-MAP Study.
26340163	2015	Chem Res Toxicol	Journal Article;Research Support, N.I.H., Extramural	Q9_copd_asthma_tf	Untargeted Proteomics and Systems-Based Mechanistic Investigation of Artesunate in Human Bronchial Epithelial Cells.
26148454	2015	Arch Pharm (Weinheim)	Journal Article;Research Support, Non-U.S. Gov't;Review	Q9_copd_asthma_tf	Pulmonary Delivery of siRNA via Polymeric Vectors as Therapies of Asthma.
26026068	2015	J Leukoc Biol	Journal Article;Research Support, N.I.H., Extramural;Research Support, Non-U.S. Gov't;Review	Q9_copd_asthma_tf	Interferon at the crossroads of allergy and viral infections.
25938935	2015	Am J Respir Cell Mol Biol	Journal Article;Research Support, N.I.H., Extramural;Review	Q9_copd_asthma_tf	Circadian clock-coupled lung cellular and molecular functions in chronic airway diseases.
25863981	2015	J Allergy Clin Immunol	Journal Article	Q9_copd_asthma_tf	Transcriptome analysis of controlled and therapy-resistant childhood asthma reveals distinct gene expression profiles.
25839115	2015	J Ethnopharmacol	Journal Article;Research Support, Non-U.S. Gov't	Q9_copd_asthma_tf	In vitro and in vivo anti-inflammatory activity of Phyllanthus acidus methanolic extract.
27678244	2016	Genome Biol	Journal Article	Q2_scenic_lung	Time-resolved dual RNA-seq reveals extensive rewiring of lung epithelial and pneumococcal transcriptomes during early infection.
27553415	2016	Tuberculosis (Edinb)	Comparative Study;Journal Article	Q2_scenic_lung	Sputum is a surrogate for bronchoalveolar lavage for monitoring Mycobacterium tuberculosis transcriptional profiles in TB patients.
27534685	2016	J Infect Dis	Journal Article	Q2_scenic_lung	Adaptation of Mycobacterium tuberculosis to Impaired Host Immunity in HIV-Infected Patients.
27495169	2016	BMC Genomics	Journal Article;Research Support, Non-U.S. Gov't	Q2_scenic_lung	Functional characterization of the Mycobacterium abscessus genome coupled with condition specific transcriptomics reveals conserved molecular strategies for host adaptation and persistence.
27381916	2016	J Bacteriol	Journal Article	Q2_scenic_lung	Choline Catabolism in Burkholderia thailandensis Is Regulated by Multiple Glutamine Amidotransferase 1-Containing AraC Family Transcriptional Regulators.
27345215	2016	Sci Rep	Journal Article;Research Support, Non-U.S. Gov't	Q2_scenic_lung	Ndk, a novel host-responsive regulator, negatively regulates bacterial virulence through quorum sensing in Pseudomonas aeruginosa.
27253086	2016	Am J Respir Cell Mol Biol	Journal Article	Q2_scenic_lung	Cigarette Smoke Extract-Exposed Methicillin-Resistant Staphylococcus aureus Regulates Leukocyte Function for Pulmonary Persistence.
26530889	2016	J Hazard Mater	Journal Article;Research Support, Non-U.S. Gov't	Q2_scenic_lung	Inhibition of lipopolysaccharide induced acute inflammation in lung by chlorination.
27832175	2016	PLoS One	Journal Article	Q9_copd_asthma_tf	RNAi Screen for NRF2 Inducers Identifies Targets That Rescue Primary Lung Epithelial Cells from Cigarette Smoke Induced Radical Stress.
27236331	2016	Arch Immunol Ther Exp (Warsz)	Journal Article;Review	Q9_copd_asthma_tf	Transcription Factor NF-κB: An Update on Intervention Strategies.
27711190	2016	PLoS One	Journal Article;Randomized Controlled Trial	Q9_copd_asthma_tf	The Role of Vitamin D in the Transcriptional Program of Human Pregnancy.
27667568	2016	Pulm Pharmacol Ther	Journal Article;Review;Research Support, Non-U.S. Gov't	Q9_copd_asthma_tf	Inundation of asthma target research: Untangling asthma riddles.
27454254	2016	BMC Genomics	Journal Article	Q9_copd_asthma_tf	Abstracts from the 3rd International Genomic Medicine Conference (3rd IGMC 2015) : Jeddah, Kingdom of Saudi Arabia. 30 November - 3 December 2015.
27453494	2016	Pulm Pharmacol Ther	Journal Article;Review	Q9_copd_asthma_tf	Molecularly targeted therapies for asthma: Current development, challenges and potential clinical translation.
27420972	2016	Genet Mol Res	Journal Article	Q9_copd_asthma_tf	Data integration for identification of important transcription factors of STAT6-mediated cell fate decisions.
27356682	2016	Asian Pac J Cancer Prev	Journal Article;Review	Q9_copd_asthma_tf	Curcumin: a Polyphenol with Molecular Targets for Cancer Control.
27188427	2016	Mol Biol Rep	Journal Article	Q9_copd_asthma_tf	Identifying a biomarker network for corticosteroid resistance in asthma from bronchoalveolar lavage samples.
27090934	2016	J Allergy Clin Immunol	Journal Article;Review	Q9_copd_asthma_tf	Advances and highlights in mechanisms of allergic disease in 2015.
27076634	2016	J Biol Chem	Journal Article;Research Support, N.I.H., Extramural;Research Support, Non-U.S. Gov't	Q9_copd_asthma_tf	Cistrome-based Cooperation between Airway Epithelial Glucocorticoid Receptor and NF-κB Orchestrates Anti-inflammatory Effects.
26711001	2016	J Sci Food Agric	Journal Article;Review	Q9_copd_asthma_tf	The potential of food protein-derived anti-inflammatory peptides against various chronic inflammatory diseases.
26684251	2016	Am J Physiol Lung Cell Mol Physiol	Journal Article;Research Support, N.I.H., Extramural;Research Support, Non-U.S. Gov't	Q9_copd_asthma_tf	Antimitogenic effect of bitter taste receptor agonists on airway smooth muscle cells.
26643666	2016	Med Hypotheses	Journal Article;Research Support, Non-U.S. Gov't	Q9_copd_asthma_tf	Salicylic acid derivatives as potential anti asthmatic agents using disease responsive drug delivery system for prophylactic therapy of allergic asthma.
25982578	2016	Allergol Immunopathol (Madr)	Journal Article;Observational Study	Q9_copd_asthma_tf	Analysis of FOXP3 gene in children with allergy and autoimmune diseases.
28874378	2017	Antimicrob Agents Chemother	Journal Article	Q2_scenic_lung	Mycobacterium abscessus WhiB7 Regulates a Species-Specific Repertoire of Genes To Confer Extreme Antibiotic Resistance.
28630063	2017	Infect Immun	Journal Article	Q2_scenic_lung	Listeria-Vectored Vaccine Expressing the Mycobacterium tuberculosis 30-Kilodalton Major Secretory Protein via the Constitutively Active prfA* Regulon Boosts Mycobacterium bovis BCG Efficacy against Tuberculosis.
28482027	2017	Nucleic Acids Res	Journal Article	Q2_scenic_lung	Cmr is a redox-responsive regulator of DosR that contributes to M. tuberculosis virulence.
28454650	2017	Tuberculosis (Edinb)	Comparative Study;Journal Article;Multicenter Study	Q2_scenic_lung	Significant under expression of the DosR regulon in M. tuberculosis complex lineage 6 in sputum.
28272457	2017	Sci Rep	Journal Article;Research Support, Non-U.S. Gov't	Q2_scenic_lung	Novel vaccine potential of Rv3131, a DosR regulon-encoded putative nitroreductase, against hyper-virulent Mycobacterium tuberculosis strain K.
28255560	2017	J Immunol Res	Journal Article	Q2_scenic_lung	Humoral Responses to Rv1733c, Rv0081, Rv1735c, and Rv1737c DosR Regulon-Encoded Proteins of Mycobacterium tuberculosis in Individuals with Latent Tuberculosis Infection.
28135421	2017	Am J Respir Cell Mol Biol	Journal Article;Research Support, N.I.H., Extramural;Research Support, Non-U.S. Gov't	Q2_scenic_lung	Hypoxia Sensing and Persistence Genes Are Expressed during the Intragranulomatous Survival of Mycobacterium tuberculosis.
27849178	2017	Infect Immun	Journal Article	Q2_scenic_lung	Modulation of Pertussis and Adenylate Cyclase Toxins by Sigma Factor RpoE in Bordetella pertussis.
28798251	2017	Am J Physiol Lung Cell Mol Physiol	Journal Article;Review	Q4_lung_atlas	LungMAP: The Molecular Atlas of Lung Development Program.
28408205	2017	Dev Biol	Journal Article;Research Support, N.I.H., Extramural	Q4_lung_atlas	Temporal, spatial, and phenotypical changes of PDGFRα expressing fibroblasts during late lung development.
30231727	2017	Ther Innov Regul Sci	Journal Article	Q4_lung_atlas	Ethical Considerations in Adaptive Design Clinical Trials.
28070014	2017	Thorax	Journal Article	Q4_lung_atlas	Lung Gene Expression Analysis (LGEA): an integrative web portal for comprehensive gene expression data analysis in lung development.
29237467	2017	BMC Syst Biol	Journal Article	Q9_copd_asthma_tf	Estimating drivers of cell state transitions using gene regulatory network models.
29032487	2017	Arch Pharm Res	Journal Article;Review	Q9_copd_asthma_tf	Pathological and therapeutic roles of innate lymphoid cells in diverse diseases.
28790817	2017	Int J Chron Obstruct Pulmon Dis	Journal Article;Review	Q9_copd_asthma_tf	Emerging pharmaceutical therapies for COPD.
28617945	2017	Immunology	Journal Article;Research Support, Non-U.S. Gov't	Q9_copd_asthma_tf	microRNA cluster 106a~363 is involved in T helper 17 cell differentiation.
28497800	2017	Nat Commun	Journal Article;Research Support, Non-U.S. Gov't	Q9_copd_asthma_tf	Reciprocal regulation of the Il9 locus by counteracting activities of transcription factors IRF1 and IRF4.
28484126	2017	J Smooth Muscle Res	Journal Article;Review	Q9_copd_asthma_tf	Mechanisms underlying the pathogenesis of hyper-contractility of bronchial smooth muscle in allergic asthma.
28420758	2017	Sci Signal	Journal Article	Q9_copd_asthma_tf	The FOXM1 inhibitor RCM-1 suppresses goblet cell metaplasia and prevents IL-13 and STAT6 signaling in allergen-exposed mice.
28383034	2017	Sci Rep	Journal Article	Q9_copd_asthma_tf	Pulmonary microRNA profiles identify involvement of Creb1 and Sec14l3 in bronchial epithelial changes in allergic asthma.
28375666	2017	Am J Respir Cell Mol Biol	Journal Article;Research Support, N.I.H., Extramural	Q9_copd_asthma_tf	Glucocorticoid Receptor ChIP-Seq Identifies PLCD1 as a KLF15 Target that Represses Airway Smooth Muscle Hypertrophy.
28344354	2017	Sci Rep	Journal Article;Research Support, Non-U.S. Gov't	Q9_copd_asthma_tf	HDAC1-3 inhibitor MS-275 enhances IL10 expression in RAW264.7 macrophages and reduces cigarette smoke-induced airway inflammation in mice.
28320933	2017	Proc Natl Acad Sci U S A	Journal Article;Research Support, Non-U.S. Gov't	Q9_copd_asthma_tf	Activin-A co-opts IRF4 and AhR signaling to induce human regulatory T cells that restrain asthmatic responses.
28235772	2017	J Leukoc Biol	Journal Article	Q9_copd_asthma_tf	Frontline Science: Shh production and Gli signaling is activated in vivo in lung, enhancing the Th2 response during a murine model of allergic asthma.
28220305	2017	Lung	Journal Article	Q9_copd_asthma_tf	Homeobox, Wnt, and Fibroblast Growth Factor Signaling is Augmented During Alveogenesis in Mice Lacking Superoxide Dismutase 3, Extracellular.
27939939	2017	Pharmacol Ther	Journal Article;Review	Q9_copd_asthma_tf	CD38 in the pathogenesis of allergic airway disease: Potential therapeutic targets.
27910098	2017	Eur J Immunol	Journal Article	Q9_copd_asthma_tf	GATA-3-specific DNAzyme - A novel approach for stratified asthma therapy.
27864288	2017	Am J Physiol Lung Cell Mol Physiol	Journal Article;Review;Research Support, Non-U.S. Gov't	Q9_copd_asthma_tf	The role of nuclear factor-erythroid 2 related factor 2 (Nrf-2) in the protection against lung injury.
27842724	2017	Allergol Immunopathol (Madr)	Journal Article	Q9_copd_asthma_tf	Uncovering potential key genes associated with the pathogenesis of asthma: A microarray analysis of asthma-relevant tissues.
30335144	2018	Genome Biol Evol	Journal Article;Research Support, N.I.H., Extramural;Research Support, Non-U.S. Gov't	Q2_scenic_lung	Moraxella catarrhalis Restriction-Modification Systems Are Associated with Phylogenetic Lineage and Disease.
30297364	2018	Antimicrob Agents Chemother	Journal Article;Research Support, N.I.H., Extramural	Q2_scenic_lung	Two Regulators, PA3898 and PA2100, Modulate the Pseudomonas aeruginosa Multidrug Resistance MexAB-OprM and EmrAB Efflux Pumps and Biofilm Formation.
30165663	2018	Nucleic Acids Res	Journal Article;Research Support, Non-U.S. Gov't	Q2_scenic_lung	High-resolution analysis of the pneumococcal transcriptome under a wide range of infection-relevant conditions.
29995308	2018	Mol Microbiol	Journal Article;Research Support, N.I.H., Extramural	Q2_scenic_lung	Novel dual regulators of Pseudomonas aeruginosa essential for productive biofilms and virulence.
29775484	2018	PLoS Pathog	Journal Article;Research Support, Non-U.S. Gov't	Q2_scenic_lung	Pseudomonas aeruginosa type IV minor pilins and PilY1 regulate virulence by modulating FimS-AlgR activity.
29717063	2018	Sci Signal	Journal Article;Research Support, N.I.H., Extramural;Research Support, Non-U.S. Gov't	Q2_scenic_lung	Nuclear PTEN enhances the maturation of a microRNA regulon to limit MyD88-dependent susceptibility to sepsis.
29608794	2018	Mol Microbiol	Journal Article;Research Support, N.I.H., Extramural;Research Support, Non-U.S. Gov't	Q2_scenic_lung	Genome-wide analysis of the regulation of Cu metabolism in Cryptococcus neoformans.
29310595	2018	BMC Infect Dis	Journal Article;Research Support, Non-U.S. Gov't	Q2_scenic_lung	Potential of DosR and Rpf antigens from Mycobacterium tuberculosis to discriminate between latent and active tuberculosis in a tuberculosis endemic population of Medellin Colombia.
30194354	2018	Sci Rep	Journal Article;Research Support, N.I.H., Extramural;Research Support, U.S. Gov't, Non-P.H.S.	Q4_lung_atlas	Cell type-resolved human lung lipidome reveals cellular cooperation in lung function.
29975103	2018	Am J Physiol Lung Cell Mol Physiol	Journal Article;Research Support, N.I.H., Extramural	Q4_lung_atlas	Dissociation, cellular isolation, and initial molecular characterization of neonatal and pediatric human lung tissues.
29516783	2018	Am J Physiol Lung Cell Mol Physiol	Journal Article;Research Support, N.I.H., Extramural;Research Support, U.S. Gov't, Non-P.H.S.	Q4_lung_atlas	Time-resolved proteome profiling of normal lung development.
29329112	2018	Curr Opin Oncol	Journal Article;Research Support, N.I.H., Extramural;Research Support, Non-U.S. Gov't;Review	Q4_lung_atlas	Master protocols in lung cancer: experience from Lung Master Protocol.
30531792	2018	Sci Rep	Journal Article;Research Support, Non-U.S. Gov't	Q5_lung_chipseq_tf	Chromatin accessibility identifies diversity in mesenchymal stem cells from different tissue origins.
30873483	2018	J Clin Transl Res	Journal Article	Q8_ipf_tf	CCAAT/enhancer binding protein delta (C/EBPδ) deficiency does not affect bleomycin-induced pulmonary fibrosis.
30560874	2018	Sci Rep	Journal Article;Research Support, Non-U.S. Gov't	Q8_ipf_tf	HIF-1α triggers ER stress and CHOP-mediated apoptosis in alveolar epithelial cells, a key event in pulmonary fibrosis.
30481203	2018	PLoS One	Comparative Study;Journal Article;Research Support, Non-U.S. Gov't	Q8_ipf_tf	Comparison of the antifibrotic effects of the pan-histone deacetylase-inhibitor panobinostat versus the IPF-drug pirfenidone in fibroblasts from patients with idiopathic pulmonary fibrosis.
30257954	2018	Sci Transl Med	Journal Article;Research Support, N.I.H., Extramural;Research Support, Non-U.S. Gov't;Research Support, U.S. Gov't, Non-P.H.S.	Q8_ipf_tf	PD-1 up-regulation on CD4(+) T cells promotes pulmonary fibrosis through STAT3-mediated IL-17A and TGF-β1 production.
30135315	2018	JCI Insight	Journal Article;Research Support, N.I.H., Extramural;Research Support, Non-U.S. Gov't;Research Support, U.S. Gov't, Non-P.H.S.;Video-Audio Media	Q8_ipf_tf	Wilms' tumor 1 drives fibroproliferation and myofibroblast transformation in severe fibrotic lung disease.
31026806	2018	Immunohorizons	Journal Article;Research Support, N.I.H., Extramural;Research Support, Non-U.S. Gov't	Q9_copd_asthma_tf	Transcription Factor STAT3 Serves as a Negative Regulator Controlling IgE Class Switching in Mice.
30294969	2018	Immunol Rev	Journal Article;Research Support, Non-U.S. Gov't;Review	Q9_copd_asthma_tf	New insights into the function, development, and plasticity of type 2 innate lymphoid cells.
30208640	2018	Int J Mol Sci	Journal Article;Review	Q9_copd_asthma_tf	Peptides as Therapeutic Agents for Inflammatory-Related Diseases.
30143676	2018	Sci Rep	Journal Article;Research Support, N.I.H., Extramural	Q9_copd_asthma_tf	Integrative epigenomic analysis in differentiated human primary bronchial epithelial cells exposed to cigarette smoke.
30068332	2018	Respir Res	Journal Article;Research Support, Non-U.S. Gov't	Q9_copd_asthma_tf	Influenza A virus infection dysregulates the expression of microRNA-22 and its targets; CD147 and HDAC4, in epithelium of asthmatics.
30038846	2018	Am J Clin Exp Immunol	Journal Article;Review	Q9_copd_asthma_tf	The effect of icariin on immunity and its potential application.
29757677	2018	Am J Respir Cell Mol Biol	Journal Article;Research Support, Non-U.S. Gov't	Q9_copd_asthma_tf	MicroRNA Dysregulation in Pulmonary Arteries from Chronic Obstructive Pulmonary Disease. Relationships with Vascular Remodeling.
29603290	2018	Bioessays	Journal Article;Research Support, N.I.H., Extramural;Review	Q9_copd_asthma_tf	BET-ting on Nrf2: How Nrf2 Signaling can Influence the Therapeutic Activities of BET Protein Inhibitors.
29506519	2018	BMC Pulm Med	Journal Article	Q9_copd_asthma_tf	RNAseq analysis of bronchial epithelial cells to identify COPD-associated genes and SNPs.
29378629	2018	Genome Med	Journal Article;Research Support, N.I.H., Extramural;Research Support, Non-U.S. Gov't	Q9_copd_asthma_tf	An integrative functional genomics framework for effective identification of novel regulatory variants in genome-phenome studies.
29305433	2018	J Immunol	Journal Article;Research Support, Non-U.S. Gov't	Q9_copd_asthma_tf	PINX1 and TERT Are Required for TNF-α-Induced Airway Smooth Muscle Chemokine Gene Expression.
29215200	2018	J Cachexia Sarcopenia Muscle	Journal Article;Research Support, Non-U.S. Gov't	Q9_copd_asthma_tf	miR-424-5p reduces ribosomal RNA and protein synthesis in muscle wasting.
28842273	2018	Pharmacol Ther	Journal Article;Review	Q9_copd_asthma_tf	Oxidative stress and cellular pathways of asthma and inflammation: Therapeutic strategies and pharmacological targets.
28736268	2018	J Allergy Clin Immunol	Journal Article;Multicenter Study;Randomized Controlled Trial;Research Support, N.I.H., Extramural	Q9_copd_asthma_tf	Differential connectivity of gene regulatory networks distinguishes corticosteroid response in asthma.
31685916	2019	Sci Rep	Journal Article;Research Support, N.I.H., Extramural;Research Support, Non-U.S. Gov't	Q2_scenic_lung	Non-typeable Haemophilus influenzae isolates from patients with chronic obstructive pulmonary disease contain new phase-variable modA methyltransferase alleles controlling phasevarions.
31653701	2019	J Biol Chem	Journal Article;Research Support, Non-U.S. Gov't	Q2_scenic_lung	The sensor kinase MtrB of Mycobacterium tuberculosis regulates hypoxic survival and establishment of infection.
31503425	2019	Cancer Med	Journal Article;Research Support, Non-U.S. Gov't	Q2_scenic_lung	Integrated transcriptomics reveals master regulators of lung adenocarcinoma and novel repositioning of drug candidates.
31228643	2019	Infect Genet Evol	Journal Article;Research Support, Non-U.S. Gov't	Q2_scenic_lung	Immunogenicity of late stage specific peptide antigens of Mycobacterium tuberculosis.
30711045	2019	Comp Immunol Microbiol Infect Dis	Journal Article	Q2_scenic_lung	Rv2626c and Rv2032 activate TH1 response and downregulate regulatory T cells in peripheral blood mononuclear cells of tuberculosis patients.
30536836	2019	J Cell Physiol	Journal Article;Research Support, Non-U.S. Gov't	Q2_scenic_lung	microRNA-148a-3p inhibited the proliferation and epithelial-mesenchymal transition progression of non-small-cell lung cancer via modulating Ras/MAPK/Erk signaling.
31651362	2019	J Biomed Semantics	Comparative Study;Journal Article;Research Support, N.I.H., Extramural	Q4_lung_atlas	Comprehensive anatomic ontologies for lung development: A comparison of alveolar formation and maturation within mouse and human lung.
31443704	2019	BMC Med Ethics	Journal Article;Research Support, Non-U.S. Gov't	Q4_lung_atlas	Umbrella and basket trials in oncology: ethical challenges.
31335391	2019	Cancer J	Journal Article;Review	Q4_lung_atlas	National Cancer Institute Basket/Umbrella Clinical Trials: MATCH, LungMAP, and Beyond.
31302234	2019	J Thorac Oncol	Clinical Trial, Phase II;Journal Article;Randomized Controlled Trial;Research Support, N.I.H., Extramural;Research Support, Non-U.S. Gov't;Adaptive Clinical Trial	Q4_lung_atlas	SWOG S1400C (NCT02154490)-A Phase II Study of Palbociclib for Previously Treated Cell Cycle Gene Alteration-Positive Patients with Stage IV Squamous Cell Lung Cancer (Lung-MAP Substudy).
31272105	2019	Hum Mol Genet	Journal Article;Research Support, N.I.H., Extramural	Q4_lung_atlas	Loss of FLCN inhibits canonical WNT signaling via TFE3.
31195180	2019	J Thorac Oncol	Clinical Trial, Phase II;Journal Article;Research Support, N.I.H., Extramural;Research Support, Non-U.S. Gov't	Q4_lung_atlas	SWOG S1400D (NCT02965378), a Phase II Study of the Fibroblast Growth Factor Receptor Inhibitor AZD4547 in Previously Treated Patients With Fibroblast Growth Factor Pathway-Activated Stage IV Squamous Cell Lung Cancer (Lung-MAP Substudy).
31158500	2019	J Thorac Oncol	Clinical Trial, Phase II;Journal Article;Research Support, N.I.H., Extramural;Research Support, Non-U.S. Gov't	Q4_lung_atlas	SWOG S1400B (NCT02785913), a Phase II Study of GDC-0032 (Taselisib) for Previously Treated PI3K-Positive Patients with Stage IV Squamous Cell Lung Cancer (Lung-MAP Sub-Study).
30995076	2019	Am J Respir Cell Mol Biol	Journal Article;Research Support, N.I.H., Extramural;Research Support, Non-U.S. Gov't;Research Support, U.S. Gov't, Non-P.H.S.;Review	Q4_lung_atlas	The Human Lung Cell Atlas: A High-Resolution Reference Map of the Human Lung in Health and Disease.
30596133	2019	Data Brief	Journal Article	Q4_lung_atlas	Spatial distribution of marker gene activity in the mouse lung during alveolarization.
31557407	2019	J Cell Mol Med	Journal Article;Research Support, N.I.H., Extramural;Research Support, Non-U.S. Gov't	Q5_lung_chipseq_tf	Coordinate regulation of ELF5 and EHF at the chr11p13 CF modifier region.
30917677	2019	Arterioscler Thromb Vasc Biol	Journal Article;Research Support, N.I.H., Extramural;Research Support, Non-U.S. Gov't	Q5_lung_chipseq_tf	Atheroprotective Flow Upregulates ITPR3 (Inositol 1,4,5-Trisphosphate Receptor 3) in Vascular Endothelium via KLF4 (Krüppel-Like Factor 4)-Mediated Histone Modifications.
30650370	2019	Immunity	Journal Article;Research Support, N.I.H., Intramural	Q5_lung_chipseq_tf	Retinoic Acid Receptor Alpha Represses a Th9 Transcriptional and Epigenomic Program to Reduce Allergic Pathology.
31848318	2019	Sci Signal	Journal Article;Research Support, N.I.H., Extramural;Research Support, Non-U.S. Gov't	Q8_ipf_tf	Hexokinase 2 couples glycolysis with the profibrotic actions of TGF-β.
31829168	2019	Respir Res	Journal Article	Q8_ipf_tf	Targeted regulation of fibroblast state by CRISPR-mediated CEBPA expression.
31600171	2019	JCI Insight	Journal Article;Research Support, N.I.H., Extramural;Research Support, Non-U.S. Gov't	Q8_ipf_tf	Transcriptional regulatory model of fibrosis progression in the human lung.
31545224	2019	Biomed Pharmacother	Journal Article	Q8_ipf_tf	Expression of GR-α and HDAC2 in steroid-Sensitive and steroid-Insensitive interstitial lung disease.
31443657	2019	Respir Res	Journal Article	Q8_ipf_tf	Characterization of an immortalized human small airway basal stem/progenitor cell line with airway region-specific differentiation capacity.
31416082	2019	Respiration	Journal Article	Q8_ipf_tf	Cigarette Smoke Extract Promotes Human Lung Myofibroblast Differentiation by the Induction of Endoplasmic Reticulum Stress.
31391462	2019	Cell Death Dis	Journal Article;Research Support, Non-U.S. Gov't	Q8_ipf_tf	Autophagy inhibition-mediated epithelial-mesenchymal transition augments local myofibroblast differentiation in pulmonary fibrosis.
31339889	2019	PLoS One	Journal Article;Research Support, Non-U.S. Gov't	Q8_ipf_tf	Nintedanib ameliorates experimental pulmonary arterial hypertension via inhibition of endothelial mesenchymal transition and smooth muscle cell proliferation.
31228816	2019	Int Immunopharmacol	Journal Article	Q8_ipf_tf	Inhibitory effects of pirfenidone on fibroblast to myofibroblast transition in rheumatoid arthritis-associated interstitial lung disease via the downregulation of activating transcription factor 3 (ATF3).
31135379	2019	J Clin Invest	Journal Article;Research Support, Non-U.S. Gov't	Q8_ipf_tf	Fra-2-expressing macrophages promote lung fibrosis in mice.
31119153	2019	Biomed Res Int	Journal Article	Q8_ipf_tf	Bromodomain and Extraterminal (BET) Protein Inhibition Restores Redox Balance and Inhibits Myofibroblast Activation.
31032902	2019	Int J Cancer	Journal Article;Research Support, Non-U.S. Gov't	Q8_ipf_tf	Abrogation of myofibroblast activities in metastasis and fibrosis by methyltransferase inhibition.
31025089	2019	J Mol Med (Berl)	Journal Article;Research Support, Non-U.S. Gov't	Q8_ipf_tf	Regulation and role of the ER stress transcription factor CHOP in alveolar epithelial type-II cells.
30875855	2019	Int J Mol Sci	Journal Article	Q8_ipf_tf	ER Stress is Involved in Epithelial-To-Mesenchymal Transition of Alveolar Epithelial Cells Exposed to a Hypoxic Microenvironment.
30728889	2019	Oxid Med Cell Longev	Journal Article;Review	Q8_ipf_tf	Role of Nrf2 and Its Activators in Respiratory Diseases.
30709904	2019	J Biol Chem	Journal Article;Research Support, N.I.H., Extramural;Research Support, Non-U.S. Gov't	Q8_ipf_tf	MicroRNA-144-3p targets relaxin/insulin-like family peptide receptor 1 (RXFP1) expression in lung fibroblasts from patients with idiopathic pulmonary fibrosis.
30626759	2019	JCI Insight	Journal Article	Q8_ipf_tf	Transcriptome network analysis identifies protective role of the LXR/SREBP-1c axis in murine pulmonary fibrosis.
30608861	2019	Am J Respir Cell Mol Biol	Journal Article;Research Support, Non-U.S. Gov't	Q8_ipf_tf	STAT3 Regulates the Onset of Oxidant-induced Senescence in Lung Fibroblasts.
30548445	2019	Aging Cell	Journal Article;Research Support, Non-U.S. Gov't	Q8_ipf_tf	Loss of PTEN induces lung fibrosis via alveolar epithelial cell senescence depending on NF-κB activation.
30366970	2019	Thorax	Journal Article;Research Support, N.I.H., Extramural;Research Support, Non-U.S. Gov't	Q8_ipf_tf	Gene correlation network analysis to identify regulatory factors in idiopathic pulmonary fibrosis.
30317545	2019	J Cell Physiol	Journal Article;Research Support, Non-U.S. Gov't	Q8_ipf_tf	Arsenic trioxide inhibits the differentiation of fibroblasts to myofibroblasts through nuclear factor erythroid 2-like 2 (NFE2L2) protein and the Smad2/3 pathway.
31871532	2019	World Allergy Organ J	Journal Article	Q9_copd_asthma_tf	Calcium-activated chloride channel regulator 1 (CLCA1): More than a regulator of chloride transport and mucus production.
31506535	2019	Sci Rep	Journal Article;Research Support, N.I.H., Extramural;Research Support, Non-U.S. Gov't	Q9_copd_asthma_tf	NeTFactor, a framework for identifying transcriptional regulators of gene expression-based biomarkers.
31443458	2019	Int J Mol Sci	Journal Article;Review	Q9_copd_asthma_tf	An Update on Pharmacological Potential of Boswellic Acids against Chronic Diseases.
31430856	2019	Int J Mol Sci	Journal Article	Q9_copd_asthma_tf	Consistent Biomarkers and Related Pathogenesis Underlying Asthma Revealed by Systems Biology Approach.
31299012	2019	Aging (Albany NY)	Journal Article;Research Support, Non-U.S. Gov't	Q9_copd_asthma_tf	Ambient particulate matter attenuates Sirtuin1 and augments SREBP1-PIR axis to induce human pulmonary fibroblast inflammation: molecular mechanism of microenvironment associated with COPD.
31238128	2019	Free Radic Biol Med	Journal Article;Research Support, N.I.H., Extramural;Research Support, Non-U.S. Gov't	Q9_copd_asthma_tf	Repression of Nrf2/ARE regulated antioxidant genes and dysregulation of the cellular redox environment by the HIV Transactivator of Transcription.
31231429	2019	Front Genet	Journal Article	Q9_copd_asthma_tf	Next Generation Sequencing for Long Non-coding RNAs Profile for CD4(+) T Cells in the Mouse Model of Acute Asthma.
30543305	2019	Am J Physiol Lung Cell Mol Physiol	Journal Article;Research Support, Non-U.S. Gov't;Review	Q9_copd_asthma_tf	Regulators of A20 (TNFAIP3): new drug-able targets in inflammation.
30539779	2019	Cytokine	Journal Article;Research Support, Non-U.S. Gov't	Q9_copd_asthma_tf	Genetic variants in RORA are associated with asthma and allergy markers in an admixed population.
30067380	2019	FASEB J	Journal Article;Research Support, N.I.H., Extramural	Q9_copd_asthma_tf	TRPC1 intensifies house dust mite-induced airway remodeling by facilitating epithelial-to-mesenchymal transition and STAT3/NF-κB signaling.
33443761	2020	Tijdschr Psychiatr	Case Reports;Journal Article	Q2_scenic_lung	[Visual hallucinations, misidentification and reduplication of time: a sense of distorted reality due to a cerebral metastasis].
32634088	2020	Microbiology (Reading)	Journal Article;Research Support, N.I.H., Extramural;Research Support, Non-U.S. Gov't	Q2_scenic_lung	The histone-like protein AlgP regulon is distinct in mucoid and nonmucoid Pseudomonas aeruginosa and does not include alginate biosynthesis genes.
32451429	2020	Sci Rep	Journal Article	Q2_scenic_lung	MyomirDB: A unified database and server platform for muscle atrophy myomiRs, coregulatory networks and regulons.
32265330	2020	mBio	Journal Article;Research Support, N.I.H., Extramural;Research Support, Non-U.S. Gov't	Q2_scenic_lung	RhlR-Regulated Acyl-Homoserine Lactone Quorum Sensing in a Cystic Fibrosis Isolate of Pseudomonas aeruginosa.
32117257	2020	Front Immunol	Journal Article;Research Support, Non-U.S. Gov't	Q2_scenic_lung	Cell-Mediated Immune Responses to in vivo-Expressed and Stage-Specific Mycobacterium tuberculosis Antigens in Latent and Active Tuberculosis Across Different Age Groups.
31988172	2020	Infect Immun	Journal Article;Research Support, N.I.H., Extramural;Research Support, Non-U.S. Gov't	Q2_scenic_lung	Streptococcus pneumoniae Elaborates Persistent and Prolonged Competent State during Pneumonia-Derived Sepsis.
33177594	2020	Sci Rep	Journal Article;Research Support, Non-U.S. Gov't	Q4_lung_atlas	SARS-CoV-2 receptor is co-expressed with elements of the kinin-kallikrein, renin-angiotensin and coagulation systems in alveolar cells.
33125909	2020	Lancet Oncol	Clinical Trial;Journal Article;Multicenter Study;Research Support, N.I.H., Extramural;Research Support, Non-U.S. Gov't	Q4_lung_atlas	Biomarker-driven therapies for previously treated squamous non-small-cell lung cancer (Lung-MAP SWOG S1400): a biomarker-driven master protocol.
32442602	2020	Matrix Biol	Journal Article	Q4_lung_atlas	The elephant in the lung: Integrating lineage-tracing, molecular markers, and single cell sequencing data to identify distinct fibroblast populations during lung development and regeneration.
32317643	2020	Nat Commun	Journal Article;Research Support, N.I.H., Extramural;Research Support, Non-U.S. Gov't	Q4_lung_atlas	Collagen-producing lung cell atlas identifies multiple subsets with distinct localization and relevance to fibrosis.
32154289	2020	ERJ Open Res	Journal Article;Review	Q4_lung_atlas	ERS International Congress, Madrid, 2019: highlights from the Basic and Translational Science Assembly.
31855703	2020	Lung Cancer	Journal Article;Research Support, Non-U.S. Gov't	Q4_lung_atlas	Next-generation sequencing informs diagnosis and identifies unexpected therapeutic targets in lung squamous cell carcinomas.
32493933	2020	Nat Commun	Journal Article;Research Support, N.I.H., Extramural;Research Support, Non-U.S. Gov't	Q5_lung_chipseq_tf	Activation of JUN in fibroblasts promotes pro-fibrotic programme and modulates protective immunity.
32415222	2020	Acta Pharmacol Sin	Journal Article	Q5_lung_chipseq_tf	Chromatin accessibility analysis reveals that TFAP2A promotes angiogenesis in acquired resistance to anlotinib in lung cancer cells.
32251359	2020	Sci Rep	Journal Article;Research Support, U.S. Gov't, Non-P.H.S.	Q5_lung_chipseq_tf	Systematic alteration of ATAC-seq for profiling open chromatin in cryopreserved nuclei preparations from livestock tissues.
32143622	2020	BMC Med Genomics	Journal Article;Research Support, N.I.H., Extramural;Research Support, U.S. Gov't, Non-P.H.S.	Q5_lung_chipseq_tf	Specific chromatin landscapes and transcription factors couple breast cancer subtype with metastatic relapse to lung or brain.
33391253	2020	Front Immunol	Journal Article;Review	Q8_ipf_tf	Signaling Pathways Implicated in Carbon Nanotube-Induced Lung Inflammation.
32946266	2020	Am J Respir Cell Mol Biol	Journal Article;Research Support, Non-U.S. Gov't	Q8_ipf_tf	FOXL1 Regulates Lung Fibroblast Function via Multiple Mechanisms.
32857676	2020	Tissue Barriers	Journal Article;Research Support, Non-U.S. Gov't	Q8_ipf_tf	HMGB1 enhances epithelial permeability via p63/TGF-β signaling in lung and terminal bronchial epithelial cells.
32848140	2020	Cell Death Dis	Journal Article;Research Support, Non-U.S. Gov't	Q8_ipf_tf	LncRNA Hoxaas3 promotes lung fibroblast activation and fibrosis by targeting miR-450b-5p to regulate Runx1.
32761869	2020	EMBO Mol Med	Journal Article;Research Support, N.I.H., Extramural	Q8_ipf_tf	Inhibition of Aurora Kinase B attenuates fibroblast activation and pulmonary fibrosis.
32708589	2020	Int J Mol Sci	Journal Article	Q8_ipf_tf	The Transcription Factor SCX is a Potential Serum Biomarker of Fibrotic Diseases.
32668192	2020	Am J Respir Cell Mol Biol	Journal Article;Research Support, N.I.H., Extramural;Research Support, Non-U.S. Gov't;Research Support, U.S. Gov't, Non-P.H.S.	Q8_ipf_tf	TGF-β Promotes Metabolic Reprogramming in Lung Fibroblasts via mTORC1-dependent ATF4 Activation.
32596346	2020	Biomed Res Int	Journal Article	Q8_ipf_tf	Integrated Analysis of a Gene Correlation Network Identifies Critical Regulation of Fibrosis by lncRNAs and TFs in Idiopathic Pulmonary Fibrosis.
32572892	2020	Eur Rev Med Pharmacol Sci	Journal Article;Research Support, Non-U.S. Gov't	Q8_ipf_tf	MiR-340-5p mitigates the proliferation and activation of fibroblast in lung fibrosis by targeting TGF-β/p38/ATF1 signaling pathway.
32551949	2020	Am J Respir Cell Mol Biol	Journal Article;Research Support, N.I.H., Extramural;Research Support, Non-U.S. Gov't;Research Support, U.S. Gov't, Non-P.H.S.	Q8_ipf_tf	ATF4 Mediates Mitochondrial Unfolded Protein Response in Alveolar Epithelial Cells.
32396525	2020	Aging (Albany NY)	Journal Article	Q8_ipf_tf	Transcription factor YY1 inhibits the expression of THY1 to promote interstitial pulmonary fibrosis by activating the HSF1/miR-214 axis.
32349726	2020	BMC Pulm Med	Journal Article	Q8_ipf_tf	The dietary antioxidant quercetin reduces hallmarks of bleomycin-induced lung fibrogenesis in mice.
32315288	2020	JCI Insight	Journal Article;Research Support, N.I.H., Extramural;Research Support, Non-U.S. Gov't	Q8_ipf_tf	Age-dependent regulation of cell-mediated collagen turnover.
32271749	2020	PLoS Genet	Journal Article;Research Support, N.I.H., Extramural	Q8_ipf_tf	Loss of FOXM1 in macrophages promotes pulmonary fibrosis by activating p38 MAPK signaling pathway.
32135188	2020	Cell Signal	Journal Article;Research Support, Non-U.S. Gov't;Review	Q8_ipf_tf	Non-coding RNAs and nuclear architecture during epithelial-mesenchymal transition in lung cancer and idiopathic pulmonary fibrosis.
32000779	2020	Respir Res	Journal Article	Q8_ipf_tf	Periostin plays a critical role in the cell cycle in lung fibroblasts.
31962055	2020	Am J Respir Cell Mol Biol	Journal Article;Research Support, N.I.H., Extramural;Research Support, U.S. Gov't, Non-P.H.S.	Q8_ipf_tf	Impaired Myofibroblast Dedifferentiation Contributes to Nonresolving Fibrosis in Aging.
31879343	2020	Proc Natl Acad Sci U S A	Journal Article;Research Support, Non-U.S. Gov't	Q8_ipf_tf	The circadian clock protein REVERBα inhibits pulmonary fibrosis development.
31877385	2020	Int J Biochem Cell Biol	Journal Article;Research Support, N.I.H., Extramural;Research Support, Non-U.S. Gov't	Q8_ipf_tf	Loss of ELK1 has differential effects on age-dependent organ fibrosis.
31874933	2020	J Investig Med	Journal Article;Research Support, Non-U.S. Gov't	Q8_ipf_tf	FOXO3a is stabilized by USP18-mediated de-ISGylation and inhibits TGF-β1-induced fibronectin expression.
32982206	2020	Int J Chron Obstruct Pulmon Dis	Journal Article	Q9_copd_asthma_tf	Construction of Potential miRNA-mRNA Regulatory Network in COPD Plasma by Bioinformatics Analysis.
32966991	2020	Public Health Genomics	Systematic Review;Journal Article	Q9_copd_asthma_tf	SNPs in Sites for DNA Methylation, Transcription Factor Binding, and miRNA Targets Leading to Allele-Specific Gene Expression and Contributing to Complex Disease Risk: A Systematic Review.
32770056	2020	Sci Rep	Journal Article;Meta-Analysis;Research Support, Non-U.S. Gov't	Q9_copd_asthma_tf	Transcriptomic analysis delineates potential signature genes and miRNAs associated with the pathogenesis of asthma.
32732938	2020	Sci Rep	Journal Article;Research Support, N.I.H., Extramural	Q9_copd_asthma_tf	Immune network dysregulation precedes clinical diagnosis of asthma.
32705270	2020	Mol Med Rep	Journal Article	Q9_copd_asthma_tf	Genome‑wide analysis of DNA methylation and gene expression changes in an ovalbumin‑induced asthma mouse model.
32574817	2020	Nitric Oxide	Journal Article;Research Support, Non-U.S. Gov't;Review	Q9_copd_asthma_tf	Electrophilic nitrated fatty acids are potential therapeutic candidates for inflammatory and fibrotic lung diseases.
32565880	2020	Comput Math Methods Med	Journal Article	Q9_copd_asthma_tf	CUL1-Mediated Organelle Fission Pathway Inhibits the Development of Chronic Obstructive Pulmonary Disease.
32543224	2020	Epigenomics	Journal Article;Research Support, Non-U.S. Gov't	Q9_copd_asthma_tf	Identification of CDC5L as bridge gene between chronic obstructive pulmonary disease and lung adenocarcinoma.
32175425	2020	Ann Transl Med	Journal Article;Review	Q9_copd_asthma_tf	The application of proteomics in the diagnosis and treatment of bronchial asthma.
32055858	2020	Database (Oxford)	Journal Article;Research Support, Non-U.S. Gov't	Q9_copd_asthma_tf	GREG-studying transcriptional regulation using integrative graph databases.
35127731	2021	Front Cell Dev Biol	Journal Article	Q2_scenic_lung	Single-Cell RNA-Seq Reveals the Promoting Role of Ferroptosis Tendency During Lung Adenocarcinoma EMT Progression.
34804043	2021	Front Immunol	Journal Article;Research Support, Non-U.S. Gov't	Q2_scenic_lung	Single-Cell RNA Sequencing Reveals the Heterogeneity of Tumor-Associated Macrophage in Non-Small Cell Lung Cancer and Differences Between Sexes.
34721344	2021	Front Microbiol	Journal Article	Q2_scenic_lung	Transcriptional Response of Mycobacterium tuberculosis to Cigarette Smoke Condensate.
33989345	2021	PLoS Pathog	Journal Article;Research Support, N.I.H., Extramural;Research Support, U.S. Gov't, Non-P.H.S.	Q2_scenic_lung	Zinc limitation triggers anticipatory adaptations in Mycobacterium tuberculosis.
33300860	2021	J Med Microbiol	Journal Article	Q2_scenic_lung	Differential susceptibility of airway and ocular surface cell lines to FlhDC-mediated virulence factors PhlA and ShlA from Serratia marcescens.
34873160	2021	Nat Commun	Journal Article;Research Support, Non-U.S. Gov't	Q4_lung_atlas	Single cell atlas for 11 non-model mammals, reptiles and birds.
34429332	2021	J Immunother Cancer	Clinical Trial, Phase II;Journal Article;Multicenter Study;Research Support, N.I.H., Extramural	Q4_lung_atlas	Phase II study of durvalumab plus tremelimumab as therapy for patients with previously treated anti-PD-1/PD-L1 resistant stage IV squamous cell lung cancer (Lung-MAP substudy S1400F, NCT03373760).
34356057	2021	Genes (Basel)	Journal Article;Research Support, Non-U.S. Gov't	Q4_lung_atlas	Bioinformatics Analysis of Allele Frequencies and Expression Patterns of ACE2, TMPRSS2 and FURIN in Different Populations and Susceptibility to SARS-CoV-2.
34264316	2021	JAMA Oncol	Clinical Trial, Phase III;Journal Article;Randomized Controlled Trial;Research Support, N.I.H., Extramural	Q4_lung_atlas	Nivolumab Plus Ipilimumab vs Nivolumab for Previously Treated Patients With Stage IV Squamous Cell Lung Cancer: The Lung-MAP S1400I Phase 3 Randomized Clinical Trial.
33879399	2021	Clin Lung Cancer	Editorial	Q4_lung_atlas	Novel Clinical Trial Designs in Pursuit of Precision Oncology: Lung-MAP As a Model.
33797955	2021	JCO Oncol Pract	Journal Article;Research Support, N.I.H., Extramural;Research Support, Non-U.S. Gov't	Q4_lung_atlas	Patient Knowledge and Expectations About Return of Genomic Results in a Biomarker-Driven Master Protocol Trial (SWOG S1400GEN).
33795635	2021	Signal Transduct Target Ther	Journal Article;Research Support, Non-U.S. Gov't;Comment	Q4_lung_atlas	Therapeutic utility of Lung-MAP: ushering into an era of genomic and biomarker-driven clinical trials.
33644039	2021	Front Cell Dev Biol	Journal Article	Q4_lung_atlas	FOntCell: Fusion of Ontologies of Cells.
33583720	2021	Clin Lung Cancer	Clinical Trial, Phase II;Journal Article;Research Support, N.I.H., Extramural	Q4_lung_atlas	Phase 2 Study of Talazoparib in Patients With Homologous Recombination Repair-Deficient Squamous Cell Lung Cancer: Lung-MAP Substudy S1400G.
33358401	2021	Clin Lung Cancer	Clinical Trial, Phase II;Journal Article;Randomized Controlled Trial;Research Support, N.I.H., Extramural;Research Support, Non-U.S. Gov't	Q4_lung_atlas	SWOG S1400A (NCT02154490): A Phase II Study of Durvalumab for Patients With Previously Treated Stage IV or Recurrent Squamous Cell Lung Cancer (Lung-MAP Sub-study).
33221175	2021	Clin Lung Cancer	Clinical Trial, Phase II;Journal Article;Research Support, N.I.H., Extramural	Q4_lung_atlas	A Phase II Study of Telisotuzumab Vedotin in Patients With c-MET-positive Stage IV or Recurrent Squamous Cell Lung Cancer (LUNG-MAP Sub-study S1400K, NCT03574753).
34745971	2021	Front Oncol	Journal Article	Q5_lung_chipseq_tf	Integrated Multiomics Analyses Revealing Different Molecular Profiles Between Early- and Late-Stage Lung Adenocarcinoma.
34686316	2021	Mol Cell	Journal Article;Research Support, N.I.H., Extramural	Q5_lung_chipseq_tf	Simple oligonucleotide-based multiplexing of single-cell chromatin accessibility.
34664989	2021	Epigenomics	Editorial;Research Support, Non-U.S. Gov't;Research Support, U.S. Gov't, Non-P.H.S.	Q5_lung_chipseq_tf	Beyond the transcription factor: the under-studied role of epigenomics in lung differentiation.
34513309	2021	Mol Ther Nucleic Acids	Journal Article	Q5_lung_chipseq_tf	Chromatin accessibility regulates chemotherapy-induced dormancy and reactivation.
33423291	2021	Clin Exp Immunol	Journal Article;Research Support, Non-U.S. Gov't	Q5_lung_chipseq_tf	IRF5 regulates airway macrophage metabolic responses.
33323974	2021	Oncogene	Journal Article;Research Support, Non-U.S. Gov't	Q5_lung_chipseq_tf	STAT3 promotes melanoma metastasis by CEBP-induced repression of the MITF pathway.
39220670	2021	Wellcome Open Res	Journal Article	Q6_gwas_lung_regulatory	Genome-wide association study of susceptibility to hospitalised respiratory infections.
35069531	2021	Front Immunol	Journal Article;Research Support, Non-U.S. Gov't	Q8_ipf_tf	Myeloid Fbxw7 Prevents Pulmonary Fibrosis by Suppressing TGF-β Production.
35024308	2021	Acta Pharm Sin B	Journal Article	Q8_ipf_tf	Proteomics and metabolic phenotyping define principal roles for the aryl hydrocarbon receptor in mouse liver.
35008597	2021	Int J Mol Sci	Journal Article;Review	Q8_ipf_tf	The Hedgehog Signaling Pathway in Idiopathic Pulmonary Fibrosis: Resurrection Time.
34972106	2021	PLoS One	Journal Article;Research Support, N.I.H., Extramural;Research Support, Non-U.S. Gov't	Q8_ipf_tf	Identification of a distal RXFP1 gene enhancer with differential activity in fibrotic lung fibroblasts involving AP-1.
34963461	2021	Respir Res	Journal Article	Q8_ipf_tf	HuR drives lung fibroblast differentiation but not metabolic reprogramming in response to TGF-β and hypoxia.
34734011	2021	Ann Transl Med	Journal Article	Q8_ipf_tf	Bioinformatic analysis of differentially expressed genes and pathways in idiopathic pulmonary fibrosis.
34542758	2021	Bull Exp Biol Med	Journal Article	Q8_ipf_tf	Mechanisms of Endothelial-to-Mesenchymal Transition Induction by Extracellular Matrix Components in Pulmonary Fibrosis.
34520400	2021	JCI Insight	Journal Article;Research Support, N.I.H., Extramural;Research Support, U.S. Gov't, Non-P.H.S.	Q8_ipf_tf	Dysregulated overexpression of Sox9 induces fibroblast activation in pulmonary fibrosis.
34386777	2021	Nat Aging	Journal Article;Research Support, U.S. Gov't, Non-P.H.S.;Research Support, N.I.H., Extramural	Q8_ipf_tf	Restoration of SIRT3 gene expression by airway delivery resolves age-associated persistent lung fibrosis in mice.
34011367	2021	J Inflamm (Lond)	Journal Article	Q8_ipf_tf	Esomeprazole attenuates inflammatory and fibrotic response in lung cells through the MAPK/Nrf2/HO1 pathway.
33978489	2021	Am J Physiol Lung Cell Mol Physiol	Journal Article;Research Support, N.I.H., Extramural;Research Support, Non-U.S. Gov't	Q8_ipf_tf	Expression of serum response factor in the lung mesenchyme is essential for development of pulmonary fibrosis.
33919784	2021	Cells	Journal Article;Research Support, Non-U.S. Gov't;Review	Q8_ipf_tf	The Role of Macrophages in the Development of Acute and Chronic Inflammatory Lung Diseases.
33822772	2021	JCI Insight	Journal Article;Research Support, N.I.H., Extramural;Research Support, Non-U.S. Gov't	Q8_ipf_tf	A CD44/Brg1 nuclear complex confers mesenchymal progenitor cells with enhanced fibrogenicity in idiopathic pulmonary fibrosis.
33777961	2021	Front Cell Dev Biol	Journal Article	Q8_ipf_tf	The Transcription Factor C/EBPβ Promotes HFL-1 Cell Migration, Proliferation, and Inflammation by Activating lncRNA HAS2-AS1 in Hypoxia.
33730605	2021	Biomed Pharmacother	Journal Article	Q8_ipf_tf	Inhibition of NF-κB by ACT001 reduces fibroblast activity in idiopathic pulmonary fibrosis.
33536061	2021	Stem Cell Res Ther	Journal Article;Research Support, Non-U.S. Gov't	Q8_ipf_tf	microRNA-186 in extracellular vesicles from bone marrow mesenchymal stem cells alleviates idiopathic pulmonary fibrosis via interaction with SOX4 and DKK1.
33485651	2021	J Allergy Clin Immunol	Journal Article;Research Support, Non-U.S. Gov't;Review	Q8_ipf_tf	IL-25 (IL-17E) in epithelial immunology and pathophysiology.
33031756	2021	Am J Pathol	Journal Article;Research Support, N.I.H., Extramural;Research Support, Non-U.S. Gov't;Review	Q8_ipf_tf	Mechanical Feed-Forward Loops Contribute to Idiopathic Pulmonary Fibrosis.
32978308	2021	Eur Respir J	Journal Article;Research Support, Non-U.S. Gov't	Q8_ipf_tf	Profibrotic function of pulmonary group 2 innate lymphoid cells is controlled by regnase-1.
32914382	2021	Inflammopharmacology	Comparative Study;Journal Article	Q8_ipf_tf	MiR-200a inversely correlates with Hedgehog and TGF-β canonical/non-canonical trajectories to orchestrate the anti-fibrotic effect of Tadalafil in a bleomycin-induced pulmonary fibrosis model.
35399819	2021	Phytomed Plus	Journal Article;Review	Q9_copd_asthma_tf	Insights into forsythia honeysuckle (Lianhuaqingwen) capsules: A Chinese herbal medicine repurposed for COVID-19 pandemic.
35002688	2021	Front Pharmacol	Journal Article	Q9_copd_asthma_tf	Host Factor Interaction Networks Identified by Integrative Bioinformatics Analysis Reveals Therapeutic Implications in COPD Patients With COVID-19.
34876009	2021	BMC Immunol	Journal Article;Research Support, Non-U.S. Gov't	Q9_copd_asthma_tf	Repression of the expression of proinflammatory genes by mitochondrial transcription factor A is linked to its alternative splicing regulation in human lung epithelial cells.
34867937	2021	Front Immunol	Journal Article;Research Support, Non-U.S. Gov't	Q9_copd_asthma_tf	The NF-κB Transcription Factor c-Rel Modulates Group 2 Innate Lymphoid Cell Effector Functions and Drives Allergic Airway Inflammation.
34765643	2021	Front Mol Biosci	Journal Article	Q9_copd_asthma_tf	Bromodomain Containing Protein 4 (BRD4) Regulates Expression of its Interacting Coactivators in the Innate Response to Respiratory Syncytial Virus.
34764646	2021	Int J Chron Obstruct Pulmon Dis	Journal Article	Q9_copd_asthma_tf	Immune Characteristics Analysis and Transcriptional Regulation Prediction Based on Gene Signatures of Chronic Obstructive Pulmonary Disease.
34285702	2021	Evid Based Complement Alternat Med	Journal Article	Q9_copd_asthma_tf	Transcriptomic Analysis Exploring the Molecular Mechanisms of Hanchuan Zupa Granules in Alleviating Asthma in Rat.
34257337	2021	Sci Rep	Journal Article;Research Support, N.I.H., Extramural	Q9_copd_asthma_tf	Network and co-expression analysis of airway smooth muscle cell transcriptome delineates potential gene signatures in asthma.
33816533	2021	Front Med (Lausanne)	Journal Article	Q9_copd_asthma_tf	Different Biological Pathways Between Good and Poor Inhaled Corticosteroid Responses in Asthma.
33761320	2021	Dev Cell	Journal Article;Research Support, Non-U.S. Gov't	Q9_copd_asthma_tf	RNA demethylation by FTO stabilizes the FOXJ1 mRNA for proper motile ciliogenesis.
33642437	2021	Genes Genet Syst	Journal Article	Q9_copd_asthma_tf	Identification of a disease-specific gene expression profile of children with acute asthma by weighted gene co-expression network analysis.
33505132	2021	Indian J Clin Biochem	Journal Article	Q9_copd_asthma_tf	Expression of FOXP3 and GATA3 Transcription Factors Among Bronchial Asthmatics in Northern Population.
33495833	2021	Int J Mol Med	Journal Article	Q9_copd_asthma_tf	miR‑106b‑5p targeting SIX1 inhibits TGF‑β1‑induced pulmonary fibrosis and epithelial‑mesenchymal transition in asthma through regulation of E2F1.
33419394	2021	BMC Pediatr	Journal Article	Q9_copd_asthma_tf	Identification of pathogenic genes and transcription factors in respiratory syncytial virus.
32970332	2021	Biotechnol Bioeng	Journal Article;Research Support, Non-U.S. Gov't	Q9_copd_asthma_tf	Modeling of an immune response: Queuing network analysis of the impact of zinc and cadmium on macrophage activation.
35036134	2021	PeerJ	Journal Article	Q10_lung_cancer_tf_network	Identification of HMMR as a prognostic biomarker for patients with lung adenocarcinoma via integrated bioinformatics analysis.
34951253	2021	Zhongguo Zhong Yao Za Zhi	Journal Article	Q10_lung_cancer_tf_network	[Effect of "Hedyotis Diffusae Herba-Smilacis Glabrae Rhizoma" in treatment of lung adenocarcinoma based on network pharmacology].
34910688	2021	Aging (Albany NY)	Journal Article;Research Support, Non-U.S. Gov't	Q10_lung_cancer_tf_network	DNA methylation of ARHGAP30 is negatively associated with ARHGAP30 expression in lung adenocarcinoma, which reduces tumor immunity and is detrimental to patient survival.
34868230	2021	Front Genet	Journal Article	Q10_lung_cancer_tf_network	Weighted Gene Co-Expression Network Analysis and Treatment Strategies of Tumor Recurrence-Associated Hub Genes in Lung Adenocarcinoma.
34840672	2021	Comput Struct Biotechnol J	Journal Article	Q10_lung_cancer_tf_network	Identification of the susceptibility genes for COVID-19 in lung adenocarcinoma with global data and biological computation methods.
34832908	2021	Pharmaceuticals (Basel)	Journal Article	Q10_lung_cancer_tf_network	Repurposing of the ALK Inhibitor Crizotinib for Acute Leukemia and Multiple Myeloma Cells.
34774019	2021	BMC Cancer	Journal Article	Q10_lung_cancer_tf_network	MicroRNA-1915-3p inhibits cell migration and invasion by targeting SET in non-small-cell lung cancer.
34765600	2021	Front Cell Dev Biol	Journal Article	Q10_lung_cancer_tf_network	Transcriptional Repression of Ferritin Light Chain Increases Ferroptosis Sensitivity in Lung Adenocarcinoma.
34734017	2021	Ann Transl Med	Journal Article	Q10_lung_cancer_tf_network	Correlation of m6A methylation with immune infiltrates and poor prognosis in non-small cell lung cancer via a comprehensive analysis of RNA expression profiles.
34729113	2021	J Cancer	Journal Article	Q10_lung_cancer_tf_network	MiR-182-5p promotes the Metastasis and Epithelial-mesenchymal Transition in Non-small Cell Lung Cancer by Targeting EPAS1.
34658345	2021	Nan Fang Yi Ke Da Xue Xue Bao	Journal Article	Q10_lung_cancer_tf_network	[Chuanxiong Rhizoma inhibits brain metastasis of lung cancer through multiple active ingredients acting on multiple targets, pathways and biological functions].
34650921	2021	Front Oncol	Journal Article	Q10_lung_cancer_tf_network	A Systematic Analysis Identifies Key Regulators Involved in Cell Proliferation and Potential Drugs for the Treatment of Human Lung Adenocarcinoma.
34642392	2021	Sci Rep	Journal Article	Q10_lung_cancer_tf_network	Protein co-expression network-based profiles revealed from laser-microdissected cancerous cells of lung squamous-cell carcinomas.
34587437	2021	Crit Rev Eukaryot Gene Expr	Journal Article;Research Support, Non-U.S. Gov't	Q10_lung_cancer_tf_network	Comprehensive Analysis of Prognostic and Immune Infiltrates for RAD51 in Human Breast Cancer.
34540041	2021	Am J Transl Res	Journal Article	Q10_lung_cancer_tf_network	Comprehensive network analysis of different subtypes of molecular disorders in lung cancer.
34497755	2021	Front Oncol	Journal Article	Q10_lung_cancer_tf_network	Evaluation of the Oncogene Function of GOLPH3 and Correlated Regulatory Network in Lung Adenocarcinoma.
34422827	2021	Front Cell Dev Biol	Journal Article	Q10_lung_cancer_tf_network	N6-Methyladenosine-Regulated mRNAs: Potential Prognostic Biomarkers for Patients With Lung Adenocarcinoma.
34238250	2021	BMC Cancer	Journal Article	Q10_lung_cancer_tf_network	TBX5-AS1, an enhancer RNA, is a potential novel prognostic biomarker for lung adenocarcinoma.
35096638	2021	Front Cell Infect Microbiol	Journal Article;Research Support, Non-U.S. Gov't	Q12_pah_bpd_tf	Early Growth Response 1 Suppresses Macrophage Phagocytosis by Inhibiting NRF2 Activation Through Upregulation of Autophagy During Pseudomonas aeruginosa Infection.
34966541	2021	Pulm Circ	Journal Article	Q12_pah_bpd_tf	Phosphoproteomic analysis of lung tissue from patients with pulmonary arterial hypertension.
34809635	2021	BMC Pulm Med	Journal Article	Q12_pah_bpd_tf	The function role of ubiquitin proteasome pathway in the ER stress-induced AECII apoptosis during hyperoxia exposure.
34635097	2021	Cell Commun Signal	Journal Article;Research Support, Non-U.S. Gov't	Q12_pah_bpd_tf	Zinc-mediated activation of CREB pathway in proliferation of pulmonary artery smooth muscle cells in pulmonary hypertension.
34552771	2021	Arab J Urol	Journal Article	Q12_pah_bpd_tf	Current updates and future perspectives in the evaluation of azoospermia: A systematic review.
34368469	2021	Biochem Biophys Rep	Journal Article	Q12_pah_bpd_tf	Effect of pulsatile stretch on unfolded protein response in a new model of the pulmonary hypertensive vascular wall.
34360618	2021	Int J Mol Sci	Journal Article	Q12_pah_bpd_tf	Mucus Release and Airway Constriction by TMEM16A May Worsen Pathology in Inflammatory Lung Disease.
36403711	2022	Microb Pathog	Journal Article	Q2_scenic_lung	Exopolyphosphatases PPX1 and PPX2 from Mycobacterium tuberculosis regulate dormancy response and pathogenesis.
36286482	2022	J Virol	Journal Article;Research Support, N.I.H., Extramural	Q2_scenic_lung	Cellular Heterogeneity and Molecular Reprogramming of the Host Response during Influenza Acute Lung Injury.
36038770	2022	Mucosal Immunol	Journal Article	Q2_scenic_lung	Single-cell RNA transcriptomic analysis identifies Creb5 and CD11b-DCs as regulator of asthma exacerbations.
35911707	2022	Front Immunol	Journal Article;Research Support, Non-U.S. Gov't	Q2_scenic_lung	Necroptosis Identifies Novel Molecular Phenotypes and Influences Tumor Immune Microenvironment of Lung Adenocarcinoma.
35849803	2022	Arthritis Rheumatol	Journal Article;Research Support, N.I.H., Extramural;Research Support, Non-U.S. Gov't	Q2_scenic_lung	Epigenetic Regulation of Profibrotic Macrophages in Systemic Sclerosis-Associated Interstitial Lung Disease.
35739646	2022	Int J Exp Pathol	Journal Article;Research Support, Non-U.S. Gov't	Q2_scenic_lung	MicroRNA-23a-3p promotes macrophage M1 polarization and aggravates lipopolysaccharide-induced acute lung injury by regulating PLK1/STAT1/STAT3 signalling.
35693071	2022	Am J Cancer Res	Journal Article	Q2_scenic_lung	MYBL2 accelerates epithelial-mesenchymal transition and hepatoblastoma metastasis via the Smad/SNAI1 pathway.
35412961	2022	Am J Respir Crit Care Med	Journal Article;Research Support, N.I.H., Extramural;Research Support, Non-U.S. Gov't	Q2_scenic_lung	Response to Hypoxia and the Ensuing Dysregulation of Inflammation Impacts Mycobacterium tuberculosis Pathogenicity.
35222366	2022	Front Immunol	Journal Article;Research Support, Non-U.S. Gov't	Q2_scenic_lung	Inactivation of AUF1 in Myeloid Cells Protects From Allergic Airway and Tumor Infiltration and Impairs the Adenosine-Induced Polarization of Pro-Angiogenic Macrophages.
35086844	2022	Eur Respir J	Editorial;Research Support, Non-U.S. Gov't;Comment	Q2_scenic_lung	Surfactant protein C mutations and familial pulmonary fibrosis: stuck in a loop on the scenic route.
35050837	2022	Am J Respir Crit Care Med	Journal Article;Multicenter Study;Randomized Controlled Trial;Research Support, Non-U.S. Gov't	Q2_scenic_lung	Phase 2B Study of Inhaled RVT-1601 for Chronic Cough in Idiopathic Pulmonary Fibrosis: A Multicenter, Randomized, Placebo-controlled Study (SCENIC Trial).
36493756	2022	Cell	Journal Article	Q4_lung_atlas	A human fetal lung cell atlas uncovers proximal-distal gradients of differentiation and key regulators of epithelial fates.
35722109	2022	Front Cardiovasc Med	Journal Article	Q4_lung_atlas	Single Cell Transcriptomic Analysis Reveals Organ Specific Pericyte Markers and Identities.
35698166	2022	Hum Genomics	Journal Article;Review;Research Support, N.I.H., Extramural;Research Support, Non-U.S. Gov't	Q4_lung_atlas	From COVID to fibrosis: lessons from single-cell analyses of the human lung.
35658027	2022	J Clin Oncol	Editorial;Comment	Q4_lung_atlas	Lung-MAP: A Collaborative Roadmap to Improve Cancer Outcomes.
35658002	2022	J Clin Oncol	Clinical Trial, Phase II;Journal Article;Randomized Controlled Trial	Q4_lung_atlas	Phase II Randomized Study of Ramucirumab and Pembrolizumab Versus Standard of Care in Advanced Non-Small-Cell Lung Cancer Previously Treated With Immunotherapy-Lung-MAP S1800A.
35191503	2022	Nucleic Acids Res	Journal Article;Research Support, Non-U.S. Gov't	Q4_lung_atlas	CellDART: cell type inference by domain adaptation of single-cell and spatial transcriptomic data.
35086829	2022	Eur Respir J	Journal Article;Review;Research Support, Non-U.S. Gov't	Q4_lung_atlas	The discovAIR project: a roadmap towards the Human Lung Cell Atlas.
34936882	2022	Dev Cell	Dataset;Journal Article;Research Support, N.I.H., Extramural	Q4_lung_atlas	A census of the lung: CellCards from LungMAP.
34808340	2022	Ann Oncol	Journal Article;Research Support, Non-U.S. Gov't;Review	Q4_lung_atlas	A state-of-the-art review of stratified medicine in cancer: towards a future precision medicine strategy in cancer.
34752721	2022	Am J Respir Crit Care Med	Journal Article;Research Support, N.I.H., Extramural	Q4_lung_atlas	Proteomic Analysis of Human Lung Development.
36062885	2022	Physiol Genomics	Journal Article;Research Support, N.I.H., Extramural;Research Support, U.S. Gov't, Non-P.H.S.	Q5_lung_chipseq_tf	Integrated genomics approaches identify transcriptional mediators and epigenetic responses to Afghan desert particulate matter in small airway epithelial cells.
35380939	2022	Am J Respir Cell Mol Biol	Journal Article;Research Support, N.I.H., Extramural	Q5_lung_chipseq_tf	Ethanol Consumption Induces Nonspecific Inflammation and Functional Defects in Alveolar Macrophages.
35296236	2022	BMC Genomics	Journal Article	Q5_lung_chipseq_tf	Extensive evaluation of ATAC-seq protocols for native or formaldehyde-fixed nuclei.
35228897	2022	Mol Ther Nucleic Acids	Journal Article	Q5_lung_chipseq_tf	DNA topoisomerase inhibition with the HIF inhibitor acriflavine promotes transcription of lncRNAs in endothelial cells.
35134344	2022	Dev Cell	Journal Article;Research Support, N.I.H., Extramural;Research Support, Non-U.S. Gov't	Q5_lung_chipseq_tf	Epigenetic basis of oncogenic-Kras-mediated epithelial-cellular proliferation and plasticity.
36302319	2022	Redox Biol	Journal Article	Q8_ipf_tf	Inhibition of ferroptosis and iron accumulation alleviates pulmonary fibrosis in a bleomycin model.
36291740	2022	Biomolecules	Journal Article;Research Support, N.I.H., Extramural	Q8_ipf_tf	Molecular Regulation of Heme Oxygenase-1 Expression by E2F Transcription Factor 2 in Lung Fibroblast Cells: Relevance to Idiopathic Pulmonary Fibrosis.
36230977	2022	Cells	Journal Article;Research Support, Non-U.S. Gov't	Q8_ipf_tf	Effect of Hypoxia in the Transcriptomic Profile of Lung Fibroblasts from Idiopathic Pulmonary Fibrosis.
36230900	2022	Cells	Journal Article;Review;Research Support, Non-U.S. Gov't	Q8_ipf_tf	Functional Repercussions of Hypoxia-Inducible Factor-2α in Idiopathic Pulmonary Fibrosis.
36197151	2022	Egypt J Immunol	Journal Article	Q8_ipf_tf	Association of Forkhead Box O3a (FOXO3a) single - nucleotide polymorphism with bronchial asthma in Egyptian population.
36082495	2022	Clin Respir J	Journal Article;Review	Q8_ipf_tf	The potential role of interleukin (IL)-25/IL-33/thymic stromal lymphopoietin (TSLP) on the pathogenesis of idiopathic pulmonary fibrosis.
35964659	2022	Eur J Pharmacol	Journal Article	Q8_ipf_tf	Eucalyptol prevents bleomycin-induced pulmonary fibrosis and M2 macrophage polarization.
35792448	2022	Phytomedicine	Journal Article	Q8_ipf_tf	Integrated RNA-sequencing and network pharmacology approach reveals the protection of Yiqi Huoxue formula against idiopathic pulmonary fibrosis by interfering with core transcription factors.
35782526	2022	Front Mol Med	Journal Article	Q8_ipf_tf	Selective Inhibition of Bromodomain-Containing Protein 4 Reduces Myofibroblast Transdifferentiation and Pulmonary Fibrosis.
35734766	2022	Biol Methods Protoc	Journal Article	Q8_ipf_tf	MLBioIGE: integration and interplay of machine learning and bioinformatics approach to identify the genetic effect of SARS-COV-2 on idiopathic pulmonary fibrosis patients.
35656117	2022	Aging Dis	Journal Article;Review	Q8_ipf_tf	Ongoing Clinical Trials in Aging-Related Tissue Fibrosis and New Findings Related to AhR Pathways.
35626663	2022	Cells	Journal Article;Review;Research Support, Non-U.S. Gov't	Q8_ipf_tf	Targeting Histone Deacetylases in Idiopathic Pulmonary Fibrosis: A Future Therapeutic Option.
35522243	2022	FASEB J	Journal Article;Research Support, Non-U.S. Gov't	Q8_ipf_tf	Canonical and noncanonical regulatory roles for JAK2 in the pathogenesis of rheumatoid arthritis-associated interstitial lung disease and idiopathic pulmonary fibrosis.
35427207	2022	Autophagy	Journal Article;Research Support, Non-U.S. Gov't	Q8_ipf_tf	ATF3 -activated accelerating effect of LINC00941/lncIAPF on fibroblast-to-myofibroblast differentiation by blocking autophagy depending on ELAVL1/HuR in pulmonary fibrosis.
35420997	2022	JCI Insight	Journal Article;Research Support, U.S. Gov't, Non-P.H.S.;Research Support, N.I.H., Extramural	Q8_ipf_tf	Sine oculis homeobox homolog 1 plays a critical role in pulmonary fibrosis.
35276128	2022	Toxicol Appl Pharmacol	Journal Article;Research Support, Non-U.S. Gov't	Q8_ipf_tf	Arsenic trioxide inhibits the functions of lung fibroblasts derived from patients with idiopathic pulmonary fibrosis.
35185901	2022	Front Immunol	Journal Article;Research Support, Non-U.S. Gov't	Q8_ipf_tf	S100A12 as Biomarker of Disease Severity and Prognosis in Patients With Idiopathic Pulmonary Fibrosis.
35063449	2022	Chest	Journal Article;Research Support, U.S. Gov't, Non-P.H.S.;Research Support, N.I.H., Extramural;Research Support, Non-U.S. Gov't	Q8_ipf_tf	BAL Transcriptomes Characterize Idiopathic Pulmonary Fibrosis Endotypes With Prognostic Impact.
35048404	2022	J Cell Physiol	Journal Article	Q8_ipf_tf	Inhibition of RUNX1 blocks the differentiation of lung fibroblasts to myofibroblasts.
36575422	2022	Cell Commun Signal	Video-Audio Media;Journal Article;Research Support, Non-U.S. Gov't	Q9_copd_asthma_tf	Bioinformatic analysis and preliminary validation of potential therapeutic targets for COVID-19 infection in asthma patients.
36518751	2022	Front Immunol	Journal Article;Research Support, Non-U.S. Gov't	Q9_copd_asthma_tf	Regulation and directed inhibition of ECP production by human neutrophils.
36426982	2022	J Immunol	Journal Article;Research Support, Non-U.S. Gov't;Research Support, U.S. Gov't, Non-P.H.S.	Q9_copd_asthma_tf	STAT6-IP-Dependent Disruption of IL-33-Mediated ILC2 Expansion and Type 2 Innate Immunity in the Murine Lung.
36364420	2022	Molecules	Journal Article;Review	Q9_copd_asthma_tf	Hydrolyzable Tannins in the Management of Th1, Th2 and Th17 Inflammatory-Related Diseases.
36338941	2022	Inform Med Unlocked	Journal Article	Q9_copd_asthma_tf	Severity of COVID-19 patients with coexistence of asthma and vitamin D deficiency.
36264868	2022	PLoS One	Journal Article;Research Support, Non-U.S. Gov't	Q9_copd_asthma_tf	Identification of miRNA-mRNA-TFs regulatory network and crucial pathways involved in asthma through advanced systems biology approaches.
36211429	2022	Front Immunol	Journal Article;Research Support, Non-U.S. Gov't	Q9_copd_asthma_tf	Bioinformatics and systems-biology analysis to determine the effects of Coronavirus disease 2019 on patients with allergic asthma.
36159836	2022	Front Immunol	Journal Article;Review;Research Support, Non-U.S. Gov't	Q9_copd_asthma_tf	Local Immunoglobulin E in nasal polyps: Role and modulation.
36118092	2022	Evid Based Complement Alternat Med	Journal Article	Q9_copd_asthma_tf	Network Pharmacology and Experimental Verification Revealed the Mechanism of Yiqi Jianpi Recipe on Chronic Obstructive Pulmonary Disease.
36059165	2022	Endokrynol Pol	Journal Article	Q9_copd_asthma_tf	Exploration of the main active components and pharmacological mechanism of Yerba Mate based on network pharmacology.
35747501	2022	Biomed Res Int	Journal Article	Q9_copd_asthma_tf	Bioinformatics Approach Predicts Candidate Targets for SARS-CoV-2 Infections to COPD Patients.
35696287	2022	Pharmacogenet Genomics	Journal Article;Research Support, Non-U.S. Gov't	Q9_copd_asthma_tf	Genome-wide DNA methylation profile of peripheral blood lymphocytes from subjects with nonsteroidal anti-inflammatory drug-induced respiratory diseases.
35671886	2022	J Allergy Clin Immunol	Meta-Analysis;Journal Article;Research Support, Non-U.S. Gov't	Q9_copd_asthma_tf	Identification of novel genes influencing eosinophil-specific protein levels in asthma families.
35578269	2022	Respir Res	Journal Article	Q9_copd_asthma_tf	Th1 cytokines synergize to change gene expression and promote corticosteroid insensitivity in pediatric airway smooth muscle.
35436029	2022	FASEB J	Journal Article	Q9_copd_asthma_tf	Macrophage programming is regulated by a cooperative interaction between fatty acid binding protein 5 and peroxisome proliferator-activated receptor γ.
35431545	2022	Int J Chron Obstruct Pulmon Dis	Journal Article	Q9_copd_asthma_tf	Autophagy Induced by BCL2-Related ceRNA Network Participates in the Occurrence of COPD.
35169275	2022	Sci Rep	Journal Article;Research Support, Non-U.S. Gov't	Q9_copd_asthma_tf	Identification of key genes and pathways between mild-moderate and severe asthmatics via bioinformatics analysis.
35093061	2022	Respir Res	Journal Article	Q9_copd_asthma_tf	Epithelial microRNA-30a-3p targets RUNX2/HMGB1 axis to suppress airway eosinophilic inflammation in asthma.
34998785	2022	Dev Biol	Journal Article;Research Support, N.I.H., Extramural	Q9_copd_asthma_tf	E3 ubiquitin ligase FBXW7 balances airway cell fates.
36600652	2022	J Immunother Cancer	Journal Article;Research Support, Non-U.S. Gov't;Research Support, N.I.H., Extramural	Q10_lung_cancer_tf_network	SP140 inhibits STAT1 signaling, induces IFN-γ in tumor-associated macrophages, and is a predictive biomarker of immunotherapy response.
36581580	2022	Zhejiang Da Xue Xue Bao Yi Xue Ban	Review;Journal Article	Q10_lung_cancer_tf_network	Research progress and therapeutic prospect of PHF5A acting as a new target for malignant tumors.
36551704	2022	Cancers (Basel)	Journal Article	Q10_lung_cancer_tf_network	Comprehensive Analysis of DMRT3 as a Potential Biomarker Associated with the Immune Infiltration in a Pan-Cancer Analysis and Validation in Lung Adenocarcinoma.
36550923	2022	Medicine (Baltimore)	Review;Journal Article	Q10_lung_cancer_tf_network	Identification of prognostic values of the transcription factor-CpG-gene triplets in lung adenocarcinoma: A narrative review.
36523982	2022	Front Oncol	Journal Article	Q10_lung_cancer_tf_network	Single-cell analyses reveal the therapeutic effects of ATHENA and its mechanism in a rhabdomyosarcoma patient.
36435510	2022	Aging (Albany NY)	Journal Article;Research Support, Non-U.S. Gov't	Q10_lung_cancer_tf_network	Prognostic value and immunological role of FOXM1 in human solid tumors.
36404510	2022	Arch Iran Med	Journal Article	Q10_lung_cancer_tf_network	The Role of CEP55 Expression in Tumor Immune Response and Prognosis of Patients with Non-small Cell lung Cancer.
36399857	2022	Comput Biol Med	Journal Article;Research Support, Non-U.S. Gov't	Q10_lung_cancer_tf_network	Explore the mechanism and substance basis of Mahuang FuziXixin Decoction for the treatment of lung cancer based on network pharmacology and molecular docking.
36389112	2022	Biomed Res Int	Journal Article	Q10_lung_cancer_tf_network	Significance of Spliceosome-Related Genes in the Prediction of Prognosis and Treatment Strategies for Lung Adenocarcinoma.
36304306	2022	Front Bioinform	Journal Article	Q10_lung_cancer_tf_network	Identification of Master Regulators Driving Disease Progression, Relapse, and Drug Resistance in Lung Adenocarcinoma.
36291831	2022	Cancers (Basel)	Journal Article	Q10_lung_cancer_tf_network	An Expanded Interplay Network between NF-κB p65 (RelA) and E2F1 Transcription Factors: Roles in Physiology and Pathology.
36188260	2022	ACS Omega	Journal Article	Q10_lung_cancer_tf_network	Gefitinib Inhibits Rifampicin-Induced CYP3A4 Gene Expression in Human Hepatocytes.
36175921	2022	Biomark Res	Journal Article;Review	Q10_lung_cancer_tf_network	Dysfunction and ceRNA network of the tumor suppressor miR-637 in cancer development and prognosis.
36171861	2022	Cancer Manag Res	Journal Article	Q10_lung_cancer_tf_network	Identification of Key Genes and FUNCTIONAL Pathway in Radioresistance of Non-Small Cell Lung Cancer.
36121385	2022	Mol Cancer Ther	Journal Article;Research Support, N.I.H., Extramural	Q10_lung_cancer_tf_network	Anticancer Activity of ST101, A Novel Antagonist of CCAAT/Enhancer Binding Protein β.
36118871	2022	Front Genet	Journal Article	Q10_lung_cancer_tf_network	Pan-cancer analysis of forkhead box Q1 as a potential prognostic and immunological biomarker.
36084949	2022	Aging (Albany NY)	Journal Article;Research Support, Non-U.S. Gov't	Q10_lung_cancer_tf_network	Multifaceted investigation underlies diverse mechanisms contributing to the downregulation of Hedgehog pathway-associated genes INTU and IFT88 in lung adenocarcinoma and uterine corpus endometrial carcinoma.
36077264	2022	Int J Mol Sci	Journal Article	Q10_lung_cancer_tf_network	Analysis of Dormancy-Associated Transcriptional Networks Reveals a Shared Quiescence Signature in Lung and Colorectal Cancer.
36032660	2022	Pathol Oncol Res	Journal Article	Q10_lung_cancer_tf_network	Identification of Hub Genes of Lung Adenocarcinoma Based on Weighted Gene Co-Expression Network in Chinese Population.
35993027	2022	Oxid Med Cell Longev	Journal Article	Q10_lung_cancer_tf_network	GATA3 Exerts Distinct Transcriptional Functions to Regulate Radiation Resistance in A549 and H1299 Cells.
35928802	2022	Oncol Lett	Journal Article	Q10_lung_cancer_tf_network	HS-1793 inhibits cell proliferation in lung cancer by interfering with the interaction between p53 and MDM2.
35885958	2022	Genes (Basel)	Journal Article	Q10_lung_cancer_tf_network	Identification of the Key miRNAs and Genes Associated with the Regulation of Non-Small Cell Lung Cancer: A Network-Based Approach.
35844795	2022	Int J Biol Sci	Journal Article;Research Support, Non-U.S. Gov't	Q10_lung_cancer_tf_network	E2F2 promotes lung adenocarcinoma progression through B-Myb- and FOXM1-facilitated core transcription regulatory circuitry.
35676421	2022	Sci Rep	Journal Article	Q10_lung_cancer_tf_network	Drug repositioning in non-small cell lung cancer (NSCLC) using gene co-expression and drug-gene interaction networks analysis.
35605790	2022	Biochim Biophys Acta Mol Cell Res	Journal Article;Research Support, Non-U.S. Gov't	Q10_lung_cancer_tf_network	Autophagy regulates transforming growth factor β signaling and receptor trafficking.
35596703	2022	Mol Carcinog	Journal Article;Research Support, Non-U.S. Gov't	Q10_lung_cancer_tf_network	Functional characterization and clinical significance of super-enhancers in lung adenocarcinoma.
35408505	2022	Molecules	Journal Article	Q10_lung_cancer_tf_network	Reduced HIF-1α Stability Induced by 6-Gingerol Inhibits Lung Cancer Growth through the Induction of Cell Death.
35331302	2022	Epigenetics Chromatin	Journal Article;Research Support, Non-U.S. Gov't	Q10_lung_cancer_tf_network	Pan-cancer predictions of transcription factors mediating aberrant DNA methylation.
35254116	2022	Int J Biol Markers	Journal Article	Q10_lung_cancer_tf_network	System analysis of FHIT in LUAD and LUSC: The expression, prognosis, gene regulation network, and regulation targets.
35184380	2022	Mol Oncol	Journal Article;Research Support, N.I.H., Extramural	Q10_lung_cancer_tf_network	CHML is an NRF2 target gene that regulates mTOR function.
35052618	2022	Antioxidants (Basel)	Journal Article	Q10_lung_cancer_tf_network	BAP1 Downregulates NRF2 Target Genes and Exerts Anti-Tumorigenic Effects by Deubiquitinating KEAP1 in Lung Adenocarcinoma.
34891118	2022	Biomed Pharmacother	Journal Article	Q10_lung_cancer_tf_network	Capsaicin inhibits HIF-1α accumulation through suppression of mitochondrial respiration in lung cancer cells.
34845361	2022	Br J Cancer	Journal Article;Review;Research Support, N.I.H., Extramural	Q10_lung_cancer_tf_network	Genetic and epigenetic regulation of the NRF2-KEAP1 pathway in human lung cancer.
34775559	2022	Environ Sci Pollut Res Int	Journal Article	Q10_lung_cancer_tf_network	Bioinformatics approach to identify common gene signatures of patients with coronavirus 2019 and lung adenocarcinoma.
34687270	2022	Mol Oncol	Journal Article;Research Support, Non-U.S. Gov't	Q10_lung_cancer_tf_network	Lung cancer cells expressing a shortened CDK16 3'UTR escape senescence through impaired miR-485-5p targeting.
36670936	2022	Antioxidants (Basel)	Journal Article	Q12_pah_bpd_tf	Specificity Protein 1-Mediated Promotion of CXCL12 Advances Endothelial Cell Metabolism and Proliferation in Pulmonary Hypertension.
36569898	2022	Front Immunol	Journal Article;Research Support, Non-U.S. Gov't	Q12_pah_bpd_tf	Tartrate resistant acid phosphatase 5 (TRAP5) mediates immune cell recruitment in a murine model of pulmonary bacterial infection.
36533591	2022	J Am Heart Assoc	Journal Article;Research Support, Non-U.S. Gov't	Q12_pah_bpd_tf	PVECs-Derived Exosomal microRNAs Regulate PASMCs via FoxM1 Signaling in IUGR-induced Pulmonary Hypertension.
36467480	2022	Front Pediatr	Case Reports;Journal Article	Q12_pah_bpd_tf	Case Report: De novo variant in myelin regulatory factor in a Chinese child with 46,XY disorder/difference of sex development, cardiac and urogenital anomalies, and short stature.
36456567	2022	Nat Commun	Journal Article;Research Support, Non-U.S. Gov't	Q12_pah_bpd_tf	Moonlighting chaperone activity of the enzyme PqsE contributes to RhlR-controlled virulence of Pseudomonas aeruginosa.
36430961	2022	Int J Mol Sci	Journal Article	Q12_pah_bpd_tf	New TMA (4,6,4'-Trimethyl angelicin) Analogues as Anti-Inflammatory Agents in the Treatment of Cystic Fibrosis Lung Disease.
36214448	2022	Elife	Journal Article;Research Support, Non-U.S. Gov't;Research Support, N.I.H., Extramural	Q12_pah_bpd_tf	Decoding the IGF1 signaling gene regulatory network behind alveologenesis from a mouse model of bronchopulmonary dysplasia.
36147350	2022	Front Pharmacol	Journal Article;Review	Q12_pah_bpd_tf	The role of p53 in the alternation of vascular functions.
36052522	2022	J Hypertens	Journal Article;Research Support, Non-U.S. Gov't	Q12_pah_bpd_tf	Attenuating effect of magnesium on pulmonary arterial calcification in rodent models of pulmonary hypertension.
35988445	2022	Thromb Res	Journal Article	Q12_pah_bpd_tf	Upregulation of mechanosensitive channel Piezo1 involved in high shear stress-induced pulmonary hypertension.
35986277	2022	Respir Res	Journal Article	Q12_pah_bpd_tf	Knockdown of HSP110 attenuates hypoxia-induced pulmonary hypertension in mice through suppression of YAP/TAZ-TEAD4 pathway.
35966126	2022	Inform Med Unlocked	Journal Article	Q12_pah_bpd_tf	Identification of differentially expressed genes and their major pathways among the patient with COVID-19, cystic fibrosis, and chronic kidney disease.
35896539	2022	Nat Commun	Journal Article;Research Support, Non-U.S. Gov't	Q12_pah_bpd_tf	Maternal and perinatal obesity induce bronchial obstruction and pulmonary hypertension via IL-6-FoxO1-axis in later life.
35890198	2022	Pharmaceuticals (Basel)	Journal Article	Q12_pah_bpd_tf	Novel p38 Mitogen-Activated Protein Kinase Inhibitor Reverses Hypoxia-Induced Pulmonary Arterial Hypertension in Rats.
35861841	2022	J Am Heart Assoc	Journal Article;Research Support, Non-U.S. Gov't	Q12_pah_bpd_tf	Hsa_circ_0016070/micro-340-5p Axis Accelerates Pulmonary Arterial Hypertension Progression by Upregulating TWIST1 Transcription Via TCF4/β-Catenin Complex.
35812461	2022	Front Immunol	Journal Article;Research Support, Non-U.S. Gov't	Q12_pah_bpd_tf	Fra-2 Is a Dominant Negative Regulator of Natural Killer Cell Development.
35751431	2022	Birth Defects Res	Case Reports;Research Support, Non-U.S. Gov't;Journal Article	Q12_pah_bpd_tf	An example of parenchymal renal sparing in the context of complex malformations due to a novel mutation in the PBX1 gene.
35732465	2022	Life Sci Alliance	Journal Article;Research Support, Non-U.S. Gov't;Research Support, N.I.H., Extramural	Q12_pah_bpd_tf	Loss of Amphiregulin drives inflammation and endothelial apoptosis in pulmonary hypertension.
35707273	2022	Oxid Med Cell Longev	Journal Article;Review	Q12_pah_bpd_tf	Target Nuclear Factor Erythroid 2-Related Factor 2 in Pulmonary Hypertension: Molecular Insight into Application.
35705467	2022	Zhonghua Xin Xue Guan Bing Za Zhi	Journal Article	Q12_pah_bpd_tf	[Gene expression signature analysis of peripheral blood mononuclear cells from patients with for high altitude pulmonary hypertension and value for potential drug selection].
35625405	2022	Biology (Basel)	Journal Article	Q12_pah_bpd_tf	EGR1 Is Implicated in Right Ventricular Cardiac Remodeling Associated with Pulmonary Hypertension.
35615634	2022	Front Pediatr	Journal Article	Q12_pah_bpd_tf	Identification of SOX2 Interacting Proteins in the Developing Mouse Lung With Potential Implications for Congenital Diaphragmatic Hernia.
35586138	2022	PeerJ	Journal Article;Research Support, Non-U.S. Gov't	Q12_pah_bpd_tf	Identification of key differential genes in intimal hyperplasia induced by left carotid artery ligation.
35529088	2022	Kidney Int Suppl (2011)	Journal Article;Review	Q12_pah_bpd_tf	Mineralocorticoid receptor activation and antagonism in cardiovascular disease: cellular and molecular mechanisms.
35510686	2022	Mol Microbiol	Journal Article;Research Support, Non-U.S. Gov't;Research Support, N.I.H., Extramural	Q12_pah_bpd_tf	Phenazines and toxoflavin act as interspecies modulators of resilience to diverse antibiotics.
35491127	2022	J Smooth Muscle Res	Journal Article;Research Support, N.I.H., Extramural;Research Support, Non-U.S. Gov't	Q12_pah_bpd_tf	Glucose-6-phosphate dehydrogenase and MEG3 controls hypoxia-induced expression of serum response factor (SRF) and SRF-dependent genes in pulmonary smooth muscle cell.
35471121	2022	mSystems	Journal Article;Research Support, N.I.H., Extramural;Research Support, Non-U.S. Gov't	Q12_pah_bpd_tf	Genetic and Transcriptomic Characteristics of RhlR-Dependent Quorum Sensing in Cystic Fibrosis Isolates of Pseudomonas aeruginosa.
35422917	2022	Am J Transl Res	Journal Article	Q12_pah_bpd_tf	REDD1 gene knockout alleviates vascular smooth muscle cell remodeling in pulmonary hypertension.
35365973	2022	J Cell Mol Med	Journal Article;Research Support, Non-U.S. Gov't	Q12_pah_bpd_tf	Calpain-1 mediates vascular remodelling and fibrosis via HIF-1α in hypoxia-induced pulmonary hypertension.
35346781	2022	Genomics	Journal Article;Research Support, Non-U.S. Gov't;Research Support, N.I.H., Extramural	Q12_pah_bpd_tf	Cross-talk between enhancers, structural elements and activating transcription factors maintains the 3D architecture and expression of the CFTR gene.
35327606	2022	Biomolecules	Journal Article	Q12_pah_bpd_tf	S-Nitrosylation of Paraxonase 1 (PON1) Elevates Its Hydrolytic and Antioxidant Activities.
35163440	2022	Int J Mol Sci	Journal Article;Review	Q12_pah_bpd_tf	The Aryl Hydrocarbon Receptor (AHR): A Novel Therapeutic Target for Pulmonary Diseases?
35157168	2022	Cardiovasc Drugs Ther	Journal Article	Q12_pah_bpd_tf	Sulforaphane Does Not Protect Right Ventricular Systolic and Diastolic Functions in Nrf2 Knockout Pulmonary Artery Hypertension Mice.
35045271	2022	Am J Respir Cell Mol Biol	Journal Article	Q12_pah_bpd_tf	Neonatal Hyperoxia Activates Activating Transcription Factor 4 to Stimulate Folate Metabolism and Alveolar Epithelial Type 2 Cell Proliferation.
35018410	2022	Cardiovasc Res	Journal Article;Research Support, N.I.H., Extramural;Research Support, Non-U.S. Gov't	Q12_pah_bpd_tf	Targeting RUNX1 as a novel treatment modality for pulmonary arterial hypertension.
34964131	2022	J Cell Physiol	Journal Article;Research Support, Non-U.S. Gov't	Q12_pah_bpd_tf	Proteomic analysis reveals that Xbp1s promotes hypoxic pulmonary hypertension through the p-JNK MAPK pathway.
34878935	2022	Am J Physiol Gastrointest Liver Physiol	Journal Article;Research Support, N.I.H., Extramural;Research Support, Non-U.S. Gov't	Q12_pah_bpd_tf	Goblet cell hyperplasia is not epithelial-autonomous in the Cftr knockout intestine.
34550326	2022	Cardiovasc Res	Journal Article;Research Support, Non-U.S. Gov't	Q12_pah_bpd_tf	The adult heart requires baseline expression of the transcription factor Hand2 to withstand right ventricular pressure overload.
34541389	2022	Bioact Mater	Journal Article	Q12_pah_bpd_tf	Magnesium implantation or supplementation ameliorates bone disorder in CFTR-mutant mice through an ATF4-dependent Wnt/β-catenin signaling.
34480966	2022	Pharmacol Ther	Journal Article;Research Support, Non-U.S. Gov't;Review	Q12_pah_bpd_tf	Mineralocorticoid receptors in pulmonary hypertension and right heart failure: From molecular biology to therapeutic targeting.
38095634	2023	Aging (Albany NY)	Journal Article;Research Support, Non-U.S. Gov't	Q2_scenic_lung	Single-cell dissection reveals the role of aggrephagy patterns in tumor microenvironment components aiding predicting prognosis and immunotherapy on lung adenocarcinoma.
38047081	2023	iScience	Journal Article	Q2_scenic_lung	A machine learning and directed network optimization approach to uncover TP53 regulatory patterns.
37833706	2023	BMC Biol	Journal Article;Research Support, Non-U.S. Gov't	Q2_scenic_lung	Nr4a1 marks a distinctive ILC2 activation subset in the mouse inflammatory lung.
37808780	2023	bioRxiv	Preprint;Journal Article	Q2_scenic_lung	Exposure of Mycobacterium tuberculosis to human alveolar lining fluid shows temporal and strain-specific adaptation to the lung environment.
37706477	2023	Elife	Journal Article;Research Support, Non-U.S. Gov't	Q2_scenic_lung	Systems level identification of a matrisome-associated macrophage polarisation state in multi-organ fibrosis.
37582362	2023	Cancer Cell	Journal Article;Research Support, N.I.H., Extramural	Q2_scenic_lung	Integrative multi-omic cancer profiling reveals DNA methylation patterns associated with therapeutic vulnerability and cell-of-origin.
37545222	2023	Cancer Biomark	Journal Article	Q2_scenic_lung	Granzymes expression patterns predict immunotherapy response and identify the heterogeneity of CD8+ T cell subsets.
37491302	2023	J Transl Med	Journal Article;Research Support, Non-U.S. Gov't	Q2_scenic_lung	Integration of single-cell regulon atlas and multi-omics data for prognostic stratification and personalized treatment prediction in human lung adenocarcinoma.
37199578	2023	Aging Dis	Journal Article	Q2_scenic_lung	IFNγ Transcribed by IRF1 in CD4+ Effector Memory T Cells Promotes Senescence-Associated Pulmonary Fibrosis.
37100790	2023	Sci Rep	Journal Article;Research Support, Non-U.S. Gov't	Q2_scenic_lung	Single-cell transcriptomes reveal heterogeneity of chlorine-induced mice acute lung injury and the inhibitory effect of pentoxifylline on ferroptosis.
37088263	2023	Mucosal Immunol	Journal Article;Research Support, N.I.H., Extramural	Q2_scenic_lung	A bifurcated role for c-Maf in Th2 and Tfh2 cells during helminth infection.
37017529	2023	mBio	Journal Article;Research Support, N.I.H., Extramural	Q2_scenic_lung	Contributions of Ccr4 and Gcn2 to the Translational Response of C. neoformans to Host-Relevant Stressors and Integrated Stress Response Induction.
36993298	2023	bioRxiv	Preprint;Journal Article	Q2_scenic_lung	Hierarchy and networks in the transcriptional response of Mycobacterium abscessus to antibiotics.
36968107	2023	Front Cell Infect Microbiol	Journal Article;Research Support, N.I.H., Extramural	Q2_scenic_lung	Mycobacterium abscessus DosRS two-component system controls a species-specific regulon required for adaptation to hypoxia.
36511712	2023	Microbiol Spectr	Journal Article;Research Support, N.I.H., Extramural;Research Support, Non-U.S. Gov't	Q2_scenic_lung	Adherence of Nontypeable Haemophilus influenzae to Cells and Substrates of the Airway Is Differentially Regulated by Individual ModA Phasevarions.
38076853	2023	bioRxiv	Preprint;Journal Article	Q4_lung_atlas	A deep lung cell atlas reveals cytokine-mediated lineage switching of a rare cell progenitor of the human airway epithelium.
38055803	2023	Sci Transl Med	Journal Article	Q4_lung_atlas	Ex vivo tissue perturbations coupled to single-cell RNA-seq reveal multilineage cell circuit dynamics in human lung fibrogenesis.
37677122	2023	JCO Precis Oncol	Journal Article;Research Support, N.I.H., Extramural;Research Support, Non-U.S. Gov't	Q4_lung_atlas	Representativeness of Patients Enrolled in the Lung Cancer Master Protocol (Lung-MAP).
37516747	2023	Nat Commun	Journal Article;Research Support, N.I.H., Extramural;Research Support, Non-U.S. Gov't	Q4_lung_atlas	Guided construction of single cell reference for human and mouse lung.
37429993	2023	Nat Methods	Journal Article;Research Support, U.S. Gov't, Non-P.H.S.;Research Support, N.I.H., Extramural	Q4_lung_atlas	Significance analysis for clustering with single-cell RNA-sequencing data.
37308579	2023	Nat Med	Journal Article	Q4_lung_atlas	A cellular reference atlas of the human lung.
37291214	2023	Nat Med	Journal Article;Research Support, Non-U.S. Gov't;Research Support, N.I.H., Extramural	Q4_lung_atlas	An integrated cell atlas of the lung in health and disease.
37077558	2023	ERJ Open Res	Journal Article	Q4_lung_atlas	ERS International Congress 2022: highlights from the Basic and Translational Science Assembly.
37066313	2023	bioRxiv	Preprint;Journal Article	Q4_lung_atlas	A Trisomy 21 Lung Cell Atlas.
36940614	2023	Lung Cancer	Journal Article;Review;Research Support, Non-U.S. Gov't	Q4_lung_atlas	Anti-angiogenic agents for NSCLC following first-line immunotherapy: Rationale, recent updates, and future perspectives.
36625510	2023	J Natl Cancer Inst	Clinical Trial, Phase III;Randomized Controlled Trial;Journal Article;Research Support, Non-U.S. Gov't;Research Support, N.I.H., Extramural	Q4_lung_atlas	Quality-of-life outcomes and risk prediction for patients randomized to nivolumab plus ipilimumab vs nivolumab on LungMAP-S1400I.
36450109	2023	Am J Respir Cell Mol Biol	Journal Article	Q4_lung_atlas	VISTA (PD-1H) Is a Crucial Immune Regulator to Limit Pulmonary Fibrosis.
36442527	2023	Life Sci	Journal Article	Q4_lung_atlas	Genetic screening of MMP1 as a potential pathogenic gene in chronic obstructive pulmonary disease.
35961837	2023	J Cyst Fibros	Journal Article;Research Support, N.I.H., Extramural;Research Support, Non-U.S. Gov't	Q4_lung_atlas	Super resolution microscopy analysis reveals increased Orai1 activity in asthma and cystic fibrosis lungs.
38168374	2023	Res Sq	Journal Article;Preprint	Q5_lung_chipseq_tf	TET1 regulates responses to house dust mite by altering chromatin accessibility, DNA methylation, and gene expression in airway epithelial cells.
37643174	2023	PLoS Pathog	Journal Article;Research Support, Non-U.S. Gov't	Q5_lung_chipseq_tf	An integrated multi-omics analysis of identifies distinct molecular characteristics in pulmonary infections of Pseudomonas aeruginosa.
37496990	2023	Int J Biol Sci	Journal Article;Research Support, Non-U.S. Gov't	Q5_lung_chipseq_tf	FOXM1-regulated ZIC2 promotes the malignant phenotype of renal clear cell carcinoma by activating UBE2C/mTOR signaling pathway.
37428873	2023	Curr Protoc	Journal Article	Q5_lung_chipseq_tf	Defining iNKT Cell Subsets and Their Function by Flow Cytometry.
37428305	2023	Sci China Life Sci	Journal Article	Q5_lung_chipseq_tf	A novel reporter mouse line for studying alveolar macrophages.
37302711	2023	Mucosal Immunol	Journal Article;Research Support, N.I.H., Extramural	Q5_lung_chipseq_tf	Sex-associated early-life viral innate immune response is transcriptionally associated with chromatin remodeling of type-I IFN-inducible genes.
36980257	2023	Cells	Journal Article;Research Support, Non-U.S. Gov't	Q5_lung_chipseq_tf	Role of Histone Variant H2A.J in Fine-Tuning Chromatin Organization for the Establishment of Ionizing Radiation-Induced Senescence.
36918894	2023	J Transl Med	Journal Article;Research Support, Non-U.S. Gov't	Q5_lung_chipseq_tf	Atf4 regulates angiogenic differences between alveolar bone and long bone macrophages by regulating M1 polarization, based on single-cell RNA sequencing, RNA-seq and ATAC-seq analysis.
36840413	2023	Cancer Sci	Journal Article	Q5_lung_chipseq_tf	An integrative epigenomic approach identifies ELF3 as an oncogenic regulator in ASCL1-positive neuroendocrine carcinoma.
36820061	2023	Microlife	Journal Article	Q5_lung_chipseq_tf	Mycobacterium tuberculosis infection triggers epigenetic changes that are enriched in a type I IFN signature.
38206731	2023	Medicine (Baltimore)	Journal Article	Q6_gwas_lung_regulatory	Immune factors have a complex causal regulation on pulmonary fibrosis: Insights from a two-sample Mendelian randomization analysis.
38129444	2023	Sci Rep	Journal Article	Q6_gwas_lung_regulatory	Identification of differences in CD4(+) T-cell gene expression between people with asthma and healthy controls.
37932299	2023	Sci Rep	Journal Article;Research Support, Non-U.S. Gov't	Q6_gwas_lung_regulatory	Integration of risk variants from GWAS with SARS-CoV-2 RNA interactome prioritizes FUBP1 and RAB2A as risk genes for COVID-19.
37875944	2023	BMC Med Genomics	Journal Article;Research Support, Non-U.S. Gov't	Q6_gwas_lung_regulatory	Identification of asthma-related genes using asthmatic blood eQTLs of Korean patients.
37802043	2023	Am J Hum Genet	Journal Article;Research Support, N.I.H., Extramural;Research Support, Non-U.S. Gov't	Q6_gwas_lung_regulatory	Rare variants in long non-coding RNAs are associated with blood lipid levels in the TOPMed whole-genome sequencing study.
37770633	2023	Nat Genet	Journal Article;Research Support, N.I.H., Extramural	Q6_gwas_lung_regulatory	Multitissue H3K27ac profiling of GTEx samples links epigenomic variation to disease.
37680636	2023	Front Immunol	Journal Article;Research Support, Non-U.S. Gov't;Research Support, N.I.H., Extramural	Q6_gwas_lung_regulatory	De novo identification of complex traits associated with asthma.
37679419	2023	Nat Genet	Meta-Analysis;Journal Article;Research Support, N.I.H., Extramural;Research Support, Non-U.S. Gov't	Q6_gwas_lung_regulatory	GWAS of random glucose in 476,326 individuals provide insights into diabetes pathophysiology, complications and treatment stratification.
37650091	2023	ERJ Open Res	Journal Article	Q6_gwas_lung_regulatory	Shared genetic architecture of blood eosinophil counts and asthma in UK Biobank.
37614425	2023	Exp Ther Med	Journal Article	Q6_gwas_lung_regulatory	Single‑nucleotide polymorphism rs6592645 confers asthma risk through regulating LRRC32 expression.
37562399	2023	Am J Hum Genet	Journal Article;Research Support, Non-U.S. Gov't	Q6_gwas_lung_regulatory	Integrative splicing-quantitative-trait-locus analysis reveals risk loci for non-small-cell lung cancer.
37511084	2023	Int J Mol Sci	Journal Article	Q6_gwas_lung_regulatory	APOA2: New Target for Molecular Hydrogen Therapy in Sepsis-Related Lung Injury Based on Proteomic and Genomic Analysis.
37488738	2023	Clin Transl Allergy	Journal Article	Q6_gwas_lung_regulatory	Genetic differences according to onset age and lung function in asthma: A cluster analysis.
37425772	2023	medRxiv	Preprint;Journal Article	Q6_gwas_lung_regulatory	Rare variants in long non-coding RNAs are associated with blood lipid levels in the TOPMed Whole Genome Sequencing Study.
37404328	2023	Front Genet	Journal Article	Q6_gwas_lung_regulatory	Major depressive disorder plays a vital role in the pathway from gastroesophageal reflux disease to chronic obstructive pulmonary disease: a Mendelian randomization study.
37331295	2023	Int Immunopharmacol	Journal Article;Review	Q6_gwas_lung_regulatory	CCL21/CCR7 axis as a therapeutic target for autoimmune diseases.
37307368	2023	Acta Pharm	Journal Article	Q6_gwas_lung_regulatory	Germline variants of the genes involved in NF-kB activation are associated with the risk of COPD and lung cancer development.
37301411	2023	J Allergy Clin Immunol	Journal Article	Q6_gwas_lung_regulatory	Human genetics influences microbiome composition involved in asthma exacerbations despite inhaled corticosteroid treatment.
37221513	2023	BMC Med Genomics	Journal Article;Research Support, Non-U.S. Gov't	Q6_gwas_lung_regulatory	Association between circulating fatty acid metabolites and asthma risk: a two-sample bidirectional Mendelian randomization study.
37186423	2023	Clin Transl Allergy	Journal Article	Q6_gwas_lung_regulatory	Association of asthma genetic variants with asthma-associated traits reveals molecular pathways of eosinophilic asthma.
37058478	2023	PLoS One	Journal Article;Research Support, Non-U.S. Gov't	Q6_gwas_lung_regulatory	rs66651343 and rs12909095 confer lung cancer risk by regulating CCNDBP1 expression.
38835414	2023	Med Genet	Journal Article	Q6_gwas_lung_regulatory	New insights from genetic studies of eczema.
38137330	2023	Biomedicines	Journal Article	Q8_ipf_tf	Study on Potential Differentially Expressed Genes in Idiopathic Pulmonary Fibrosis by Bioinformatics and Next-Generation Sequencing Data Analysis.
38025194	2023	Glob Med Genet	Journal Article	Q8_ipf_tf	Unraveling FOXO3a and USP18 Functions in Idiopathic Pulmonary Fibrosis through Single-Cell RNA Sequencing of Mouse and Human Lungs.
37950757	2023	Cell Mol Life Sci	Journal Article	Q8_ipf_tf	MiR-326-mediated overexpression of NFIB offsets TGF-β induced epithelial to mesenchymal transition and reverses lung fibrosis.
37928522	2023	Front Immunol	Journal Article;Research Support, Non-U.S. Gov't	Q8_ipf_tf	The molecular mechanism underlying dermatomyositis related interstitial lung disease: evidence from bioinformatic analysis and in vivo validation.
37786685	2023	bioRxiv	Preprint;Journal Article	Q8_ipf_tf	Peripheral Blood Single-Cell Sequencing Uncovers Common and Specific Immune Aberrations in Fibrotic Lung Diseases.
37676731	2023	JCI Insight	Journal Article;Research Support, N.I.H., Extramural;Research Support, Non-U.S. Gov't	Q8_ipf_tf	Epithelial Yap/Taz are required for functional alveolar regeneration following acute lung injury.
37423298	2023	J Biol Chem	Journal Article;Research Support, U.S. Gov't, Non-P.H.S.;Research Support, N.I.H., Extramural	Q8_ipf_tf	Nicotinamide N-methyltransferase mediates lipofibroblast-myofibroblast transition and apoptosis resistance.
37397828	2023	World J Cardiol	Journal Article	Q8_ipf_tf	Identification of potential biomarkers for idiopathic pulmonary fibrosis and validation of TDO2 as a potential therapeutic target.
37295666	2023	Pulm Pharmacol Ther	Journal Article;Research Support, Non-U.S. Gov't	Q8_ipf_tf	S1PR1 attenuates pulmonary fibrosis by inhibiting EndMT and improving endothelial barrier function.
37261432	2023	Elife	Journal Article;Research Support, Non-U.S. Gov't	Q8_ipf_tf	Identification of Paired-related Homeobox Protein 1 as a key mesenchymal transcription factor in pulmonary fibrosis.
37142338	2023	Eur Respir J	Journal Article;Research Support, Non-U.S. Gov't;Research Support, N.I.H., Extramural	Q8_ipf_tf	Single-nucleus chromatin accessibility identifies a critical role for TWIST1 in idiopathic pulmonary fibrosis myofibroblast activity.
37137915	2023	Nat Commun	Journal Article;Research Support, N.I.H., Extramural	Q8_ipf_tf	Lung endothelial cells regulate pulmonary fibrosis through FOXF1/R-Ras signaling.
36927333	2023	Am J Respir Cell Mol Biol	Journal Article;Research Support, N.I.H., Extramural	Q8_ipf_tf	Multiple Fibroblast Subtypes Contribute to Matrix Deposition in Pulmonary Fibrosis.
36862017	2023	Immunol Cell Biol	Journal Article;Research Support, Non-U.S. Gov't	Q8_ipf_tf	Myeloid-specific deletion of activating transcription factor 6 alpha increases CD11b(+) macrophage subpopulations and aggravates lung fibrosis.
36819574	2023	Ann Transl Med	Journal Article	Q8_ipf_tf	Construction of a TFs-miRNA-mRNA network related to idiopathic pulmonary fibrosis.
36688958	2023	Naunyn Schmiedebergs Arch Pharmacol	Journal Article;Research Support, Non-U.S. Gov't	Q8_ipf_tf	Naringin regulates endoplasmic reticulum stress and mitophagy through the ATF3/PINK1 signaling axis to alleviate pulmonary fibrosis.
36651490	2023	J Cell Mol Med	Journal Article;Research Support, Non-U.S. Gov't	Q8_ipf_tf	Pirfenidone suppressed triple-negative breast cancer metastasis by inhibiting the activity of the TGF-β/SMAD pathway.
36585256	2023	Eur Respir J	Journal Article	Q8_ipf_tf	Inhibition of MRTF activation as a clinically achievable anti-fibrotic mechanism for pirfenidone.
36521562	2023	Am J Pathol	Journal Article;Research Support, N.I.H., Extramural;Research Support, Non-U.S. Gov't	Q8_ipf_tf	Transforming Growth Factor-β1 Regulates Peroxisomal Genes/Proteins via Smad Signaling in Idiopathic Pulmonary Fibrosis Fibroblasts and Transgenic Mouse Models.
36216496	2023	Thorax	Journal Article	Q8_ipf_tf	Integrative analyses for the identification of idiopathic pulmonary fibrosis-associated genes and shared loci with other diseases.
36108173	2023	Am J Respir Cell Mol Biol	Journal Article;Research Support, Non-U.S. Gov't;Research Support, N.I.H., Extramural;Research Support, U.S. Gov't, Non-P.H.S.	Q8_ipf_tf	Epithelial Endoplasmic Reticulum Stress Enhances the Risk of Muc5b-associated Lung Fibrosis.
39811093	2023	Heliyon	Journal Article	Q9_copd_asthma_tf	Identification of key genes and regulatory networks involved in the Comorbidity of atrial fibrillation and chronic obstructive pulmonary disease.
37805677	2023	Hua Xi Kou Qiang Yi Xue Za Zhi	Journal Article	Q9_copd_asthma_tf	Exploratory research on the probable shared molecular mechanism and transcription factors between chronic periodontitis and chronic obstructive pulmonary disease.
37773692	2023	Immun Inflamm Dis	Journal Article;Review	Q9_copd_asthma_tf	Activating transcription factor 3: A potential therapeutic target for inflammatory pulmonary diseases.
37740295	2023	Bioinformatics	Journal Article;Research Support, Non-U.S. Gov't	Q9_copd_asthma_tf	GOAT: Gene-level biomarker discovery from multi-Omics data using graph ATtention neural network for eosinophilic asthma subtype.
37678858	2023	Altern Ther Health Med	Journal Article	Q9_copd_asthma_tf	Identification of Characteristic Genes and Immune Cell Infiltration Signatures in Chronic Obstructive Pulmonary Disease.
37598994	2023	Phytochemistry	Journal Article	Q9_copd_asthma_tf	Integrated transcriptomic and metabolomic analysis reveals the molecular basis of tissue-specific accumulation of bioactive steroidal alkaloids in Fritillaria unibracteata.
37525035	2023	Adv Exp Med Biol	Journal Article	Q9_copd_asthma_tf	A Genomic Study of the Japanese Population Focusing on the Glucocorticoid Receptor Interactome Highlights Distinct Genetic Characteristics Associated with Stress Response.
37517067	2023	Mol Biol Rep	Journal Article;Review	Q9_copd_asthma_tf	Exploring redox imbalance and inflammation for asthma therapy.
37464126	2023	Adv Exp Med Biol	Journal Article	Q9_copd_asthma_tf	Innate Immunity, Epithelial Plasticity, and Remodeling in Asthma.
37314436	2023	J Immunol	Journal Article;Research Support, Non-U.S. Gov't;Research Support, N.I.H., Extramural	Q9_copd_asthma_tf	Eos Promotes TH2 Differentiation by Interacting with and Propagating the Activity of STAT5.
37234172	2023	Front Immunol	Journal Article;Research Support, Non-U.S. Gov't	Q9_copd_asthma_tf	MRGPRX2 signaling involves the Lysyl-tRNA synthetase and MITF pathway.
37221323	2023	Funct Integr Genomics	Journal Article	Q9_copd_asthma_tf	Using system biology and bioinformatics to identify the influences of COVID-19 co-infection with influenza virus on COPD.
37216361	2023	Pol J Microbiol	Journal Article	Q9_copd_asthma_tf	Interaction of Biochemical Processes between Chronic Obstructive Pulmonary Disease (COPD), Pulmonary Arterial Hypertension (PAH), and Coronavirus Disease 2019 (COVID-19).
37057099	2023	Front Cardiovasc Med	Journal Article	Q9_copd_asthma_tf	Combining bioinformatics and machine learning to identify common mechanisms and biomarkers of chronic obstructive pulmonary disease and atrial fibrillation.
36937804	2023	Int J Chron Obstruct Pulmon Dis	Journal Article	Q9_copd_asthma_tf	Analysis of Communal Molecular Mechanism Between Chronic Obstructive Pulmonary Disease and Osteoporosis.
36793900	2023	Front Genet	Journal Article	Q9_copd_asthma_tf	Integrative analysis of the expression profiles of whole coding and non-coding RNA transcriptomes and construction of the competing endogenous RNA networks for chronic obstructive pulmonary disease.
36765266	2023	Exp Mol Med	Journal Article;Research Support, Non-U.S. Gov't	Q9_copd_asthma_tf	Activating transcription factor-2 supports the antioxidant capacity and ability of human mesenchymal stem cells to prevent asthmatic airway inflammation.
36698141	2023	Respir Res	Journal Article	Q9_copd_asthma_tf	Airway and parenchyma transcriptomics in a house dust mite model of experimental asthma.
35611785	2023	Comb Chem High Throughput Screen	Journal Article;Research Support, Non-U.S. Gov't	Q9_copd_asthma_tf	Transcriptome Analysis of Traditional Chinese Medicine 'Kechuanning Plaster' in the Treatment of Asthma.
37980331	2023	Cell Death Dis	Journal Article;Research Support, Non-U.S. Gov't	Q10_lung_cancer_tf_network	The long non-coding RNA TAZ-AS202 promotes lung cancer progression via regulation of the E2F1 transcription factor and activation of Ephrin signaling.
37977034	2023	Pathol Res Pract	Journal Article	Q10_lung_cancer_tf_network	ARID3A and ARID3B exert direct regulatory control over the long non-coding RNAs (lncRNAs) MALAT1 and NORAD within the context of non-small cell lung cancer (NSCLC).
37958512	2023	Int J Mol Sci	Journal Article	Q10_lung_cancer_tf_network	ZNF714 Supports Pro-Oncogenic Features in Lung Cancer Cells.
37909971	2023	Anticancer Res	Journal Article	Q10_lung_cancer_tf_network	Novel Biomarker miRNA-625-3p Promotes Cell Proliferation and Metastasis of Lung Adenocarcinoma by Targeting KLF9.
37907529	2023	NPJ Syst Biol Appl	Journal Article;Research Support, Non-U.S. Gov't;Research Support, N.I.H., Extramural	Q10_lung_cancer_tf_network	Data-driven structural analysis of small cell lung cancer transcription factor network suggests potential subtype regulators and transition pathways.
37833332	2023	Sci Rep	Journal Article;Research Support, Non-U.S. Gov't	Q10_lung_cancer_tf_network	PFKP is a prospective prognostic, diagnostic, immunological and drug sensitivity predictor across pan-cancer.
37815204	2023	Radiat Res	Journal Article	Q10_lung_cancer_tf_network	Remodeling of Chromatin Accessibility Regulates the Radiological Responses of NSCLC A549 Cells to High-LET Carbon Ions.
37790409	2023	bioRxiv	Preprint;Journal Article	Q10_lung_cancer_tf_network	Gene regulatory Networks Reveal Sex Difference in Lung Adenocarcinoma.
37754231	2023	Curr Issues Mol Biol	Journal Article	Q10_lung_cancer_tf_network	Long Noncoding RNA TALAM1 Is a Transcriptional Target of the RUNX2 Transcription Factor in Lung Adenocarcinoma.
37625279	2023	Pathol Res Pract	Journal Article	Q10_lung_cancer_tf_network	MiR-375 promotes cisplatin sensitivity of lung adenocarcinoma.
37625265	2023	EBioMedicine	Journal Article	Q10_lung_cancer_tf_network	Sex disparities in non-small cell lung cancer: mechanistic insights from a cRaf transgenic disease model.
37597186	2023	Cell Rep	Journal Article;Research Support, N.I.H., Extramural;Research Support, Non-U.S. Gov't	Q10_lung_cancer_tf_network	Neuroendocrine lineage commitment of small cell lung cancers can be leveraged into p53-independent non-cytotoxic therapy.
37577750	2023	Front Mol Biosci	Journal Article	Q10_lung_cancer_tf_network	Multi-omics analysis of LAMB3 as a potential immunological and biomarker in pan-cancer.
37406091	2023	Proc Natl Acad Sci U S A	Journal Article;Research Support, N.I.H., Extramural;Research Support, Non-U.S. Gov't	Q10_lung_cancer_tf_network	EMT activates exocytotic Rabs to coordinate invasion and immunosuppression in lung cancer.
37397559	2023	Genes Dis	Journal Article	Q10_lung_cancer_tf_network	Hallmark guided identification and characterization of a novel immune-relevant signature for prognostication of recurrence in stage I-III lung adenocarcinoma.
37380924	2023	Discov Oncol	Journal Article	Q10_lung_cancer_tf_network	The biological significance of cuproptosis-key gene MTF1 in pan-cancer and its inhibitory effects on ROS-mediated cell death of liver hepatocellular carcinoma.
37350808	2023	World J Oncol	Journal Article	Q10_lung_cancer_tf_network	Comprehensive Analysis Reveals the Potential Roles of Transcription Factor Dp-1 in Lung Adenocarcinoma.
37329424	2023	Hum Cell	Journal Article;Review	Q10_lung_cancer_tf_network	Implications of xenobiotic-response element(s) and aryl hydrocarbon receptor in health and diseases.
37197420	2023	Front Oncol	Journal Article	Q10_lung_cancer_tf_network	Identifying key transcription factors and immune infiltration in non-small-cell lung cancer using weighted correlation network and Cox regression analyses.
37183947	2023	Crit Rev Eukaryot Gene Expr	Journal Article;Research Support, Non-U.S. Gov't	Q10_lung_cancer_tf_network	Multi-Omics Analysis of the Prognostic and Immunological Role of Runt-Related Transcription Factor 3 in Pan-Cancer.
37150829	2023	J Exp Clin Cancer Res	Journal Article	Q10_lung_cancer_tf_network	Convergence of YAP/TAZ, TEAD and TP63 activity is associated with bronchial premalignant severity and progression.
37067057	2023	Cancer Res	Journal Article;Research Support, N.I.H., Extramural;Research Support, Non-U.S. Gov't	Q10_lung_cancer_tf_network	FOXA2 Cooperates with Mutant KRAS to Drive Invasive Mucinous Adenocarcinoma of the Lung.
37066351	2023	bioRxiv	Preprint;Journal Article	Q10_lung_cancer_tf_network	Data-driven structural analysis of Small Cell Lung Cancer transcription factor network suggests potential subtype regulators and transition pathways.
36930718	2023	Sci Adv	Journal Article	Q10_lung_cancer_tf_network	HDAC3 is critical in tumor development and therapeutic resistance in Kras-mutant non-small cell lung cancer.
36765073	2023	NPJ Syst Biol Appl	Journal Article;Research Support, Non-U.S. Gov't	Q10_lung_cancer_tf_network	Integration of single sample and population analysis for understanding immune evasion mechanisms of lung cancer.
36661515	2023	Curr Issues Mol Biol	Journal Article	Q10_lung_cancer_tf_network	Lung Cancer Gene Regulatory Network of Transcription Factors Related to the Hallmarks of Cancer.
36644609	2023	Dis Markers	Journal Article	Q10_lung_cancer_tf_network	TRIM58 Interacts with ZEB1 to Suppress NSCLC Tumor Malignancy by Promoting ZEB1 Protein Degradation via UPP.
36644230	2023	J Oncol	Journal Article	Q10_lung_cancer_tf_network	Histone Deacetylase 1 Expression and Regulatory Network in Lung Adenocarcinoma Based on Data Mining and Implications for Targeted Treatment.
36635603	2023	Mol Cell Biochem	Journal Article	Q10_lung_cancer_tf_network	Identification of potential biomarkers for papillary thyroid carcinoma by comprehensive bioinformatics analysis.
36634573	2023	Lung Cancer	Journal Article;Research Support, Non-U.S. Gov't	Q10_lung_cancer_tf_network	Expression landscapes in non-small cell lung cancer shaped by the thyroid transcription factor 1.
36605530	2023	Exp Ther Med	Journal Article	Q10_lung_cancer_tf_network	Identification of a transcription factor‑cyclin family genes network in lung adenocarcinoma through bioinformatics analysis and validation through RT‑qPCR.
36493734	2023	Comput Biol Med	Journal Article;Research Support, Non-U.S. Gov't	Q10_lung_cancer_tf_network	Omics-based identification of an NRF2-related auranofin resistance signature in cancer: Insights into drug repurposing.
38661305	2023	Redox Biol	Journal Article;Research Support, N.I.H., Extramural;Research Support, Non-U.S. Gov't	Q11_lung_dev_tf	Modulation of recovery from neonatal hyperoxic lung injury by sex as a biological variable.
38168395	2023	Res Sq	Preprint;Journal Article	Q11_lung_dev_tf	CEBPA restricts alveolar type 2 cell plasticity during development and injury-repair.
38081853	2023	Sci Rep	Journal Article	Q11_lung_dev_tf	Aerobic exercise training mitigates tumor growth and cancer-induced splenomegaly through modulation of non-platelet platelet factor 4 expression.
38026193	2023	iScience	Journal Article	Q11_lung_dev_tf	Human pluripotent stem cell fate trajectories toward lung and hepatocyte progenitors.
38003395	2023	Int J Mol Sci	Journal Article	Q11_lung_dev_tf	Comprehensive Analysis of CircRNA Expression Profiles in Multiple Tissues of Pigs.
37969391	2023	Transl Cancer Res	Journal Article	Q11_lung_dev_tf	The transcription activity of OTX2 on p16 expression is significantly blocked by methylation of CpG shore in non-promoter of lung cancer cell lines.
37936118	2023	J Transl Med	Journal Article;Research Support, Non-U.S. Gov't	Q11_lung_dev_tf	Systematic analysis of various RNA transcripts and construction of biological regulatory networks at the post-transcriptional level for chronic obstructive pulmonary disease.
37873485	2023	bioRxiv	Preprint;Journal Article	Q11_lung_dev_tf	Mast-Cell Expressed Membrane Protein-1 (MCEMP1) is expressed in classical monocytes and alveolar macrophages in Idiopathic Pulmonary Fibrosis and regulates cell chemotaxis, adhesion, and migration in a TGFβ dependent manner.
37868883	2023	J Thorac Dis	Journal Article	Q11_lung_dev_tf	Time-course transcriptome analysis of lungs from mice infected with inhaled aerosolized Stenotrophomonas maltophilia.
37846760	2023	Clin Transl Med	Journal Article;Research Support, Non-U.S. Gov't	Q11_lung_dev_tf	Single-cell RNA sequencing analysis reveals transcriptional heterogeneity of multiple primary lung cancer.
37830426	2023	Elife	Journal Article;Research Support, N.I.H., Extramural;Research Support, Non-U.S. Gov't	Q11_lung_dev_tf	Single-nuclei characterization of pervasive transcriptional signatures across organs in response to COVID-19.
37760494	2023	Cancers (Basel)	Journal Article	Q11_lung_dev_tf	Identifying New Contributors to Brain Metastasis in Lung Adenocarcinoma: A Transcriptomic Meta-Analysis.
37745054	2023	Front Pharmacol	Journal Article	Q11_lung_dev_tf	A cuproptosis-related lncRNA signature-based prognostic model featuring on metastasis and drug selection strategy for patients with lung adenocarcinoma.
38481391	2023	Front Cell Dev Biol	Journal Article	Q12_pah_bpd_tf	c-Myc Drives inflammation of the maternal-fetal interface, and neonatal lung remodeling induced by intra-amniotic inflammation.
38173934	2023	Front Physiol	Journal Article	Q12_pah_bpd_tf	Club cell CREB regulates the goblet cell transcriptional network and pro-mucin effects of IL-1B.
38152377	2023	Front Microbiol	Journal Article	Q12_pah_bpd_tf	Boolean model of the gene regulatory network of Pseudomonas aeruginosa CCBH4851.
38093274	2023	Respir Res	Journal Article	Q12_pah_bpd_tf	Tom70-regulated mitochondrial biogenesis via TFAM improves hypoxia-induced dysfunction of pulmonary vascular endothelial cells and alleviates hypoxic pulmonary hypertension.
38011243	2023	Circulation	Letter;Research Support, Non-U.S. Gov't;Comment	Q12_pah_bpd_tf	Response by Walters et al to Letter Regarding Article, "SOX17 Enhancer Variants Disrupt Transcription Factor Binding and Enhancer Inactivity Drives Pulmonary Hypertension".
38011241	2023	Circulation	Letter;Comment	Q12_pah_bpd_tf	Letter by Li et al Regarding Article, "SOX17 Enhancer Variants Disrupt Transcription Factor Binding and Enhancer Inactivity Drives Pulmonary Hypertension".
38001831	2023	Antioxidants (Basel)	Journal Article;Review	Q12_pah_bpd_tf	Unleashing the Potential of Nrf2: A Novel Therapeutic Target for Pulmonary Vascular Remodeling.
37989727	2023	Nat Commun	Journal Article;Research Support, Non-U.S. Gov't;Research Support, N.I.H., Extramural	Q12_pah_bpd_tf	Reduced FOXF1 links unrepaired DNA damage to pulmonary arterial hypertension.
37847687	2023	Am J Physiol Lung Cell Mol Physiol	Journal Article;Research Support, N.I.H., Extramural	Q12_pah_bpd_tf	Loss of prolyl hydroxylase 1 and 2 in SM22α-expressing cells prevents Hypoxia-Induced pulmonary hypertension.
37737027	2023	Hypertension	Journal Article	Q12_pah_bpd_tf	E2F1 Mediates SOX17 Deficiency-Induced Pulmonary Hypertension.
37549728	2023	Eur J Pharmacol	Journal Article	Q12_pah_bpd_tf	Downregulation of PDCD4 through STAT3/ATF6/autophagy mediates MIF-induced PASMCs proliferation/migration and vascular remodeling.
37534549	2023	Echocardiography	Journal Article	Q12_pah_bpd_tf	Association of FOXO3A with right ventricular myocardial fibrosis and its detection by speckle-tracking echocardiography in pulmonary hypertension.
37502997	2023	Res Sq	Preprint;Journal Article	Q12_pah_bpd_tf	XBP1-mediated transcriptional regulation of SLC5A1 in human epithelial cells in disease conditions.
37463421	2023	Mol Biol Evol	Journal Article;Research Support, N.I.H., Extramural;Research Support, Non-U.S. Gov't;Research Support, U.S. Gov't, Non-P.H.S.	Q12_pah_bpd_tf	High-Altitude Andean H194R HIF2A Allele Is a Hypomorphic Allele.
37356737	2023	Biochim Biophys Acta Mol Basis Dis	Journal Article;Research Support, Non-U.S. Gov't	Q12_pah_bpd_tf	Role of KLF4/NDRG1/DRP1 axis in hypoxia-induced pulmonary hypertension.
37254738	2023	Hypertension	Journal Article;Research Support, Non-U.S. Gov't	Q12_pah_bpd_tf	Notch3/Hes5 Induces Vascular Dysfunction in Hypoxia-Induced Pulmonary Hypertension Through ER Stress and Redox-Sensitive Pathways.
37230431	2023	Int J Radiat Oncol Biol Phys	Journal Article	Q12_pah_bpd_tf	STING-Dependent Sensing of Self-DNA Driving Pyroptosis Contributes to Radiation-Induced Lung Injury.
37146099	2023	Am J Respir Cell Mol Biol	Journal Article;Research Support, Non-U.S. Gov't	Q12_pah_bpd_tf	RNA Binding Protein Quaking Promotes Hypoxia-induced Smooth Muscle Reprogramming in Pulmonary Hypertension.
37139839	2023	Arterioscler Thromb Vasc Biol	Journal Article;Research Support, Non-U.S. Gov't	Q12_pah_bpd_tf	Super Enhancer-Associated Circular RNA-CircKrt4 Regulates Hypoxic Pulmonary Artery Endothelial Cell Dysfunction in Mice.
37087509	2023	Sci Rep	Journal Article;Research Support, N.I.H., Extramural;Research Support, Non-U.S. Gov't	Q12_pah_bpd_tf	GATA6 coordinates cross-talk between BMP10 and oxidative stress axis in pulmonary arterial hypertension.
37042252	2023	Circ Res	Journal Article;Research Support, Non-U.S. Gov't	Q12_pah_bpd_tf	Targeting Wnt-ß-Catenin-FOSL Signaling Ameliorates Right Ventricular Remodeling.
37009479	2023	Front Cell Dev Biol	Journal Article;Review	Q12_pah_bpd_tf	Transcription factors and potential therapeutic targets for pulmonary hypertension.
37002243	2023	Nat Commun	Journal Article;Research Support, Non-U.S. Gov't	Q12_pah_bpd_tf	Single-cell analysis of peripheral blood from high-altitude pulmonary hypertension patients identifies a distinct monocyte phenotype.
36952679	2023	Am J Respir Cell Mol Biol	Journal Article;Research Support, Non-U.S. Gov't	Q12_pah_bpd_tf	Ionocyte-Specific Regulation of Cystic Fibrosis Transmembrane Conductance Regulator.
36923253	2023	Front Cell Dev Biol	Journal Article;Review	Q12_pah_bpd_tf	Updated perspective of EPAS1 and the role in pulmonary hypertension.
36824855	2023	bioRxiv	Preprint;Journal Article	Q12_pah_bpd_tf	E2F1 Mediates SOX17 Deficiency-Induced Pulmonary Hypertension.
36730645	2023	Am J Respir Cell Mol Biol	Journal Article;Research Support, Non-U.S. Gov't	Q12_pah_bpd_tf	Shear Stress Markedly Alters the Proteomic Response to Hypoxia in Human Pulmonary Endothelial Cells.
36347997	2023	Acta Pharmacol Sin	Journal Article	Q12_pah_bpd_tf	Alpha lipoamide inhibits diabetic kidney fibrosis via improving mitochondrial function and regulating RXRα expression and activation.
36287630	2023	Am J Respir Cell Mol Biol	Journal Article;Research Support, N.I.H., Extramural	Q12_pah_bpd_tf	Microbial-induced Redox Imbalance in the Neonatal Lung Is Ameliorated by Live Biotherapeutics.
39661202	2024	Funct Integr Genomics	Journal Article	Q1_lung_GRN_disease	Integration of osimertinib-targeted EGFR gene-associated differential gene expression in constructing a prognostic model for lung adenocarcinoma.
39562161	2024	Brief Bioinform	Journal Article	Q1_lung_GRN_disease	The mathematical exploration for the mechanism of lung adenocarcinoma formation and progression.
39548564	2024	J Transl Med	Journal Article;Research Support, Non-U.S. Gov't	Q1_lung_GRN_disease	Modulation of SRC by SNTB1 activates the Hippo-YAP pathway during colon adenocarcinoma metastasis.
39495350	2024	Mol Biol Rep	Journal Article	Q1_lung_GRN_disease	Clinical significance and potential mechanism of hsa_circ_0006892 in acute respiratory distress syndrome complicated with pulmonary fibrosis.
39432502	2024	PLoS One	Journal Article	Q1_lung_GRN_disease	Genetic insights into the connection between pulmonary TB and non-communicable diseases: An integrated analysis of shared genes and potential treatment targets.
39428538	2024	Clin Respir J	Journal Article	Q1_lung_GRN_disease	Identification of a Plasma Exosomal lncRNA- and circRNA-Based ceRNA Regulatory Network in Patients With Lung Adenocarcinoma.
39409003	2024	Int J Mol Sci	Journal Article	Q1_lung_GRN_disease	Modulation of the Oncogenic LINE-1 Regulatory Network in Non-Small Cell Lung Cancer by Exosomal miRNAs.
39386572	2024	bioRxiv	Journal Article;Preprint	Q1_lung_GRN_disease	A Graph-Informed Modeling Framework Empowering Gene Pathway Discovery.
39386212	2024	Front Immunol	Journal Article;Review	Q1_lung_GRN_disease	Transformation of macrophages into myofibroblasts in fibrosis-related diseases: emerging biological concepts and potential mechanism.
39364128	2024	Biosci Microbiota Food Health	Journal Article;Review	Q1_lung_GRN_disease	Regulation effect of the intestinal flora and intervention strategies targeting the intestinal flora in alleviation of pulmonary fibrosis development.
39347495	2024	Exp Ther Med	Journal Article	Q1_lung_GRN_disease	Transcriptomic analysis and validation study of key genes and the HIF‑1α/HO‑1 pathway associated with ferroptosis in neutrophilic asthma.
39334033	2024	BMC Pulm Med	Journal Article	Q1_lung_GRN_disease	Prognostic value and molecular mechanisms of OAS1 in lung adenocarcinoma.
39287231	2024	Medicine (Baltimore)	Journal Article	Q1_lung_GRN_disease	An abnormal metabolism-related gene, ALG3, is a potential diagnostic and prognostic biomarker for lung adenocarcinoma.
39193519	2024	PeerJ	Journal Article	Q1_lung_GRN_disease	Study of LY9 as a potential biomarker for prognosis and prediction of immunotherapy efficacy in lung adenocarcinoma.
39156986	2024	Open Life Sci	Journal Article;Review	Q1_lung_GRN_disease	Long non-coding RNAs in bone formation: Key regulators and therapeutic prospects.
39139574	2024	Front Immunol	Journal Article;Research Support, Non-U.S. Gov't	Q1_lung_GRN_disease	Circ_BBS9 as an early diagnostic biomarker for lung adenocarcinoma: direct interaction with IFIT3 in the modulation of tumor immune microenvironment.
39067173	2024	Pathol Res Pract	Journal Article	Q1_lung_GRN_disease	miR-3202 inhibits bronchopulmonary dysplasia-mediated apoptosis and oxidative stress in bronchial epithelial cells via targeting RAG1.
39053644	2024	Biosystems	Journal Article	Q1_lung_GRN_disease	Construction of pan-cancer regulatory networks based on causal inference.
39024368	2024	PLoS One	Journal Article	Q1_lung_GRN_disease	In-silico discovery of common molecular signatures for which SARS-CoV-2 infections and lung diseases stimulate each other, and drug repurposing.
38935070	2024	Brief Bioinform	Journal Article;Research Support, Non-U.S. Gov't	Q1_lung_GRN_disease	Inference of gene regulatory networks based on directed graph convolutional networks.
38933922	2024	Front Genet	Journal Article	Q1_lung_GRN_disease	Construction of a ceRNA network and screening of potential biomarkers and molecular targets in male smokers with chronic obstructive pulmonary disease.
39790420	2024	Ann Thorac Surg Short Rep	Case Reports;Journal Article	Q2_scenic_lung	The Scenic Route: Lingular Metastasectomy Through the Right Chest.
39470195	2024	Antimicrob Agents Chemother	Journal Article;Research Support, N.I.H., Extramural;Research Support, Non-U.S. Gov't	Q2_scenic_lung	Multidrug tolerance conferred by loss-of-function mutations in anti-sigma factor RshA of Mycobacterium abscessus.
39302699	2024	J Proteome Res	Journal Article;Research Support, Non-U.S. Gov't	Q2_scenic_lung	Functional and Proteomic Dissection of the Contributions of CodY, SigB and the Hibernation Promoting Factor HPF to Interactions of Staphylococcus aureus USA300 with Human Lung Epithelial Cells.
38938612	2024	PeerJ	Journal Article	Q2_scenic_lung	Integrated bulk and single-cell RNA sequencing identifies an aneuploidy-based gene signature to predict sensitivity of lung adenocarcinoma to traditional chemotherapy drugs and patients' prognosis.
38735760	2024	J Gene Med	Journal Article;Research Support, Non-U.S. Gov't	Q2_scenic_lung	Single-cell transcriptome analysis reveals heterogeneity of neutrophils in non-small cell lung cancer.
38601160	2024	Front Immunol	Journal Article;Research Support, Non-U.S. Gov't	Q2_scenic_lung	Elucidating the changes in the heterogeneity and function of radiation-induced cardiac macrophages using single-cell RNA sequencing.
38531851	2024	Cell Discov	Journal Article	Q2_scenic_lung	Fast and flexible profiling of chromatin accessibility and total RNA expression in single nuclei using Microwell-seq3.
38390340	2024	Front Immunol	Journal Article;Research Support, Non-U.S. Gov't	Q2_scenic_lung	Single-cell and Bulk RNA-Seq reveal angiogenic heterogeneity and microenvironmental features to evaluate prognosis and therapeutic response in lung adenocarcinoma.
38343549	2024	Front Immunol	Journal Article;Research Support, Non-U.S. Gov't	Q2_scenic_lung	ADGRE5-centered Tsurv model in T cells recognizes responders to neoadjuvant cancer immunotherapy.
38305162	2024	Microbiol Spectr	Journal Article;Research Support, N.I.H., Intramural	Q2_scenic_lung	Time-resolved RNA-seq analysis to unravel the in vivo competence induction by Streptococcus pneumoniae during pneumonia-derived sepsis.
38170765	2024	Sci Adv	Journal Article;Research Support, Non-U.S. Gov't;Research Support, N.I.H., Extramural	Q2_scenic_lung	The chemokine receptor CXCR3 promotes CD8(+) T cell-dependent lung pathology during influenza pathogenesis.
38099618	2024	Microbiol Spectr	Journal Article;Research Support, Non-U.S. Gov't	Q2_scenic_lung	Klebsiella pneumoniae OmpR facilitates lung infection through transcriptional regulation of key virulence factors.
38051640	2024	Am J Respir Cell Mol Biol	Journal Article;Research Support, Non-U.S. Gov't	Q2_scenic_lung	Mutual Regulation of Transcriptomes between Murine Pneumocytes and Fibroblasts Mediates Alveolar Regeneration in Air-Liquid Interface Cultures.
40692702	2024	bioRxiv	Journal Article;Preprint	Q4_lung_atlas	SenSet, a novel human lung senescence cell gene signature, identifies cell-specific senescence mechanisms.
39635464	2024	Pulm Circ	Journal Article	Q4_lung_atlas	THBS1 mediates hypoxia driven EndMT in pulmonary hypertension.
39151642	2024	Autoimmun Rev	Journal Article;Review	Q4_lung_atlas	Research Progress in pathogenesis of connective tissue disease-associated interstitial lung disease from the perspective of pulmonary cells.
39111731	2024	J Thorac Oncol	Journal Article;Research Support, N.I.H., Extramural	Q4_lung_atlas	Lung-MAP Next-Generation Sequencing Analysis of Advanced Squamous Cell Lung Cancers (SWOG S1400).
38948058	2024	Theranostics	Journal Article;Research Support, Non-U.S. Gov't	Q4_lung_atlas	Highlighting fibroblast plasticity in lung fibrosis: the WI-38 cell line as a model for investigating the myofibroblast and lipofibroblast switch.
38852790	2024	Clin Chim Acta	Journal Article	Q4_lung_atlas	The solute carrier family 26 member 9 modifies rapidly progressing cystic fibrosis associated with homozygous F508del CFTR mutation.
38830933	2024	Sci Rep	Journal Article	Q4_lung_atlas	Crocin's role in modulating MMP2/TIMP1 and mitigating hypoxia-induced pulmonary hypertension in mice.
38824778	2024	J Hazard Mater	Journal Article;Research Support, Non-U.S. Gov't	Q4_lung_atlas	Gas6-Axl signal promotes indoor VOCs exposure-induced pulmonary fibrosis via pulmonary microvascular endothelial cells-fibroblasts cross-talk.
38597608	2024	Oncologist	Journal Article	Q4_lung_atlas	A process to reanalyze clinical DNA sequencing data for biomarker matching in the Lung-MAP Master Protocol.
38277235	2024	Clin Cancer Res	Journal Article	Q4_lung_atlas	Multi-omics Analysis Reveals Immune Features Associated with Immunotherapy Benefit in Patients with Squamous Cell Lung Cancer from Phase III Lung-MAP S1400I Trial.
38109690	2024	Am J Respir Cell Mol Biol	Editorial;Research Support, N.I.H., Extramural;Comment	Q4_lung_atlas	Mapping a New Course to Understand Lung Biology Mechanisms: LungMAP.net.
37903180	2024	Clin Cancer Res	Journal Article	Q4_lung_atlas	Novel Approach to Accelerate Lung Cancer Research: Lung-MAP and the Potential of Public-Private Partnerships.
36413377	2024	Am J Respir Cell Mol Biol	Journal Article;Research Support, N.I.H., Extramural	Q4_lung_atlas	LungMAP Portal Ecosystem: Systems-level Exploration of the Lung.
39651207	2024	bioRxiv	Journal Article;Preprint	Q5_lung_chipseq_tf	Transcriptional Regulation of Mammary Alveolar Proliferation and Differentiation during Early Pregnancy.
39042472	2024	JCI Insight	Journal Article;Research Support, Non-U.S. Gov't;Research Support, N.I.H., Extramural	Q5_lung_chipseq_tf	EGR2 is an epigenomic regulator of phagocytosis and antifungal immunity in alveolar macrophages.
39039254	2024	Arch Pharm Res	Journal Article	Q5_lung_chipseq_tf	C-phycocyanin reinforces autophagy to block pulmonary fibrogenesis by inhibiting lncIAPF biogenesis.
38976739	2024	Proc Natl Acad Sci U S A	Journal Article	Q5_lung_chipseq_tf	SP1 undergoes phase separation and activates RGS20 expression through super-enhancers to promote lung adenocarcinoma progression.
39649580	2024	medRxiv	Journal Article;Preprint	Q6_gwas_lung_regulatory	Multi-ancestry genome-wide association study reveals novel genetic signals for lung function decline.
39628479	2024	Front Immunol	Journal Article	Q6_gwas_lung_regulatory	Unspecified asthma, childhood-onset, and adult-onset asthma have different causal genes: a Mendelian randomization analysis.
39614943	2024	Discov Oncol	Journal Article	Q6_gwas_lung_regulatory	The immune cells causative role in lung cancer: Mendelian randomization study.
39558015	2024	Sci Rep	Journal Article	Q6_gwas_lung_regulatory	A cross-tissue transcriptome-wide association study reveals GRK4 as a novel susceptibility gene for COPD.
39529882	2024	Front Pharmacol	Journal Article	Q6_gwas_lung_regulatory	Therapeutic targets for lung cancer: genome-wide Mendelian randomization and colocalization analyses.
39418301	2024	PLoS Comput Biol	Journal Article	Q6_gwas_lung_regulatory	Partial correlation network analysis identifies coordinated gene expression within a regional cluster of COPD genome-wide association signals.
39409885	2024	Cancers (Basel)	Journal Article	Q6_gwas_lung_regulatory	Germline Polymorphisms Associated with Overall Survival in Lung Adenocarcinoma: Genome-Wide Analysis.
39337460	2024	Int J Mol Sci	Journal Article	Q6_gwas_lung_regulatory	CD4(+) Effective Memory T Cell Markers GBP2 and LAG3 Are Risk Factors for PTB and COVID-19 Infection: A Study Integrating Single-Cell Expression Quantitative Trait Locus and Mendelian Randomization Analyses.
39261450	2024	Nat Commun	Journal Article;Observational Study;Research Support, Non-U.S. Gov't	Q6_gwas_lung_regulatory	An observational and genetic investigation into the association between psoriasis and risk of malignancy.
39253131	2024	Heliyon	Journal Article	Q6_gwas_lung_regulatory	Potential drug targets for osteoporosis identified: A Mendelian randomization study.
39174688	2024	Genes Immun	Journal Article;Meta-Analysis;Research Support, Non-U.S. Gov't	Q6_gwas_lung_regulatory	Deciphering the role of oxidative stress genes in idiopathic pulmonary fibrosis: a multi-omics mendelian randomization approach.
39167456	2024	Circulation	Journal Article	Q6_gwas_lung_regulatory	Integrative Multiomics in the Lung Reveals a Protective Role of Asporin in Pulmonary Arterial Hypertension.
39138392	2024	BMC Cancer	Journal Article	Q6_gwas_lung_regulatory	Integration of QTL and comprehensive analysis in the circulating inflammatory cytokines for pan-cancer.
39107801	2024	Genome Biol	Journal Article;Research Support, Non-U.S. Gov't	Q6_gwas_lung_regulatory	DNA-binding factor footprints and enhancer RNAs identify functional non-coding genetic variants.
39044823	2024	Front Immunol	Journal Article	Q6_gwas_lung_regulatory	Causal effects of autoimmune diseases on temporomandibular disorders and the mediating pathways: a Mendelian randomization study.
39040187	2024	medRxiv	Journal Article;Preprint	Q6_gwas_lung_regulatory	Context-specific eQTLs reveal causal genes underlying shared genetic architecture of critically ill COVID-19 and idiopathic pulmonary fibrosis.
39040180	2024	medRxiv	Journal Article;Preprint	Q6_gwas_lung_regulatory	Overlap between COPD genetic association results and transcriptional quantitative trait loci.
39040085	2024	World Allergy Organ J	Journal Article	Q6_gwas_lung_regulatory	Unraveling genetic threads: Identifying novel therapeutic targets for allergic rhinitis through Mendelian randomization.
39003419	2024	Commun Biol	Journal Article;Research Support, Non-U.S. Gov't	Q6_gwas_lung_regulatory	Integrating apaQTL and eQTL analysis identifies a potential causal variant associated with lung adenocarcinoma risk in the Chinese population.
38992576	2024	BMC Genomics	Journal Article	Q6_gwas_lung_regulatory	Expression genome-wide association study identifies key regulatory variants enriched with metabolic and immune functions in four porcine tissues.
38981476	2024	Cell Genom	Journal Article	Q6_gwas_lung_regulatory	Crosstalk between epitranscriptomic and epigenomic modifications and its implication in human diseases.
38901884	2024	Eur Respir J	Journal Article	Q6_gwas_lung_regulatory	Epigenomic partitioning of a polygenic risk score for asthma reveals distinct genetically driven disease pathways.
38817868	2024	J Cancer	Journal Article	Q6_gwas_lung_regulatory	Exploring the Common Genetic Underpinnings of Chronic Pulmonary Disease and Esophageal Carcinoma Susceptibility.
38812518	2024	Front Immunol	Journal Article;Research Support, Non-U.S. Gov't	Q6_gwas_lung_regulatory	Pathogenic role of different phenotypes of immune cells in airway allergic diseases: a study based on Mendelian randomization.
38811393	2024	Arch Toxicol	Journal Article;Research Support, Non-U.S. Gov't	Q6_gwas_lung_regulatory	Multi-omics and multi-stages integration identified a novel variant associated with silicosis risk.
38783236	2024	Respir Res	Journal Article	Q6_gwas_lung_regulatory	Identifying potential drug targets for idiopathic pulmonary fibrosis: a mendelian randomization study based on the druggable genes.
38759092	2024	Cancer Res	Journal Article;Research Support, N.I.H., Extramural	Q6_gwas_lung_regulatory	Large-Scale Alternative Polyadenylation-Wide Association Studies to Identify Putative Cancer Susceptibility Genes.
38689208	2024	BMC Genomics	Journal Article	Q6_gwas_lung_regulatory	Cis-eQTLs in seven duck tissues identify novel candidate genes for growth and carcass traits.
38660492	2024	Front Cell Infect Microbiol	Journal Article;Research Support, Non-U.S. Gov't	Q6_gwas_lung_regulatory	Mendelian randomization analysis identifies druggable genes and drugs repurposing for chronic obstructive pulmonary disease.
38581999	2024	Comput Biol Med	Journal Article;Research Support, Non-U.S. Gov't	Q6_gwas_lung_regulatory	Characterization of cell cycle, inflammation, and oxidative stress signaling role in non-communicable diseases: Insights into genetic variants, microRNAs and pathways.
38538875	2024	Arch Toxicol	Journal Article	Q6_gwas_lung_regulatory	Integration of apaQTL and eQTL analysis reveals novel SNPs associated with occupational pulmonary fibrosis risk.
38495498	2024	J Cancer	Journal Article	Q6_gwas_lung_regulatory	Illuminating Shared Genetic Associations Between Oesophageal Carcinoma and Pulmonary Carcinoma Risk.
38490207	2024	Am J Hum Genet	Journal Article;Research Support, Non-U.S. Gov't;Research Support, N.I.H., Extramural	Q6_gwas_lung_regulatory	The association of cigarette smoking with DNA methylation and gene expression in human tissue samples.
38456412	2024	J Am Heart Assoc	Journal Article;Research Support, Non-U.S. Gov't	Q6_gwas_lung_regulatory	Mendelian Randomization Study With Clinical Follow-Up Links Metabolites to Risk and Severity of Pulmonary Arterial Hypertension.
38417378	2024	EBioMedicine	Journal Article	Q6_gwas_lung_regulatory	Identification of a distal enhancer regulating hedgehog interacting protein gene in human lung epithelial cells.
38370648	2024	medRxiv	Preprint;Journal Article	Q6_gwas_lung_regulatory	Rhinovirus infection of airway epithelial cells uncovers the non-ciliated subset as a likely driver of genetic susceptibility to childhood-onset asthma.
38284126	2024	Am J Physiol Cell Physiol	Journal Article;Review;Research Support, Non-U.S. Gov't	Q6_gwas_lung_regulatory	Secreted ADAMTS-like proteins as regulators of connective tissue function.
38262497	2024	Cancer Lett	Journal Article;Research Support, Non-U.S. Gov't	Q6_gwas_lung_regulatory	Comprehensive functional interrogation of susceptibility loci in GWASs identified KIAA0391 as a novel oncogenic driver via regulating pyroptosis in NSCLC.
38180474	2024	Cancer Epidemiol Biomarkers Prev	Journal Article;Research Support, Non-U.S. Gov't;Research Support, N.I.H., Extramural	Q6_gwas_lung_regulatory	Lung Cancer in Ever- and Never-Smokers: Findings from Multi-Population GWAS Studies.
38055287	2024	Cancer	Meta-Analysis;Journal Article;Research Support, Non-U.S. Gov't	Q6_gwas_lung_regulatory	Identification of genetically predicted DNA methylation markers associated with non-small cell lung cancer risk among 34,964 cases and 448,579 controls.
37930192	2024	Hum Mol Genet	Journal Article;Research Support, Non-U.S. Gov't;Research Support, N.I.H., Extramural	Q6_gwas_lung_regulatory	Three linked variants have opposing regulatory effects on isovaleryl-CoA dehydrogenase gene expression.
37873299	2024	medRxiv	Journal Article;Preprint	Q6_gwas_lung_regulatory	Enhancing Disease Risk Gene Discovery by Integrating Transcription Factor-Linked Trans-located Variants into Transcriptome-Wide Association Analyses.
39944354	2024	Front Genet	Journal Article	Q8_ipf_tf	Identifying health risk determinants and molecular targets in patients with idiopathic pulmonary fibrosis via combined differential and weighted gene co-expression analysis.
39601876	2024	Lung	Journal Article;Review	Q8_ipf_tf	The Reparative Effect of FOXM1 in Pulmonary Disease.
39487505	2024	Respir Res	Journal Article	Q8_ipf_tf	Loss of interferon regulatory factor-1 prevents lung fibrosis by upregulation of pon1 expression.
39342428	2024	Mol Ther	Journal Article	Q8_ipf_tf	GTSE1-driven ZEB1 stabilization promotes pulmonary fibrosis through the epithelial-to-mesenchymal transition.
39329703	2024	Cells	Journal Article;Review	Q8_ipf_tf	YAP/TAZ Signaling in the Pathobiology of Pulmonary Fibrosis.
39257588	2024	Front Immunol	Journal Article	Q8_ipf_tf	Lactylation signature identifies liver fibrosis phenotypes and traces fibrotic progression to hepatocellular carcinoma.
39205185	2024	Viruses	Journal Article;Comparative Study;Research Support, Non-U.S. Gov't	Q8_ipf_tf	Comparative Transcriptomic Analyses of Peripheral Blood Mononuclear Cells of COVID-19 Patients without Pneumonia and with Severe Pneumonia in the First Year of Follow-Up.
39190377	2024	Discov Med	Journal Article	Q8_ipf_tf	USP7 Promotes TGF-β1 Signaling by De-Ubiquitinating Smad2/Smad3 in Pulmonary Fibrosis.
39164231	2024	Nat Commun	Journal Article;Research Support, N.I.H., Extramural	Q8_ipf_tf	RIOK2 transcriptionally regulates TRiC and dyskerin complexes to prevent telomere shortening.
39119800	2024	Stem Cells Dev	Journal Article;Research Support, Non-U.S. Gov't	Q8_ipf_tf	YAP Alleviates Pulmonary Fibrosis Through Promoting Alveolar Regeneration via Modulating the Stemness of Alveolar Type 2 Cells.
38937806	2024	J Transl Med	Journal Article;Research Support, Non-U.S. Gov't	Q8_ipf_tf	Multiomic analysis of monocyte-derived alveolar macrophages in idiopathic pulmonary fibrosis.
38926528	2024	Cell Death Differ	Journal Article	Q8_ipf_tf	FRMD6 determines the cell fate towards senescence: involvement of the Hippo-YAP-CCN3 axis.
38915485	2024	bioRxiv	Journal Article;Preprint	Q8_ipf_tf	ATF4 and mTOR regulate metabolic reprogramming in TGF-β-treated lung fibroblasts.
38860355	2024	APMIS	Journal Article	Q8_ipf_tf	Changes in T-cell subsets occur in interstitial lung disease and may contribute to pathology via complicated immune cascade.
38779986	2024	J Eur Acad Dermatol Venereol	Journal Article;Review	Q8_ipf_tf	The role of interleukin-36 in health and disease states.
38699746	2024	Heliyon	Journal Article	Q8_ipf_tf	Identification of shared molecular mechanisms and diagnostic biomarkers between heart failure and idiopathic pulmonary fibrosis.
38697427	2024	Int J Biol Macromol	Journal Article	Q8_ipf_tf	Involvement of E3 ubiquitin ligase NEDD4-mediated YY1 ubiquitination in alleviating idiopathic pulmonary fibrosis.
38659897	2024	bioRxiv	Preprint;Journal Article	Q8_ipf_tf	A protective role for B-1 cells and oxidation-specific epitope IgM in lung fibrosis.
38578518	2024	Cell Biol Toxicol	Journal Article;Research Support, Non-U.S. Gov't	Q8_ipf_tf	Administration of Gas6 attenuates lung fibrosis via inhibition of the epithelial-mesenchymal transition and fibroblast activation.
38449967	2024	Cureus	Case Reports;Journal Article	Q8_ipf_tf	Idiopathic Pulmonary Fibrosis Comorbid With Mediastinal Small Cell Carcinoma: A Clinical Dilemma.
38349858	2024	Aging (Albany NY)	Journal Article;Research Support, Non-U.S. Gov't	Q8_ipf_tf	Transcriptomic and network analysis identifies shared and unique pathways and immune changes across fibrotic interstitial lung diseases.
38343832	2024	Res Sq	Preprint;Journal Article	Q8_ipf_tf	Endothelial Erg Regulates Expression of Pulmonary Lymphatic Junctional and Inflammation Genes in Mouse Lungs Impacting Lymphatic Transport.
38252663	2024	Am J Physiol Lung Cell Mol Physiol	Journal Article	Q8_ipf_tf	Brg1/PRMT5 nuclear complex epigenetically regulates FOXO1 in IPF mesenchymal progenitor cells.
38173372	2024	Diabetes Metab J	Journal Article;Research Support, Non-U.S. Gov't	Q8_ipf_tf	DWN12088, A Prolyl-tRNA Synthetase Inhibitor, Alleviates Hepatic Injury in Nonalcoholic Steatohepatitis.
37933452	2024	Am J Physiol Lung Cell Mol Physiol	Journal Article;Research Support, Non-U.S. Gov't;Research Support, N.I.H., Extramural	Q8_ipf_tf	Genetic deficiency of the transcription factor NFAT1 confers protection against fibrogenic responses independent of immune influx.
37093513	2024	Mol Cell Biochem	Journal Article;Review	Q8_ipf_tf	GDF15 as a key disease target and biomarker: linking chronic lung diseases and ageing.
39465738	2024	Medicine (Baltimore)	Journal Article	Q9_copd_asthma_tf	Exploring medication rules and mechanism of Chinese medicine for children with cough variant asthma based on data mining, network pharmacology, and molecular docking.
38873611	2024	Front Immunol	Journal Article	Q9_copd_asthma_tf	Identification of novel biomarkers related to neutrophilic inflammation in COPD.
38787375	2024	Aging (Albany NY)	Journal Article	Q9_copd_asthma_tf	Potential marker genes for chronic obstructive pulmonary disease revealed based on single-cell sequencing and Mendelian randomization analysis.
38783263	2024	BMC Med Genomics	Journal Article	Q9_copd_asthma_tf	Identification of mitochondria-related biomarkers in childhood allergic asthma.
38640424	2024	Cell Cycle	Journal Article	Q9_copd_asthma_tf	Discovery of common molecular signatures and drug repurposing for COVID-19/Asthma comorbidity: ACE2 and multi-partite networks.
38615654	2024	Pharmacology	Journal Article	Q9_copd_asthma_tf	Codonopsis Radix Inhibits the Inflammatory Response and Oxidative Stress in Chronic Obstructive Pulmonary Disease Mice through Regulation of the Nrf2/NF-κB Signaling Pathway.
38517701	2024	J Asthma	Journal Article	Q9_copd_asthma_tf	Analysis of the potential molecular mechanisms of asthma and gastroesophageal reflux disease.
38493956	2024	Mucosal Immunol	Journal Article	Q9_copd_asthma_tf	TL1A priming induces a multi-cytokine Th9 cell phenotype that promotes robust allergic inflammation in murine models of asthma.
38432578	2024	J Ethnopharmacol	Journal Article	Q9_copd_asthma_tf	Integrated network pharmacology and pharmacological investigations to explore the potential mechanism of Ding-Chuan-Tang against chronic obstructive pulmonary disease.
38387192	2024	Int Immunopharmacol	Journal Article	Q9_copd_asthma_tf	Modulating Th1/Th2 drift in asthma-related immune inflammation by enhancing bone mesenchymal stem cell homing through targeted inhibition of the Notch1/Jagged1 signaling pathway.
38373665	2024	J Ethnopharmacol	Journal Article	Q9_copd_asthma_tf	Jiawei Yanghe Decoction attenuate allergic airway inflammation by suppressing group 2 innate lymphoid cells responses.
38372090	2024	Cell Mol Biol (Noisy-le-grand)	Journal Article	Q9_copd_asthma_tf	Inhibition of RXRA-mediated PLA2G2A improves delirium in COPD mice by regulating endoplasmic reticulum stress pathway and inhibiting cell apoptosis.
38342020	2024	Phytomedicine	Journal Article	Q9_copd_asthma_tf	Molecular mechanism of Jianpiyifei II granules in the treatment of chronic obstructive pulmonary disease: Network pharmacology analysis, molecular docking, and experimental assessment.
38320732	2024	Exp Gerontol	Journal Article;Research Support, Non-U.S. Gov't	Q9_copd_asthma_tf	Identification of genes and key pathways underlying the pathophysiological association between sarcopenia and chronic obstructive pulmonary disease.
38124673	2024	Environ Toxicol	Journal Article	Q9_copd_asthma_tf	Multiplexed transcriptional profiling of Dermatophagoides house dust mites allergens in human epithelium cells.
39678581	2024	Am J Transl Res	Journal Article	Q10_lung_cancer_tf_network	Comprehensive analysis of the transcription factor CREB3L4/RASEF signaling axis in lung adenocarcinoma: implications for pathogenesis and therapeutic strategies.
39551792	2024	J Exp Clin Cancer Res	Journal Article	Q10_lung_cancer_tf_network	S1PR1 suppresses lung adenocarcinoma progression through p-STAT1/miR-30c-5 p/FOXA1 pathway.
39539669	2024	Biochem Biophys Rep	Journal Article	Q10_lung_cancer_tf_network	Integration analysis of cis- and trans-regulatory long non-coding RNAs associated with immune-related pathways in non-small cell lung cancer.
39405927	2024	Int Immunopharmacol	Journal Article	Q10_lung_cancer_tf_network	RREB1 could act as an immunological and prognostic biomarker: From comprehensive analysis to osteosarcoma validation.
39397003	2024	Sci Rep	Journal Article	Q10_lung_cancer_tf_network	ResisenseNet hybrid neural network model for predicting drug sensitivity and repurposing in breast Cancer.
39344317	2024	Front Biosci (Landmark Ed)	Journal Article	Q10_lung_cancer_tf_network	SGO2 as a Prognostic Biomarker Correlated with Cell Proliferation, Migration, Invasion, and Epithelial-Mesenchymal Transition in Lung Adenocarcinoma.
39309447	2024	Int J Biol Sci	Journal Article;Research Support, Non-U.S. Gov't	Q10_lung_cancer_tf_network	Genome-wide binding analysis unveils critical implication of B-Myb-mediated transactivation in cancers.
39182692	2024	J Control Release	Journal Article;Research Support, Non-U.S. Gov't	Q10_lung_cancer_tf_network	Harnessing transcription factor-driven ROS for synergistic multimodal lung cancer treatment.
39164746	2024	J Exp Clin Cancer Res	Journal Article	Q10_lung_cancer_tf_network	Two-polarized roles of transcription factor FOSB in lung cancer progression and prognosis: dependent on p53 status.
39149514	2024	Front Cell Dev Biol	Journal Article;Review	Q10_lung_cancer_tf_network	New insight into the CNC-bZIP member, NFE2L3, in human diseases.
38958710	2024	Neoplasma	Journal Article	Q10_lung_cancer_tf_network	Silencing of lncRNA LOC105376794 promotes migration, invasion, and Gefitinib resistance of lung adenocarcinoma cells with EGFR 19Del mutation by ATF4/CHOP axis and ERK phosphorylation.
38943058	2024	BMC Cancer	Journal Article	Q10_lung_cancer_tf_network	MTF1 genetic variants are associated with lung cancer risk in the Chinese Han population.
38910889	2024	Front Pharmacol	Journal Article	Q10_lung_cancer_tf_network	Exploring the role of trifarotene against RAR-α: an investigation of expression pattern and clinicopathological significance of RAR-α in breast cancer.
38746057	2024	Front Genet	Journal Article	Q10_lung_cancer_tf_network	In search of the ratio of miRNA expression as robust biomarkers for constructing stable diagnostic models among multi-center data.
38670393	2024	Gene	Journal Article	Q10_lung_cancer_tf_network	Elucidating the mechanism of action of Isobavachalcone induced autophagy and apoptosis in non-small cell lung cancer by network pharmacology and experimental validation methods.
38646808	2024	Integr Cancer Ther	Journal Article;Research Support, Non-U.S. Gov't	Q10_lung_cancer_tf_network	Luteolin Inhibits Lung Cancer Cell Migration by Negatively Regulating TWIST1 and MMP2 Through Upregulation of miR-106a-5p.
38607250	2024	Pathol Int	Journal Article;Review	Q10_lung_cancer_tf_network	Molecular pathology of small cell lung cancer: Overview from studies on neuroendocrine differentiation regulated by ASCL1 and Notch signaling.
38518721	2024	Biochem Biophys Res Commun	Journal Article;Research Support, Non-U.S. Gov't	Q10_lung_cancer_tf_network	NRF2 regulates EGF stability through OTUD4 in lung adenocarcinoma.
38450191	2024	Front Oncol	Journal Article	Q10_lung_cancer_tf_network	Cancer cell immunity-related protein co-expression networks are associated with early-stage solid-predominant lung adenocarcinoma.
38296623	2024	Zhongguo Fei Ai Za Zhi	English Abstract;Journal Article	Q10_lung_cancer_tf_network	[Identification and Analysis of SND1 as an Oncogene and Prognostic Biomarker  for Lung Adenocarcinoma].
38267588	2024	Sci Rep	Journal Article	Q10_lung_cancer_tf_network	Protein interaction networks characterizing the A549 cells Klotho transfected are associated with activated pro-apoptotic Bim and suppressed Wnt/β-catenin signaling pathway.
38245694	2024	BMC Complement Med Ther	Journal Article	Q10_lung_cancer_tf_network	Mechanisms predictive of Tibetan Medicine Sophora moorcroftiana alkaloids for treatment of lung cancer based on the network pharmacology and molecular docking.
38241554	2024	Medicine (Baltimore)	Journal Article	Q10_lung_cancer_tf_network	E2F7 serves as a potential prognostic biomarker for lung adenocarcinoma.
38142454	2024	Mol Biotechnol	Journal Article	Q10_lung_cancer_tf_network	Identification of Crucial Genes and Signaling Pathways in Alectinib-Resistant Lung Adenocarcinoma Using Bioinformatic Analysis.
38100920	2024	Eur J Cancer	Journal Article	Q10_lung_cancer_tf_network	TTF-1 status in early-stage lung adenocarcinoma is an independent predictor of relapse and survival superior to tumor grading.
37858743	2024	Gene	Journal Article	Q10_lung_cancer_tf_network	LINC00887 regulates malignant progression and T-cell chemotaxis in clear cell renal cell carcinoma by activating CD70 via recruitment of SPI1.
37818572	2024	Comb Chem High Throughput Screen	Journal Article;Research Support, Non-U.S. Gov't	Q10_lung_cancer_tf_network	Investigation of the Molecular Mechanisms Underlying the Therapeutic Effect of Perilla frutescens L. Essential Oil on Acute Lung Injury Using Gas Chromatography-Mass Spectrometry and Network Pharmacology.
37547956	2024	J Gene Med	Journal Article	Q10_lung_cancer_tf_network	COL3A1-positive endothelial cells influence LUAD prognosis and regulate LUAD carcinogenesis by NCL-PI3K-AKT axis.
37461590	2024	bioRxiv	Journal Article;Preprint	Q10_lung_cancer_tf_network	APOBEC3 activity promotes the survival and evolution of drug-tolerant persister cells during acquired resistance to EGFR inhibitors in lung cancer.
39721754	2024	J Immunother Cancer	Journal Article	Q11_lung_dev_tf	Lactylation-driven TNFR2 expression in regulatory T cells promotes the progression of malignant pleural effusion.
39619736	2024	Bioinform Biol Insights	Journal Article	Q11_lung_dev_tf	Mechanistic Insights of hsa-mir-301a Regulation by Tobacco Smoke in Lung Squamous Cell Carcinoma: Evidence From Bioinformatics Analysis.
39553230	2024	Am J Cancer Res	Journal Article	Q11_lung_dev_tf	Comprehensive analysis of the oncogenic potential of eukaryotic initiation factor 3M via SAAL1 interaction in lung adenocarcinoma.
39547613	2024	Int J Biol Macromol	Journal Article	Q11_lung_dev_tf	Integrating nontargeted metabolomics and RNA sequencing of dexamethasone-treated and untreated asthmatic mice reveals changes of amino acids and aminoacyl-tRNA in group 2 innate lymphoid cells.
39430761	2024	Front Immunol	Journal Article	Q11_lung_dev_tf	SNAP25-induced MYC upregulation promotes high-grade neuroendocrine lung carcinoma progression.
39362963	2024	Sci Rep	Journal Article	Q11_lung_dev_tf	Bioinformatic analysis of molecular characteristics and oncogenic features of CARD14 in human cancer.
39361514	2024	Biofabrication	Journal Article;Research Support, Non-U.S. Gov't;Research Support, N.I.H., Extramural	Q11_lung_dev_tf	RCAN1.4 regulates tumor cell engraftment and invasion in a thyroid cancer to lung metastasis-on-a-chip microphysiological system.
39346085	2024	PeerJ	Journal Article	Q11_lung_dev_tf	Deciphering regulatory patterns in a mouse model of hyperoxia-induced acute lung injury.
39226802	2024	Pathol Res Pract	Journal Article;Review	Q11_lung_dev_tf	Connecting the dots: LncRNAs in the KRAS pathway and cancer.
39215852	2024	Discov Oncol	Journal Article	Q11_lung_dev_tf	Exploring the prognosis value, immune correlation, and drug responsiveness prediction of homeobox C6 (HOXC6) in lung adenocarcinoma.
39150687	2024	Cancer Immunol Res	Journal Article	Q11_lung_dev_tf	A Single-Cell Analysis of the NK-Cell Landscape Reveals That Dietary Restriction Boosts NK-Cell Antitumor Immunity via Eomesodermin.
39094357	2024	Int Immunopharmacol	Journal Article	Q11_lung_dev_tf	Comprehensive analysis of single-cell transcriptomics and genetic factors reveals the mechanisms and preventive strategies for the progression from pulmonary fibrosis to lung cancer.
38975897	2024	Cancer Discov	Journal Article	Q11_lung_dev_tf	Mechanisms of Response and Tolerance to Active RAS Inhibition in KRAS-Mutant Non-Small Cell Lung Cancer.
38969652	2024	Nat Commun	Journal Article	Q11_lung_dev_tf	Stage-specific GATA3 induction promotes ILC2 development after lineage commitment.
38886115	2024	J Immunother Cancer	Journal Article	Q11_lung_dev_tf	Single-cell sequencing unveils extensive intratumoral heterogeneity of cancer/testis antigen expression in melanoma and lung cancer.
38882339	2024	Heliyon	Journal Article	Q11_lung_dev_tf	The diagnostic potential role of thioredoxin reductase and TXNRD1 in early lung adenocarcinoma: A cohort study.
38841624	2024	EPMA J	Journal Article	Q11_lung_dev_tf	Clinically relevant immune subtypes based on alternative splicing landscape of immune-related genes for lung cancer advanced PPPM approach.
38837585	2024	J Cell Mol Med	Journal Article;Research Support, Non-U.S. Gov't	Q11_lung_dev_tf	Deciphering lung adenocarcinoma evolution: Integrative single-cell genomics identifies the prognostic lung progression associated signature.
38790205	2024	Genes (Basel)	Journal Article;Research Support, Non-U.S. Gov't	Q11_lung_dev_tf	Comprehensive Bioinformatic Investigation of TP53 Dysregulation in Diverse Cancer Landscapes.
38755258	2024	EMBO J	Journal Article	Q11_lung_dev_tf	Early-stage lung cancer is driven by a transitional cell state dependent on a KRAS-ITGA3-SRC axis.
38712147	2024	bioRxiv	Preprint	Q11_lung_dev_tf	Discovery of optimal cell type classification marker genes from single cell RNA sequencing data.
38685100	2024	J Exp Clin Cancer Res	Journal Article	Q11_lung_dev_tf	The TP53-activated E3 ligase RNF144B is a tumour suppressor that prevents genomic instability.
38596689	2024	Front Immunol	Journal Article;Research Support, Non-U.S. Gov't	Q11_lung_dev_tf	Integrative single-cell analysis of LUAD: elucidating immune cell dynamics and prognostic modeling based on exhausted CD8+ T cells.
38536871	2024	PLoS Negl Trop Dis	Journal Article	Q11_lung_dev_tf	Species-specific responses during Seoul orthohantavirus infection in human and rat lung microvascular endothelial cells.
38513475	2024	Biochem Biophys Res Commun	Journal Article;Research Support, Non-U.S. Gov't	Q11_lung_dev_tf	ID3 is a novel target gene of p53 and modulates lung cancer cell metastasis.
38472236	2024	Nat Commun	Journal Article	Q11_lung_dev_tf	Single-cell division tracing and transcriptomics reveal cell types and differentiation paths in the regenerating lung.
38464337	2024	Oncol Lett	Journal Article	Q11_lung_dev_tf	Identification and prognostic analysis of ferroptosis‑related gene HSPA5 to predict the progression of lung squamous cell carcinoma.
38418883	2024	Nature	Journal Article;Research Support, N.I.H., Extramural	Q11_lung_dev_tf	An atlas of epithelial cell states and plasticity in lung adenocarcinoma.
38359163	2024	Cancer Res	Journal Article	Q11_lung_dev_tf	ASCL1 Drives Tolerance to Osimertinib in EGFR Mutant Lung Cancer in Permissive Cellular Contexts.
38358352	2024	Cancer Res Commun	Journal Article;Research Support, Non-U.S. Gov't	Q11_lung_dev_tf	Characterizing Neutrophil Subtypes in Cancer Using scRNA Sequencing Demonstrates the Importance of IL1β/CXCR2 Axis in Generation of Metastasis-specific Neutrophils.
38348657	2024	Circ Res	Journal Article;Research Support, N.I.H., Extramural	Q11_lung_dev_tf	Molecular and Spatial Signatures of Mouse Embryonic Endothelial Cells at Single-Cell Resolution.
38342890	2024	Clin Epigenetics	Journal Article;Research Support, Non-U.S. Gov't	Q11_lung_dev_tf	Molecular map of disulfidptosis-related genes in lung adenocarcinoma: the perspective toward immune microenvironment and prognosis.
38160529	2024	EBioMedicine	Journal Article	Q11_lung_dev_tf	Systems biology analysis reveals distinct molecular signatures associated with immune responsiveness to the BNT162b COVID-19 vaccine.
40893796	2024	BMC Methods	Journal Article	Q11_lung_dev_tf	Discovery of optimal cell type classification marker genes from single cell RNA sequencing data.
38102728	2024	J Biochem	Journal Article	Q11_lung_dev_tf	NRIP1 regulates cell proliferation in lung adenocarcinoma cells.
37967345	2024	Adv Sci (Weinh)	Journal Article;Research Support, Non-U.S. Gov't	Q11_lung_dev_tf	Hematopoietic Transcription Factor RUNX1 is Essential for Promoting Macrophage-Myofibroblast Transition in Non-Small-Cell Lung Carcinoma.
37877146	2024	Recent Pat Anticancer Drug Discov	Journal Article	Q11_lung_dev_tf	Upregulation of M6A Reader HNRNPA2B1 Associated with Poor Prognosis and Tumor Progression in Lung Adenocarcinoma.
39990820	2024	Sichuan Da Xue Xue Bao Yi Xue Ban	Journal Article;Review;English Abstract	Q12_pah_bpd_tf	[Research Progress in the Role of Hypoxia-Inducible Factor 1 in Altitude Sickness and the Mechanisms Involved].
39739870	2024	PLoS One	Journal Article;Research Support, N.I.H., Extramural	Q12_pah_bpd_tf	GATA2 participates in protection against hypoxia-induced pulmonary vascular remodeling.
39578365	2024	J Am Heart Assoc	Journal Article;Research Support, Non-U.S. Gov't	Q12_pah_bpd_tf	Promotor Hypomethylation Mediated Upregulation of VCAN Targets Twist1 to Promote EndMT in Hypoxia-Induced Pulmonary Hypertension.
39542509	2024	Eur Respir J	Journal Article	Q12_pah_bpd_tf	RUNX2 is stabilised by TAZ and drives pulmonary artery calcification and lung vascular remodelling in pulmonary hypertension due to left heart disease.
39484590	2024	bioRxiv	Journal Article;Preprint	Q12_pah_bpd_tf	Single-cell transcriptomics reveal diverging pathobiology and opportunities for precision targeting in scleroderma-associated versus idiopathic pulmonary arterial hypertension.
39345561	2024	bioRxiv	Journal Article;Preprint	Q12_pah_bpd_tf	Loss of Tbx4 Affects Postnatal Lung Development and Predisposes to Pulmonary Hypertension.
39329905	2024	Curr Issues Mol Biol	Journal Article	Q12_pah_bpd_tf	The ER Stress Induced in Human Neuroblastoma Cells Can Be Reverted by Lumacaftor, a CFTR Corrector.
39327683	2024	Clin Exp Pediatr	Journal Article	Q12_pah_bpd_tf	Protective effect of recombinant interleukin-10 on newborn rat lungs exposed to short-term sublethal hyperoxia.
39315802	2024	mBio	Journal Article;Research Support, Non-U.S. Gov't	Q12_pah_bpd_tf	Investigation of Zur-regulated metal transport systems reveals an unexpected role of pyochelin in zinc homeostasis.
39276964	2024	Exp Cell Res	Journal Article	Q12_pah_bpd_tf	SOX9 promotes hypoxic pulmonary hypertension through stabilization of DPP4 in pulmonary artery smooth muscle cells.
39196177	2024	Nat Cardiovasc Res	Journal Article	Q12_pah_bpd_tf	A common gene signature of the right ventricle in failing rat and human hearts.
39162563	2024	mBio	Journal Article;Research Support, N.I.H., Extramural;Research Support, Non-U.S. Gov't	Q12_pah_bpd_tf	The L-lactate dehydrogenases of Pseudomonas aeruginosa are conditionally regulated but both contribute to survival during macrophage infection.
39107790	2024	J Transl Med	Journal Article;Review	Q12_pah_bpd_tf	FLI-1-driven regulation of endothelial cells in human diseases.
38943142	2024	Respir Res	Journal Article	Q12_pah_bpd_tf	Tissue factor regulates autophagy in pulmonary artery endothelial cells from chronic thromboembolic pulmonary hypertension rats via the p38 MAPK-FoxO1 pathway.
38904023	2024	Int J Biol Sci	Journal Article;Research Support, Non-U.S. Gov't	Q12_pah_bpd_tf	Metallothionein 3 Potentiates Pulmonary Artery Smooth Muscle Cell Proliferation by Promoting Zinc-MTF1-ATG5 Axis-mediated Autophagosome Formation.
38887084	2024	Avian Pathol	Journal Article;Review	Q12_pah_bpd_tf	The relativity analysis of hypoxia inducible factor-1α in pulmonary arterial hypertension (ascites syndrome) in broilers: a review.
38866991	2024	Cell Mol Life Sci	Journal Article	Q12_pah_bpd_tf	N6-methyladenosine-driven miR-143/145-KLF4 circuit orchestrates the phenotypic switch of pulmonary artery smooth muscle cells.
38844539	2024	Pediatr Res	Journal Article	Q12_pah_bpd_tf	Aberrant PGC-1α signaling in a lamb model of persistent pulmonary hypertension of the newborn.
38746200	2024	bioRxiv	Preprint;Journal Article	Q12_pah_bpd_tf	RV-specific Targeting of Snai1 Rescues Pulmonary Hypertension-induced Right Ventricular Failure by Inhibiting EndMT and Fibrosis via LOXL2 Mediated Mechanism.
38741032	2024	Cell Mol Biol Lett	Journal Article	Q12_pah_bpd_tf	N6-methyladenosine modification of KLF2 may contribute to endothelial-to-mesenchymal transition in pulmonary hypertension.
38664797	2024	Respir Res	Journal Article	Q12_pah_bpd_tf	In vitro platform to model the function of ionocytes in the human airway epithelium.
38603707	2024	PLoS Pathog	Journal Article;Research Support, Non-U.S. Gov't	Q12_pah_bpd_tf	A gain-of-function mutation in zinc cluster transcription factor Rob1 drives Candida albicans adaptive growth in the cystic fibrosis lung environment.
38570000	2024	Int J Biol Macromol	Journal Article	Q12_pah_bpd_tf	Super enhancer-associated circRNA-circLrch3 regulates hypoxia-induced pulmonary arterial smooth muscle cells pyroptosis by formation of R-loop with host gene.
38554522	2024	Redox Biol	Journal Article;Research Support, Non-U.S. Gov't	Q12_pah_bpd_tf	Itaconic acid regulation of TFEB-mediated autophagy flux alleviates hyperoxia-induced bronchopulmonary dysplasia.
38491484	2024	BMC Pulm Med	Journal Article	Q12_pah_bpd_tf	IRF4-mediated Treg phenotype switching can aggravate hyperoxia-induced alveolar epithelial cell injury.
38443964	2024	Ital J Pediatr	Case Reports;Journal Article;Review	Q12_pah_bpd_tf	Neonatal persistent pulmonary hypertension related to a novel TBX4 mutation: case report and review of the literature.
38419888	2024	Iran J Basic Med Sci	Journal Article	Q12_pah_bpd_tf	Cited2 inhibited hypoxia-induced proliferation and migration of PASMCs via the TGF-β1/Cited2/PPARγ pathway.
38388523	2024	Cell Biosci	Journal Article	Q12_pah_bpd_tf	XBP1-mediated transcriptional regulation of SLC5A1 in human epithelial cells in disease conditions.
38353553	2024	Microbiol Spectr	Journal Article;Research Support, Non-U.S. Gov't	Q12_pah_bpd_tf	Lsr2, a pleiotropic regulator at the core of the infectious strategy of Mycobacterium abscessus.
38299213	2024	Am J Physiol Renal Physiol	Journal Article;Research Support, Non-U.S. Gov't	Q12_pah_bpd_tf	Activation of farnesoid X receptor retards expansion of renal collecting duct cell-derived cysts via inhibition of CFTR-mediated Cl(-) secretion.
38277517	2024	Medicine (Baltimore)	Journal Article	Q12_pah_bpd_tf	Identification of potential biomarkers in the peripheral blood of neonates with bronchopulmonary dysplasia using WGCNA and machine learning algorithms.
38259061	2024	mBio	Journal Article;Research Support, N.I.H., Intramural;Research Support, Non-U.S. Gov't	Q12_pah_bpd_tf	Citrate cross-feeding by Pseudomonas aeruginosa supports lasR mutant fitness.
38247876	2024	Cells	Journal Article;Research Support, Non-U.S. Gov't	Q12_pah_bpd_tf	The Inhibition of the Membrane-Bound Transcription Factor Site-1 Protease (MBTP1) Alleviates the p.Phe508del-Cystic Fibrosis Transmembrane Conductance Regulator (CFTR) Defects in Cystic Fibrosis Cells.
38198357	2024	Cardiovasc Res	Journal Article;Research Support, Non-U.S. Gov't	Q12_pah_bpd_tf	Endothelium-specific SIRT7 targeting ameliorates pulmonary hypertension through Krüpple-like factor 4 deacetylation.
38197521	2024	Int Forum Allergy Rhinol	Journal Article;Research Support, N.I.H., Extramural;Research Support, Non-U.S. Gov't	Q12_pah_bpd_tf	Akt activator SC79 stimulates antibacterial nitric oxide generation in human nasal epithelial cells in vitro.
38195465	2024	Mol Med	Journal Article	Q12_pah_bpd_tf	IRF4 affects the protective effect of regulatory T cells on the pulmonary vasculature of a bronchopulmonary dysplasia mouse model by regulating FOXP3.
38164358	2024	Int J Med Sci	Journal Article;Review	Q12_pah_bpd_tf	Expression and regulation of HIF-1a in hypoxic pulmonary hypertension: Focus on pathological mechanism and Pharmacological Treatment.
38035569	2024	Neonatology	Case Reports;Research Support, Non-U.S. Gov't;Journal Article	Q12_pah_bpd_tf	Acinar Dysplasia in a Full-Term Newborn with a NKX2.1 Variant.
37801629	2024	Pediatr Dev Pathol	Case Reports;Journal Article	Q12_pah_bpd_tf	Long-Term Effect of TBX4 Germline Mutation on Pulmonary Clinico-Histopathologic Phenotype.
41585867	2025	Front Pharmacol	Journal Article;Review	Q1_lung_GRN_disease	Natural products targeting the immune-metabolic regulatory network in pulmonary hypertension: mechanisms, classification, and therapeutic prospects.
41515964	2025	Int J Mol Sci	Journal Article;Review	Q1_lung_GRN_disease	The Emerging Role of METTL3 in Lung Diseases.
41469547	2025	Biol Proced Online	Journal Article	Q1_lung_GRN_disease	DKK1 Overexpression in Lung Adenocarcinoma: Prognostic Implications, Immune Microenvironment Correlates, and Regulatory Network Characterization.
41419917	2025	Respir Res	Journal Article;Review	Q1_lung_GRN_disease	Hypoxic microenvironment and pulmonary hypertension.
41322073	2025	Curr Res Toxicol	Journal Article	Q1_lung_GRN_disease	The JPX/miR-495-3p/BRD4 axis mediates quercetin-induced toxicity via the X-inactivation center in NSCLC.
41308543	2025	Mol Pharmacol	Journal Article;Research Support, Non-U.S. Gov't	Q1_lung_GRN_disease	Predictive modeling and functional characterization of the ceRNA regulatory network in cisplatin resistance of non-small cell lung cancer.
41272363	2025	J Cancer Res Clin Oncol	Journal Article;Review	Q1_lung_GRN_disease	The role and mechanisms of the HIF-1 signaling pathway in LC-COPD.
41239605	2025	Medicine (Baltimore)	Journal Article	Q1_lung_GRN_disease	Integrated bioinformatics of PANoptosis and mitochondrial autophagy related genes in chronic obstructive pulmonary disease and their association with immune cells.
41221294	2025	Front Immunol	Journal Article	Q1_lung_GRN_disease	Mapping the genetic-transcriptional landscape of thyroid irAEs in sintilimab therapy: toward biomarker-guided immunotoxicity prediction.
41184222	2025	Cell Death Dis	Journal Article	Q1_lung_GRN_disease	Comprehensive map of the regulatory network triggered by MET exon 14 skipping reveals important involvement of the RAS-ERK signaling pathway.
41169155	2025	Drug Dev Res	Journal Article	Q1_lung_GRN_disease	Integration of Machine Learning, Bioinformatics, and Experimental Validation to Identify Novel Diagnostic and Prognostic Biomarkers Associated With Succinylation in Lung Adenocarcinoma.
41154714	2025	Biology (Basel)	Journal Article	Q1_lung_GRN_disease	Bioinformatics-Based Analysis of the Screening and Evaluation of Potential Targets of FTY720 for the Treatment of Non-Small Cell Lung Cancer.
41144555	2025	Biomarkers	Journal Article	Q1_lung_GRN_disease	miR-142-3p as a Candidate Biomarker for Early-Stage Lung Adenocarcinoma: Integrative Bioinformatics Analysis and experimental Validation.
41136530	2025	Sci Rep	Journal Article	Q1_lung_GRN_disease	Machine learning identifies exosome related gene signatures for early prediction of non-small cell lung cancer.
41096636	2025	Int J Mol Sci	Journal Article	Q1_lung_GRN_disease	The Imatinib-miR-335-5p-ARHGAP18 Axis Attenuates PDGF-Driven Pathological Responses in Pulmonary Artery Smooth Muscle Cells.
41080754	2025	Biochem Biophys Rep	Journal Article	Q1_lung_GRN_disease	Machine learning and WGCNA reveal the PVT1/miR-143-3p/CDK1 ceRNA axis as a key regulator in NSCLC.
41080750	2025	Biochem Biophys Rep	Journal Article;Review	Q1_lung_GRN_disease	The role of long intergenic non-protein coding RNA 312 in cancer: A bioinformatics and literature based study.
41054363	2025	Cell Mol Biol (Noisy-le-grand)	Journal Article	Q1_lung_GRN_disease	Reciprocal regulation of mir-10b, aurora-a, p53, and e-cadherin in cisplatin resistance and cell invasion of lung cancer.
41010451	2025	Nutrients	Journal Article;Review	Q1_lung_GRN_disease	The Microecological-Immune Axis in Pediatric Allergic Diseases: Imbalance Mechanisms and Regulatory Interventions.
40948762	2025	Front Immunol	Journal Article	Q1_lung_GRN_disease	Dissecting the immune evasion and therapeutic resistance mechanisms in EGFR/TP53 co-mutated non-small cell lung cancer: implications for targeted and immunotherapy strategies.
40935080	2025	Math Biosci	Journal Article	Q1_lung_GRN_disease	Calibrating a parameterized stochastic Boolean network model of gene regulation using a single steady-state gene expression profile.
40933755	2025	J Inflamm Res	Journal Article	Q1_lung_GRN_disease	Exploring the Intervention Mechanism of Effective-Component Combination of Bufei Yishen Formula III for Airway Epithelial Barrier Injury: A miRNA-mRNA Regulatory Network Analysis.
40924716	2025	PLoS One	Journal Article	Q1_lung_GRN_disease	Comprehensive analysis of disulfidptosis-related genes in pulmonary hypertension through machine learning and immune infiltration: Spotlight on USP32 and ZNF655 as key regulators.
40917894	2025	Mol Ther Nucleic Acids	Journal Article	Q1_lung_GRN_disease	Transcriptomic analysis reveals lung cancer and subtype-specific alternative splicing biomarkers regulated by RNA-binding proteins.
40911576	2025	PLoS One	Journal Article	Q1_lung_GRN_disease	Leveraging dynamic stability to infer regulation in protein-protein interaction networks: A study of infectious vulnerability in COPD.
40905672	2025	mBio	Journal Article;Research Support, Non-U.S. Gov't	Q1_lung_GRN_disease	Pseudomonas aeruginosa lasR-deficient mutant contributes to bacterial virulence through enhancing the PhoB-mediated pathway in response to host environment.
40854820	2025	J Immunother Cancer	Journal Article	Q1_lung_GRN_disease	Constructing a pancancer ubiquitination regulatory network to determine tumor characteristics, immunotherapy response, and prognosis.
40764760	2025	Sci Rep	Journal Article	Q1_lung_GRN_disease	Molecular mechanisms of cryoablation-mediated lung cancer suppression unveiled by non-coding RNA regulatory network profiling.
40722679	2025	Biomedicines	Journal Article	Q1_lung_GRN_disease	Single-Cell Transcriptomic Analysis Unveils Key Regulators and Signaling Pathways in Lung Adenocarcinoma Progression.
40688504	2025	Biochem Biophys Rep	Journal Article	Q1_lung_GRN_disease	Investigating miR-30a's tumor suppressor role and its targets (MYBL2, TWF1, GALNT7, PFN2) as prognostic biomarkers in lung adenocarcinoma.
40644857	2025	Lung Cancer	Journal Article	Q1_lung_GRN_disease	Transcriptome and protein network analyses of 3D-tissue lung cancer models reveal combinatorial targets for KRAS(G12C)-mutation.
40595415	2025	Oncogene	Journal Article	Q1_lung_GRN_disease	Integrative epigenome and transcriptome analyses reveal transcriptional programs differentially regulated by ASCL1 and NEUROD1 in small cell lung cancer.
40579132	2025	Nan Fang Yi Ke Da Xue Xue Bao	English Abstract;Journal Article	Q1_lung_GRN_disease	[Therapeutic mechanism of Arctium lappa extract for post-viral pneumonia pulmonary fibrosis: a metabolomics, network pharmacology analysis and experimental verification].
40565327	2025	Int J Mol Sci	Journal Article	Q1_lung_GRN_disease	Long Non-Coding RNA LOC401312 Induces Radiosensitivity Through Upregulation of CPS1 in Non-Small Cell Lung Cancer.
40528379	2025	J Appl Toxicol	Journal Article;Research Support, Non-U.S. Gov't	Q1_lung_GRN_disease	A Novel Regulatory Network of Noncoding RNAs in the Cadmium-Induced Malignant Transformation of Human Bronchial Epithelial Cells.
40512736	2025	PLoS One	Journal Article	Q1_lung_GRN_disease	The dichotomous impacts of Semaphorin3E deficiency on exacerbating airway hyperresponsiveness, remodelling, and inflammation in type-2 low and type-2 high asthma models.
40483519	2025	Hereditas	Journal Article	Q1_lung_GRN_disease	The potential role of biomarkers CD28 and PF4 in the pathogenesis of idiopathic pulmonary fibrosis and their impact on the prognosis: an immune microenvironment analysis.
40395325	2025	Front Oncol	Journal Article	Q1_lung_GRN_disease	Correlation of heat shock protein 1 expression with progression and prognosis of non-small cell lung cancer.
40362698	2025	Int J Mol Sci	Journal Article	Q1_lung_GRN_disease	Single-Cell Transcriptomics Reveals Stem Cell-Derived Exosomes Attenuate Inflammatory Gene Expression in Pulmonary Oxygen Toxicity.
40348760	2025	Nat Commun	Journal Article	Q1_lung_GRN_disease	Let-7 restrains an epigenetic circuit in AT2 cells to prevent fibrogenic intermediates in pulmonary fibrosis.
40341189	2025	Sci Rep	Journal Article	Q1_lung_GRN_disease	The cancer stem cells characteristics analysis of LGR5 + cells that influence lung cancer risk by using single cell RNA-seq analysis.
40304000	2025	Front Oncol	Journal Article;Review	Q1_lung_GRN_disease	The role and clinical significance of tumor-associated macrophages in the epithelial-mesenchymal transition of lung cancer.
40293839	2025	Am J Physiol Cell Physiol	Journal Article;Research Support, Non-U.S. Gov't	Q1_lung_GRN_disease	Epigenetic modulation of cisplatin sensitivity by the M6A-linked ceRNA network in non-small cell lung cancer.
40282264	2025	Biology (Basel)	Journal Article	Q1_lung_GRN_disease	Three Circulating miRNAs Related to Non-Small-Cell Lung Cancer Progression: An Integrative Analysis of Their Biological Roles.
40278968	2025	J Mol Histol	Journal Article	Q1_lung_GRN_disease	N6-methyladenosine-modified circ_0000517 promotes non-small cell lung cancer metastasis via miR-1233-3p/CDH6 axis.
40262052	2025	J Biochem Mol Toxicol	Journal Article	Q1_lung_GRN_disease	HHLA3 Silencing Suppresses KRAS-Mutant Non-Small-Cell Lung Cancer Cell Progression Through Triggering MYEOV-Mediated Ferroptosis.
40249471	2025	Clin Exp Metastasis	Journal Article	Q1_lung_GRN_disease	Interplay of GPC3, Hsa-miR-135b-3p, and FTLP3 in lung cancer metastasis.
40211126	2025	Biol Proced Online	Journal Article	Q1_lung_GRN_disease	Construction of a circRNA-miRNA-mRNA Regulatory Network for the Immune Regulation of Lung Adenocarcinoma.
40206508	2025	Front Genet	Journal Article	Q1_lung_GRN_disease	Multi-omics pan-cancer analysis reveals the diagnostic and prognostic value of C8orf76, with experimental validation of its impact on lung adenocarcinoma cell proliferation.
40198732	2025	PLoS Comput Biol	Journal Article	Q1_lung_GRN_disease	DelaySSA: stochastic simulation of biochemical systems and gene regulatory networks with or without time delays.
40136480	2025	Biology (Basel)	Journal Article	Q1_lung_GRN_disease	Weighted Gene Networks Derived from Multi-Omics Reveal Core Cancer Genes in Lung Cancer.
40087753	2025	J Transl Med	Journal Article;Review	Q1_lung_GRN_disease	The NcRNA/Wnt axis in lung cancer: oncogenic mechanisms, remarkable indicators and therapeutic targets.
40078927	2025	Int J Chron Obstruct Pulmon Dis	Journal Article;Validation Study;Research Support, Non-U.S. Gov't	Q1_lung_GRN_disease	Identification and Experimental Validation of Biomarkers Related to MiR-125a-5p in Chronic Obstructive Pulmonary Disease.
40041913	2025	Acta Pharm Sin B	Journal Article	Q1_lung_GRN_disease	GSFM: A genome-scale functional module transformation to represent drug efficacy for in silico drug discovery.
40022086	2025	J Nanobiotechnology	Journal Article	Q1_lung_GRN_disease	Exosomal lncRNA Mir100hg from lung cancer stem cells activates H3K14 lactylation to enhance metastatic activity in non-stem lung cancer cells.
39974382	2025	Transl Cancer Res	Journal Article	Q1_lung_GRN_disease	LncRNA ZEB1-AS1 promotes the proliferation and migration of non-small cell lung cancer by activating epithelial-mesenchymal transition with STAT3.
39959639	2025	J Inflamm Res	Journal Article	Q1_lung_GRN_disease	Identification and Analysis of Key Immune- and Inflammation-Related Genes in Idiopathic Pulmonary Fibrosis.
39939487	2025	Mamm Genome	Journal Article;Research Support, Non-U.S. Gov't	Q1_lung_GRN_disease	Non-small cell lung cancer map and analysis: exploring interconnected oncogenic signal integrators.
39931532	2025	Int J Nanomedicine	Journal Article	Q1_lung_GRN_disease	Intervening Non-Small-Cell Lung Cancer Progression by Cell Membrane Coated Platycodin D via Regulating Hsa-miR-1246/FUT9/GSK3β Pathway.
39930385	2025	BMC Genomics	Journal Article	Q1_lung_GRN_disease	Genome-wide characterization of circular RNAs in three rat models of pulmonary hypertension reveals distinct pathological patterns.
39910394	2025	J Hematol Oncol	Letter;Research Support, N.I.H., Extramural;Research Support, Non-U.S. Gov't	Q1_lung_GRN_disease	Transcriptional regulatory network analysis identifies GRN as a key regulator bridging chemotherapy and immunotherapy response in small cell lung cancer.
39875356	2025	Cell Death Discov	Journal Article;Review	Q1_lung_GRN_disease	Targeting ferroptosis: a promising approach for treating lung carcinoma.
39793886	2025	Mol Cell Proteomics	Journal Article	Q1_lung_GRN_disease	Causal Inference and Annotation of Phosphoproteomics Data in Multiomics Cancer Studies.
39756105	2025	Pathol Res Pract	Journal Article;Review	Q1_lung_GRN_disease	The functional role of LncRNA HOXA-AS2 in multiple human cancers.
39702704	2025	Methods Mol Biol	Journal Article	Q1_lung_GRN_disease	Non-coding RNA Networks in Infection.
39676897	2025	Health Inf Sci Syst	Journal Article	Q1_lung_GRN_disease	Identification of circRNA-miRNA-mRNA networks to explore underlying mechanism in lung cancer.
39481768	2025	Gene	Journal Article	Q1_lung_GRN_disease	Tanshinone T1/T2A inhibits non-small cell lung cancer through Lin28B-let-7-BORA/MYC regulatory network.
41574295	2025	Front Cell Infect Microbiol	Journal Article	Q2_scenic_lung	OxyR contributes to the oxidative stress capacity and virulence of hypervirulent Klebsiella pneumoniae ATCC 43816.
41567189	2025	Front Immunol	Journal Article	Q2_scenic_lung	Integration of single cell and bulk transcriptomic analyses identifies FAM189A2 as a key prognostic gene in lung cancer.
41331297	2025	Sci Rep	Journal Article	Q2_scenic_lung	Single-cell transcriptomic analysis of the heterogeneity of mesenchymal and stromal cells and their regulon alteration during airway remodeling in asthma.
41232781	2025	Transpl Immunol	Journal Article	Q2_scenic_lung	Characteristics linking ischemia-reperfusion to chronic lung allograft dysfunction in lung transplantation: A single-cell bioinformatics analysis.
41168822	2025	J Transl Med	Journal Article	Q2_scenic_lung	Genome-wide association, single-cell, and spatial transcriptomics analyses reveal the role of the STK24-expressing positive cells in LUAD progression and the tumor microenvironment, identifying STK24 as a potential therapeutic target.
41060081	2025	J Bacteriol	Journal Article;Research Support, N.I.H., Extramural;Research Support, U.S. Gov't, P.H.S.	Q2_scenic_lung	Pseudomonas aeruginosa-secreted respiratory toxin HQNO triggers fatty acid accumulation in respiring Staphylococcus aureus, decreasing SaeRS-dependent transcriptional regulation.
41055335	2025	mSystems	Journal Article	Q2_scenic_lung	Gut-larynx axis and its contribution to laryngeal immunity.
40980926	2025	Infect Immun	Journal Article	Q2_scenic_lung	Activation of the Pseudomonas aeruginosa glycerol regulon reduces antibiotic susceptibility and modulates virulence phenotypes.
40936936	2025	Front Immunol	Journal Article	Q2_scenic_lung	Targeted and personalized immunotherapy in lung adenocarcinoma: single-cell RNA sequencing of MAFF+ tumor cells and the therapeutic potential of FOS.
40919158	2025	Front Oncol	Journal Article	Q2_scenic_lung	Role of Meox1 in promoting lung tumor vascularization and impairing CD8(+) T cell mediated immunity.
40687263	2025	Transl Cancer Res	Journal Article	Q2_scenic_lung	Retrospective prognostic evaluation and single-cell transcriptomic analyses of non-small cell lung carcinoma with malignant pleural effusion.
40590753	2025	Oncoimmunology	Journal Article	Q2_scenic_lung	Uncovering common transcriptional features shared by mature peripheral blood PMN-MDSCs and tumor-infiltrating neutrophils in humans.
40554675	2025	Oncologist	Journal Article	Q2_scenic_lung	Integrative multiomic and immune profiling of lung adenocarcinoma: molecular landscapes, gene expression, and treatment response insights.
40539031	2025	Biofilm	Journal Article	Q2_scenic_lung	Corticosteroids modulate biofilm formation and virulence of Pseudomonas aeruginosa.
40492732	2025	mSphere	Journal Article	Q2_scenic_lung	Host-pathogen interaction profiling of nontypeable Haemophilus influenzae and Moraxella catarrhalis coinfection of bronchial epithelial cells.
40312783	2025	FEMS Microbiol Rev	Journal Article;Review	Q2_scenic_lung	Harnessing hypoxia: bacterial adaptation and chronic infection in cystic fibrosis.
40299364	2025	Biomedicines	Journal Article	Q2_scenic_lung	Centromere Protein F Is a Potential Prognostic Biomarker and Target for Cutaneous Melanoma.
40041152	2025	Front Cell Infect Microbiol	Journal Article	Q2_scenic_lung	The DosR regulon of Mycobacterium avium and adaptation to hypoxia.
40014976	2025	Transl Oncol	Journal Article	Q2_scenic_lung	Discovering the Potential Role of the C2 DUSP2+ MCs Subgroup in Lung Adenocarcinoma.
39822976	2025	PeerJ	Journal Article	Q2_scenic_lung	Single-cell transcriptome analysis reveals cellular reprogramming and changes of immune cell subsets following tetramethylpyrazine treatment in LPS-induced acute lung injury.
39129168	2025	Curr Med Chem	Journal Article	Q2_scenic_lung	A Low Expression of NRF2 Enhances Oxidative Stress and Autophagy in Myofibroblasts, Promoting Progression of Chronic Obstructive Pulmonary Disease.
41852002	2025	Arch Iran Med	Journal Article	Q3_tf_target_database	In Silico Transcriptomic Analysis for Identification of Potential Diagnostic and Prognostic Biomarkers and Therapeutic Targets in Cervical Cancer using a Hybrid Genetic Algorithm-Support Vector Machine Approach.
41553973	2025	J Vis Exp	Journal Article;Video-Audio Media;Research Support, Non-U.S. Gov't	Q3_tf_target_database	Integrated Transcriptomic and Secretome Proteomic Analysis of Hyperglycemia-Stimulated Endothelial Cells and Screening of Target Compounds.
41502523	2025	Oncol Res	Journal Article	Q3_tf_target_database	ELK4 Promotes Vasculogenic Mimicry in Oral Squamous Cell Carcinoma via Driving DHFR Transcriptional Activation.
41477642	2025	Front Genet	Journal Article	Q3_tf_target_database	A transcriptomic atlas at bulk and single-cell levels identifies novel transcriptional and splicing regulators of ECM homeostasis in osteoarthritis.
41776006	2025	NPJ Cardiovasc Health	Journal Article	Q4_lung_atlas	Distinct endothelial cells in chronic thromboembolic pulmonary hypertension.
41463538	2025	Biology (Basel)	Journal Article	Q4_lung_atlas	Single-Cell Mapping of Genetic Risk Across Ten Respiratory Diseases.
41455968	2025	J Transl Med	Journal Article	Q4_lung_atlas	Multi-omics analysis reveals distinct spatial compartmentalization of lung repair niches in pediatric ARDS.
41237668	2025	EBioMedicine	Journal Article	Q4_lung_atlas	A unified single-cell atlas of human lung provides insights into pulmonary diseases.
41116170	2025	Vet Res	Journal Article	Q4_lung_atlas	3D4 cells exhibit transcriptional features inconsistent with alveolar macrophage identity.
41074556	2025	Aging Cell	Journal Article	Q4_lung_atlas	Reduced Mitochondrial Adenine Nucleotide Translocase 1 (ANT1) Correlates With Aging-Associated Airway Remodeling.
40863384	2025	J Cardiovasc Dev Dis	Journal Article	Q4_lung_atlas	Dysfunctional Electron Transport Chain Assembly in COXPD8.
40716288	2025	Heart Lung	Journal Article	Q4_lung_atlas	Therapeutic targets in lung diseases identified through single-cell analysis and mendelian randomization.
40655025	2025	bioRxiv	Journal Article;Preprint	Q4_lung_atlas	Cross-species analysis of experimental PH at single cell resolution reveals prominent contributions Ednrb (+) EC and Dhcr24 (+) macrophage populations.
40639418	2025	Brief Bioinform	Journal Article	Q4_lung_atlas	A data-intelligence-intensive bioinformatics copilot system for large-scale omics research and scientific insights.
40568082	2025	bioRxiv	Journal Article;Preprint	Q4_lung_atlas	Benchmarking single cell transcriptome matching methods for incremental growth of reference atlases.
40467553	2025	Nat Commun	Journal Article	Q4_lung_atlas	Single cell profiling of human airway identifies tuft-ionocyte progenitor cells displaying cytokine-dependent differentiation bias in vitro.
40465842	2025	Clin Cancer Res	Journal Article	Q4_lung_atlas	Elevated ctDNA Tumor Fraction Is Associated with Improved Mutation Detection but Worse Overall Survival in Advanced Non-Small Cell Lung Cancer: A Lung-MAP Study.
39836087	2025	Am J Respir Cell Mol Biol	Journal Article;Meta-Analysis;Research Support, Non-U.S. Gov't	Q4_lung_atlas	Improved Annotation of Asthma Gene Variants with Cell Type Deconvolution of Nasal and Lung Expression Quantitative Trait Loci.
39780400	2025	Clin Exp Immunol	Journal Article	Q4_lung_atlas	Single-cell analysis of lung epithelial cells reveals age and cell population-specific responses to SARS-CoV-2 infection in ciliated cells.
41366391	2025	Respir Res	Journal Article	Q5_lung_chipseq_tf	Integrative single-cell RNA and ATAC sequencing reveals the impact of chronic cigarette smoking on lung epithelial responses to influenza and hyperoxia.
41279500	2025	bioRxiv	Journal Article;Preprint	Q5_lung_chipseq_tf	Macrophage efferocytosis is controlled by epigenetic modifications mediated by RBPJ.
40749046	2025	Sci Adv	Journal Article	Q5_lung_chipseq_tf	BACH2 drives the development and function of group 2 innate lymphoid cells.
40721574	2025	Nat Commun	Journal Article	Q5_lung_chipseq_tf	DynaTag for efficient mapping of transcription factors in low-input samples and at single-cell resolution.
40644385	2025	Mol Biol Evol	Journal Article	Q5_lung_chipseq_tf	Integrative Genomic, Transcriptomic and Epigenomic Analysis Reveals cis-regulatory Contributions to High-altitude Adaptation in Tibetan Pigs.
40639051	2025	Int Immunopharmacol	Journal Article	Q5_lung_chipseq_tf	Hypoxia-induced tumor cell-intrinsic PLAU activation drives immunotherapy resistance in collagenic lung adenocarcinoma.
40401166	2025	Environ Epigenet	Journal Article	Q5_lung_chipseq_tf	Silencing TET1 expression alters the epigenomic landscape and amplifies transcriptomic responses to allergen in airway epithelial cells.
40082639	2025	NPJ Precis Oncol	Journal Article	Q5_lung_chipseq_tf	Lethal co-expression intolerance underlies the mutually exclusive expression of ASCL1 and NEUROD1 in SCLC cells.
39733927	2025	Cell Signal	Journal Article	Q5_lung_chipseq_tf	Deficiency of ATF2 retards senescence induced by replication stress and pamidronate in mouse jaw bone marrow stem cells.
39511411	2025	Oncogene	Journal Article;Research Support, Non-U.S. Gov't	Q5_lung_chipseq_tf	Super-enhancer MYCNOS-SE promotes chemoresistance in small cell lung cancer by recruiting transcription factors CTCF and KLF15.
41366429	2025	BMC Med Genomics	Journal Article;Multicenter Study	Q6_gwas_lung_regulatory	Hair follicle gene expression profiling in the SubPopulations and InteRmediate Outcome Measures in COPD Study (SPIROMICS).
41283971	2025	Discov Oncol	Journal Article	Q6_gwas_lung_regulatory	CXCL10 promotes non-small cell lung cancer (NSCLC) progression by modulating the phosphate to urate ratio (PUR).
41282167	2025	Res Sq	Journal Article;Preprint	Q6_gwas_lung_regulatory	Mapping the landscape of cell type-dependent genetic regulation of DNA methylation across human tissues.
41268733	2025	J Med Virol	Journal Article	Q6_gwas_lung_regulatory	Genetic Variants Specific to Critical COVID-19: Insights From Genome-Wide Association Studies and Structural Analysis.
41212483	2025	Front Med	Journal Article	Q6_gwas_lung_regulatory	Mutually reinforcing relationship between Sjögren's syndrome and lung adenocarcinoma: insights from Mendelian randomisation, single-cell, and transcriptomic analyses.
41159541	2025	Pharmacogenet Genomics	Journal Article	Q6_gwas_lung_regulatory	Exome-wide association study identifies a phosphatidylethanolamine-binding protein 4 variant associated with idiopathic pulmonary fibrosis risk in Koreans.
41126804	2025	Int J Chron Obstruct Pulmon Dis	Journal Article;Research Support, Non-U.S. Gov't	Q6_gwas_lung_regulatory	DNA Methylation-Mediated Downregulation of SDK1 Promotes COPD Progression: A Multi-Omics Mendelian Randomization Study.
41097903	2025	Brain Behav	Journal Article	Q6_gwas_lung_regulatory	Integrated Retrospective and Post-GWAS Analyses Reveal Mechanisms Linking Nightly Short Sleep to Asthma.
41080621	2025	Tob Induc Dis	Journal Article	Q6_gwas_lung_regulatory	Role of OAF and smoking initiation in COPD risk: Insights from Mendelian randomization.
41053817	2025	Hum Genomics	Journal Article	Q6_gwas_lung_regulatory	Identification of C4BPA as a genetically informed drug target in NSCLC: an integrative single-cell and multi-omics study based on the druggable genes.
41029890	2025	Int J Immunogenet	Journal Article;Meta-Analysis;Systematic Review	Q6_gwas_lung_regulatory	Association of IL-13 Gene Polymorphism (rs20541) With Chronic Inflammatory Diseases: A Systematic Review and Meta-Analysis.
41021640	2025	PLoS Genet	Journal Article	Q6_gwas_lung_regulatory	On the analysis of genetic association with long-read sequencing data.
41001556	2025	Res Sq	Journal Article;Preprint	Q6_gwas_lung_regulatory	Replication and Functional Prediction of Two GWAS-Reported SNPs Located on RAD50 Gene Associated with Asthma in Pakistani Children.
40889797	2025	J Immunother Cancer	Journal Article	Q6_gwas_lung_regulatory	Regulatory polymorphisms of MSH6, MSH2, FBXO11, and PPP1R21 genes affect survival of patients with immunotherapy-treated lung cancer.
40859573	2025	Medicine (Baltimore)	Journal Article	Q6_gwas_lung_regulatory	A multilevel genomic approach to uncover causal connections between CPFE and lung cancer subtypes: A two-sample Mendelian randomization study.
40824435	2025	AMB Express	Journal Article	Q6_gwas_lung_regulatory	Dissecting the role of gut microbiota heterogeneity in the onset of chronic lung diseases.
40820226	2025	Sci Rep	Journal Article	Q6_gwas_lung_regulatory	Druggable genome-wide Mendelian randomization integrating GWAS and eQTL/pQTL data identifies targets for lung squamous cell carcinoma.
40746155	2025	Carcinogenesis	Journal Article;Research Support, N.I.H., Extramural	Q6_gwas_lung_regulatory	Genome-wide association study of early-stage non-small cell lung cancer prognosis: a pooled analysis in the International Lung Cancer Consortium.
40730666	2025	J Hum Genet	Journal Article	Q6_gwas_lung_regulatory	Genome-wide analysis of 3' untranslated region alternative polyadenylation quantitative trait loci identified a potential novel susceptibility locus for lung cancer in cross-ancestry populations.
40676822	2025	Int J Surg	Journal Article	Q6_gwas_lung_regulatory	Bidirectional mendelian randomization and single-cell sequencing reveal T cell-mediated causal links between COPD and lung adenocarcinoma.
40673098	2025	Transl Lung Cancer Res	Journal Article	Q6_gwas_lung_regulatory	Endoplasmic reticulum stress-related genes contribute to lung cancer risk: a multiomics data integration study.
40672941	2025	Front Immunol	Journal Article	Q6_gwas_lung_regulatory	Multi-omics analysis reveals glutathione metabolism-related immune suppression and constructs a prognostic model in lung adenocarcinoma.
40592928	2025	Sci Rep	Journal Article	Q6_gwas_lung_regulatory	Investigating the potential of oxidative stress-related gene as predictive markers in idiopathic pulmonary fibrosis.
40573242	2025	Pharmaceuticals (Basel)	Journal Article	Q6_gwas_lung_regulatory	Exploring the Potential Association Between Inhaled Corticosteroid and Face Aging Risk: A Mendelian Randomization Study.
40545078	2025	Int J Biol Macromol	Journal Article	Q6_gwas_lung_regulatory	Integrating single-cell RNA-seq, bulk RNA-seq, and Mendelian randomization to elucidate the role of HLA-DPA1 expression levels and non-classical monocytes in the pathogenesis of idiopathic pulmonary arterial hypertension.
40527815	2025	Medicine (Baltimore)	Journal Article	Q6_gwas_lung_regulatory	Liposomes, immune cells, and lung cancer subtypes: A bidirectional Mendelian randomization study.
40514687	2025	Clin Epigenetics	Journal Article	Q6_gwas_lung_regulatory	A multi-omics and mediation-based genetic screening approach identifies STX4 as a key link between epigenetic regulation, immune cells, and childhood asthma.
40512334	2025	FASEB J	Journal Article	Q6_gwas_lung_regulatory	Genomic Locus Tagged by Lung Function GWAS SNV rs12477314 (2q37.3) Acts as a Regulatory Region for a Systemic Inflammatory Phenotype.
40502601	2025	medRxiv	Journal Article;Preprint	Q6_gwas_lung_regulatory	Shared loci but distinct variants underlie genetic architecture of allergic diseases.
40473309	2025	Eur Respir J	Journal Article	Q6_gwas_lung_regulatory	Genome-wide association study reveals CBX7 as a novel susceptibility gene associated with primary spontaneous pneumothorax in the Chinese Han population.
40463915	2025	Clin Med Insights Oncol	Journal Article	Q6_gwas_lung_regulatory	Causal Association Between Lung Cancer and Rash: A Bidirectional Mendelian Randomization Study.
40399555	2025	Nat Genet	Journal Article	Q6_gwas_lung_regulatory	Genome-wide association study of long COVID.
40388790	2025	Medicine (Baltimore)	Journal Article	Q6_gwas_lung_regulatory	Identification of therapeutic targets for neonatal respiratory distress: A systematic druggable genome-wide Mendelian randomization.
40374125	2025	Diabetes Res Clin Pract	Journal Article	Q6_gwas_lung_regulatory	Genetically proxied glucokinase activation and risk of diabetic complications: Insights from phenome-wide and multi-omics mendelian randomization.
40329806	2025	Acta Biochim Biophys Sin (Shanghai)	Journal Article	Q6_gwas_lung_regulatory	Causal effects of immune cells on the efficacy and adverse drug reactions of platinum drugs.
40234829	2025	BMC Pulm Med	Journal Article	Q6_gwas_lung_regulatory	Decoding the causal association between immune cells and three chronic respiratory diseases: Insights from a bi-directional Mendelian randomization study.
40205616	2025	Genome Med	Journal Article;Research Support, N.I.H., Extramural	Q6_gwas_lung_regulatory	Integration of functional genomics and statistical fine-mapping systematically characterizes adult-onset and childhood-onset asthma genetic associations.
40168134	2025	Carcinogenesis	Journal Article;Research Support, Non-U.S. Gov't	Q6_gwas_lung_regulatory	Genetic susceptibility to lung squamous cell carcinoma: new insights on 9q33.2 variants and tobacco smoking.
40149630	2025	Biomedicines	Journal Article;Review	Q6_gwas_lung_regulatory	The Genetic Mechanisms and Pathology of Atrial Fibrillation: A Narrative Review.
40139464	2025	J Allergy Clin Immunol	Journal Article;Review	Q6_gwas_lung_regulatory	Update on the genetics of allergic diseases.
40118907	2025	Sci Rep	Journal Article	Q6_gwas_lung_regulatory	Genome wide interaction study of genetic variants associated with lung function decline.
40091050	2025	J Transl Med	Journal Article	Q6_gwas_lung_regulatory	Genetic insights into idiopathic pulmonary fibrosis: a multi-omics approach to identify potential therapeutic targets.
40050692	2025	Sci Rep	Journal Article	Q6_gwas_lung_regulatory	Identification of potential susceptibility loci for non-small cell lung cancer through whole genome sequencing in circadian rhythm genes.
40049421	2025	Genomics	Journal Article;Research Support, Non-U.S. Gov't	Q6_gwas_lung_regulatory	Comprehensive expression genome-wide association study of long non-coding RNAs in four porcine tissues.
40046242	2025	Front Genet	Editorial	Q6_gwas_lung_regulatory	Editorial: Advancements and prospects of genome-wide association studies.
40046022	2025	Intractable Rare Dis Res	Journal Article	Q6_gwas_lung_regulatory	Risk associated circulating biomarkers S100A3 identified in congenital heart disease-associated pulmonary arterial hypertension.
40034789	2025	medRxiv	Journal Article;Preprint	Q6_gwas_lung_regulatory	Integration of functional genomics and statistical fine-mapping systematically characterizes adult-onset and childhood-onset asthma genetic associations.
40034763	2025	medRxiv	Journal Article;Preprint	Q6_gwas_lung_regulatory	Cross-cohort analysis of expression and splicing quantitative trait loci in TOPMed.
39930075	2025	Discov Oncol	Journal Article	Q6_gwas_lung_regulatory	A Multi-omic study integrating plasma protein, multiple tissues, and single-cell identifies RNASET2 as a key gene for lung cancer.
39910069	2025	Nat Commun	Journal Article	Q6_gwas_lung_regulatory	Massively parallel variant-to-function mapping determines functional regulatory variants of non-small cell lung cancer.
39884473	2025	Microb Pathog	Journal Article	Q6_gwas_lung_regulatory	Causal association and potential mediator between lung cancer and tuberculosis: A Mendelian randomization study.
39876559	2025	HGG Adv	Journal Article	Q6_gwas_lung_regulatory	Context-specific eQTLs provide deeper insight into causal genes underlying shared genetic architecture of COVID-19 and idiopathic pulmonary fibrosis.
39848439	2025	Int J Biochem Cell Biol	Journal Article;Review;Research Support, Non-U.S. Gov't	Q6_gwas_lung_regulatory	Interplay between genetics and epigenetics in lung fibrosis.
39794498	2025	Commun Biol	Journal Article;Meta-Analysis	Q6_gwas_lung_regulatory	The genomic architecture of circulating cytokine levels points to drug targets for immune-related diseases.
39793288	2025	Ecotoxicol Environ Saf	Journal Article	Q6_gwas_lung_regulatory	Novel functional eQTL-SNPs associated with susceptibility to occupational pulmonary fibrosis: A multi-stage study.
39680684	2025	Adv Sci (Weinh)	Journal Article	Q6_gwas_lung_regulatory	Cis-Regulation of an m(6)A Eraser by an Insertion Variant Associated with Survival of Patients With Non-Small Cell Lung Carcinoma.
39535029	2025	Nucleic Acids Res	Journal Article;Research Support, N.I.H., Extramural	Q6_gwas_lung_regulatory	Enhancing disease risk gene discovery by integrating transcription factor-linked trans-variants into transcriptome-wide association analyses.
39444114	2025	Genet Epidemiol	Journal Article	Q6_gwas_lung_regulatory	Integrative Multi-Omics Approach for Improving Causal Gene Identification.
39374572	2025	Am J Respir Crit Care Med	Journal Article;Observational Study;Research Support, Non-U.S. Gov't	Q6_gwas_lung_regulatory	Sex-Specific Genetic Determinants of Right Ventricular Structure and Function.
42576861	2025	Sustain Microbiol	Journal Article	Q7_disease_gene_resource	Meeting report: 400 synthetic biology projects promote sustainable development.
42417344	2025	Sex Reprod Health Matters	Journal Article	Q7_disease_gene_resource	Reparation, rights, and dissidence: a qualitative study of feminist advocacy for legal, safe, and free abortion in Ecuador.
42378543	2025	J Int Adv Otol	Journal Article	Q7_disease_gene_resource	Tinnitus Pathophysiology: A Systems Biology Analysis of Gene Networks and Cellular Pathways.
41316172	2025	Respir Res	Journal Article	Q8_ipf_tf	Variable steady inflammation and inflammatory responses in precision-cut lung slices from various IPF lung Regions.
41266264	2025	Iran J Allergy Asthma Immunol	Journal Article	Q8_ipf_tf	Transcription Factor and Cytokine Profiles in Peripheral Blood T Helper Cells in Patients with Idiopathic Pulmonary Fibrosis.
41208134	2025	Exp Lung Res	Journal Article	Q8_ipf_tf	Nuclear accumulated µ-calpain enhances FoxO3a phosphorylation in AT2 cell and exacerbates pulmonary fibrosis.
41155944	2025	Pharmaceutics	Journal Article	Q8_ipf_tf	DST-3, a Novel Modified Cryptotanshinone, Protects Against Pulmonary Fibrosis via Inhibiting STAT3/Smad Signaling Pathway and Improves Bioavailability.
40991995	2025	Int Immunopharmacol	Journal Article	Q8_ipf_tf	Six1 promotes alveolar epithelium senescence in pulmonary fibrosis through regulating Tp53.
40856011	2025	Dis Model Mech	Journal Article;Research Support, Non-U.S. Gov't	Q8_ipf_tf	Uncovering an antifibrotic Prrx1-lineage mesenchymal cell subpopulation in fibrotic lungs.
40820551	2025	Compr Physiol	Journal Article;Review;Research Support, Non-U.S. Gov't	Q8_ipf_tf	The Role of p53-Mediated Cellular Senescence in Idiopathic Pulmonary Fibrosis.
40816528	2025	Eur J Pharmacol	Journal Article	Q8_ipf_tf	Repurposing flavopiridol as an inhaled therapeutic for pulmonary fibrosis.
40816266	2025	Cell	Journal Article	Q8_ipf_tf	Prevalent mesenchymal drift in aging and disease is reversed by partial reprogramming.
40780596	2025	Eur J Pharmacol	Journal Article	Q8_ipf_tf	Transcription factor MEOX1 accelerates pulmonary fibrosis by regulating mitophagy and senescence.
40685333	2025	Aging Cell	Journal Article	Q8_ipf_tf	Smoking Promotes AT2 Cell Senescence and Exacerbates Pulmonary Fibrosis by Downregulating POT1 via Integratively Inducing CpG Methylation and MECP2-Mediated FOXP2 Transcriptional Binding Inhibition.
40580591	2025	Comput Biol Chem	Journal Article;Research Support, Non-U.S. Gov't	Q8_ipf_tf	Identification of the differences in molecular networks between idiopathic pulmonary fibrosis and lung squamous cell carcinoma using machine learning.
40550960	2025	Acta Pharmacol Sin	Journal Article	Q8_ipf_tf	Serum amyloid A3 aggravates bleomycin-induced pulmonary fibrosis through Krüppel-like factor 6-dependent interlukin-36α expression.
40493404	2025	J Clin Invest	Journal Article;Research Support, N.I.H., Extramural;Research Support, Non-U.S. Gov't	Q8_ipf_tf	Wilms tumor 1 impairs apoptotic clearance of fibroblasts in distal fibrotic lung lesions.
40475429	2025	bioRxiv	Journal Article;Preprint	Q8_ipf_tf	Wilms' tumor 1 impairs apoptotic clearance of fibroblasts in distal fibrotic lung lesions.
40469708	2025	Cytojournal	Journal Article	Q8_ipf_tf	Zinc finger and broad-complex, tramtrack, and bric-a-brac domain containing 16 silencing attenuates bleomycin-induced pulmonary fibrosis in mice through inhibition of the phosphoinositide 3-kinase/protein kinase B/mammalian target of rapamycin pathway.
40441200	2025	Medicine (Baltimore)	Journal Article	Q8_ipf_tf	BPIFB1 is a prognostic biomarker and mediated collagen synthesis in idiopathic pulmonary fibrosis.
40064253	2025	Int J Biol Macromol	Journal Article	Q8_ipf_tf	Blocking ATF4 attenuates pulmonary fibrosis by preventing lung fibroblast activation and macrophage M2 program.
39888275	2025	Clin Transl Med	Journal Article;Research Support, Non-U.S. Gov't	Q8_ipf_tf	Histone methyltransferase KMT2A promotes pulmonary fibrogenesis via targeting pro-fibrotic factor PU.1 in fibroblasts.
39781457	2025	Int J Biol Sci	Journal Article;Research Support, Non-U.S. Gov't	Q8_ipf_tf	The Cyclin-Dependent Kinase 8 Inhibitor E966-0530-45418 Attenuates Pulmonary Fibrosis In Vitro and In Vivo.
39745695	2025	Am J Physiol Lung Cell Mol Physiol	Journal Article	Q8_ipf_tf	mTOR signaling regulates multiple metabolic pathways in human lung fibroblasts after TGF-β and in pulmonary fibrosis.
39617099	2025	Lab Invest	Journal Article;Research Support, Non-U.S. Gov't	Q8_ipf_tf	Comprehensive RNA Sequencing Analysis Identifies Network Hub Genes and Biomarkers Differentiating Desmoid-type Fibromatosis From Reactive Fibrosis.
39570661	2025	J Med Chem	Journal Article	Q8_ipf_tf	Discovery of GS-2278, a Potent and Selective LPAR1 Antagonist for the Treatment of Idiopathic Pulmonary Fibrosis.
41596081	2025	Antioxidants (Basel)	Journal Article	Q9_copd_asthma_tf	Epithelial AhR Suppresses Allergen-Induced Oxidative Stress and Senescence via c-Myc Regulation.
41340627	2025	Int J Chron Obstruct Pulmon Dis	Journal Article;Validation Study	Q9_copd_asthma_tf	Integrating Bioinformatics Analysis with RT-qPCR Experimental Validation to Investigate Immune Cell and Telomere-Related Biomarkers in Chronic Obstructive Pulmonary Disease.
41332835	2025	medRxiv	Journal Article;Preprint	Q9_copd_asthma_tf	Interactions with polygenic background impact quantitative traits in the UK Biobank.
41213067	2025	Crit Rev Immunol	Journal Article;Review	Q9_copd_asthma_tf	Single-Cell RNA Analysis Reveals Aberrant Expression of Immune-Related Genes and Transcriptional Regulation of NK Cells in Chronic Obstructive Pulmonary Disease.
41165548	2025	J Med Virol	Journal Article	Q9_copd_asthma_tf	Cigarette Smoke Deteriorates SARS-CoV-2 Infection-Induced Lung Injury.
41164273	2025	Vavilovskii Zhurnal Genet Selektsii	Journal Article	Q9_copd_asthma_tf	The сontribution of FOXO family transcription factor genes (FOXO1, FOXO3) to chronic obstructive pulmonary disease.
41158511	2025	Front Genet	Journal Article	Q9_copd_asthma_tf	Transcriptomic profiling reveals macrophage gene signatures associated with lactylation-related pathways in chronic obstructive pulmonary disease.
41030501	2025	Front Bioinform	Journal Article	Q9_copd_asthma_tf	Discovering biomarkers for chronic sinusitis with nasal polyps: a study integrating bioinformatics analysis and experimental validation of macrophage polarization and metabolism-related genes.
40950440	2025	medRxiv	Journal Article;Preprint	Q9_copd_asthma_tf	The evolutionary landscape of host immunity genes involved in respiratory and other immune-related diseases, and their association with severe COVID-19 outcomes.
40949898	2025	Transl Pediatr	Journal Article	Q9_copd_asthma_tf	The impact of NF-κB2 mutations on Tfh cell differentiation and their critical role in immune function.
40948790	2025	Front Immunol	Journal Article;Review	Q9_copd_asthma_tf	Regulatory mechanisms of Th9 cell differentiation.
40777291	2025	bioRxiv	Journal Article;Preprint	Q9_copd_asthma_tf	Activation of IL-17+ ILC subsets in IL-18R-deficient mice during fungal allergen exposure.
40634444	2025	Sci Rep	Journal Article	Q9_copd_asthma_tf	Anoikis-related biomarkers PARP1 and SDCBP as diagnostic and therapeutic targets for asthma.
40596380	2025	Sci Rep	Journal Article	Q9_copd_asthma_tf	Bioinformatics analysis and preliminary validation of autophagy-related genes in asthma disease.
40461634	2025	Sci Rep	Journal Article	Q9_copd_asthma_tf	Identify the co-expressed genes of hypertensive nephropathy and diabetic nephropathy.
40350818	2025	Zhongguo Zhong Yao Za Zhi	Journal Article;Review;English Abstract	Q9_copd_asthma_tf	[Advances in role and mechanism of traditional Chinese medicine active ingredients in regulating balance of Th1/Th2 and Th17/Treg immune responses in asthma patients].
40307363	2025	Sci Rep	Journal Article	Q9_copd_asthma_tf	Identifying pyroptosis-related prognostic genes in the co-occurrence of lung adenocarcinoma and COPD via bioinformatics analysis.
40288048	2025	J Int Med Res	Journal Article	Q9_copd_asthma_tf	Identification of hub genes related to DNA damage response in asthma via combinative bioinformatics strategy.
40211768	2025	Immunol Rev	Journal Article;Review;Research Support, N.I.H., Extramural	Q9_copd_asthma_tf	Transcriptional Regulation of Mouse Mast Cell Differentiation and the Role of Human Lung Mast Cells in Airway Inflammation.
40161396	2025	Int J Chron Obstruct Pulmon Dis	Journal Article;Research Support, Non-U.S. Gov't	Q9_copd_asthma_tf	Identification of Oxidative Stress-Associated Biomarkers in Chronic Obstructive Pulmonary Disease: An Integrated Bioinformatics Analysis.
40154100	2025	J Ayurveda Integr Med	Journal Article;Review	Q9_copd_asthma_tf	Molecular insights into anti-inflammatory activities of selected Indian herbs.
40029375	2025	Hum Genet	Journal Article	Q9_copd_asthma_tf	Mendelian randomization analysis and molecular mechanism study of childhood asthma and obstructive sleep apnea.
39966984	2025	J Transl Med	Journal Article	Q9_copd_asthma_tf	Integrated analysis reveals that EGR1 promotes epithelial IL33 production in T2 asthma.
39965386	2025	Int Immunopharmacol	Journal Article	Q9_copd_asthma_tf	Exploring the regulatory role of mtTFA on inflammation, oxidative stress, and epigenetic alterations in COPD progressed NSCLC patients with smoking history.
39798569	2025	Am J Hum Genet	Journal Article;Research Support, N.I.H., Extramural	Q9_copd_asthma_tf	DNA-binding affinity and specificity determine the phenotypic diversity in BCL11B-related disorders.
38886935	2025	Neural Regen Res	Journal Article	Q9_copd_asthma_tf	Context-dependent role of sirtuin 2 in inflammation.
41300764	2025	Genes (Basel)	Journal Article;Review	Q10_lung_cancer_tf_network	The miR-200 Family in Non-Small-Cell Lung Cancer: Molecular Mechanisms, Clinical Applications, and Therapeutic Implications.
41122174	2025	Front Immunol	Journal Article	Q10_lung_cancer_tf_network	Administration of statins is correlated with favourable prognosis in lung cancer patients receiving immune checkpoint inhibitors.
41106272	2025	Transl Oncol	Journal Article	Q10_lung_cancer_tf_network	Tumor-derived exosomal miR-199b-5p promotes proliferation and epithelial-mesenchymal transition in non-small cell lung cancer by targeting CCNL1.
41094477	2025	Cell Div	Journal Article	Q10_lung_cancer_tf_network	Long noncoding RNA TMPO-AS1 upregulates chromosomal passenger complex expression to promote cell proliferation in lung cancer via sponging microRNA let-7b-5p.
41085902	2025	Discov Oncol	Journal Article	Q10_lung_cancer_tf_network	The influence of ferroptosis-associated gene HSPA5 on the prognosis and immune evasion of lung adenocarcinoma.
41024254	2025	Biol Sex Differ	Journal Article;Research Support, N.I.H., Extramural	Q10_lung_cancer_tf_network	Multi-omics protein signaling networks identify sex-specific therapeutic candidates in lung adenocarcinoma.
40946586	2025	Transl Oncol	Journal Article	Q10_lung_cancer_tf_network	KRAS mutations promote PD-L1-mediated immune escape by ETV4 in lung adenocarcinoma.
40888963	2025	Funct Integr Genomics	Journal Article	Q10_lung_cancer_tf_network	MED12-STAT1-TAP2 axis regulates CD8 + T cell cytotoxicity and mediates immunotherapy outcome in non-small cell lung cancer.
40860289	2025	Hum Mutat	Journal Article	Q10_lung_cancer_tf_network	Computational Analyses Identified Three Diagnostic Biomarkers Associated With Programmed Cell Death for Lung Adenocarcinoma.
40634311	2025	NPJ Aging	Journal Article	Q10_lung_cancer_tf_network	Aging-associated alterations in gene regulatory networks associate with risk, prognosis and response to therapy in lung adenocarcinoma.
40625743	2025	Front Immunol	Journal Article	Q10_lung_cancer_tf_network	Systematic pan-cancer analysis identifies PKNOX1 as a potential prognostic and immunological biomarker and its functional validation.
40552583	2025	Adv Sci (Weinh)	Journal Article	Q10_lung_cancer_tf_network	Single-Cell RNA Sequencing Identifies MMP11(+) Cancer-Associated Fibroblasts as Drivers of Angiogenesis and Bladder Cancer Progression.
40546313	2025	Mol Ther Oncol	Journal Article	Q10_lung_cancer_tf_network	Identification of dynamic network biomarker ITGB1 for erlotinib pre-resistance using single-cell differential covariance entropy.
40539233	2025	Brief Bioinform	Journal Article	Q10_lung_cancer_tf_network	DeepTFtyper: an interpretable morphology-aware graph neural network for translating histopathology images into molecular subtypes in small cell lung cancer.
40445483	2025	Discov Oncol	Journal Article	Q10_lung_cancer_tf_network	hsa-let-7b-5p/TMPO-AS1-mediated ceRNA networks are linked to poor prognosis for lung cancer patients with FOXM1/MAD2L1 axis.
40323013	2025	Cancer Res Commun	Journal Article;Research Support, Non-U.S. Gov't;Research Support, N.I.H., Extramural	Q10_lung_cancer_tf_network	APOBEC3 Activity Promotes the Survival and Evolution of Drug-Tolerant Persister Cells during EGFR Inhibitor Resistance in Lung Cancer.
40178908	2025	J Clin Invest	Journal Article	Q10_lung_cancer_tf_network	Hyaluronan network remodeling by ZEB1 and ITIH2 enhances the motility and invasiveness of cancer cells.
40097569	2025	Sci Rep	Journal Article	Q10_lung_cancer_tf_network	Unraveling the intricate molecular landscape and potential biomarkers in lung adenocarcinoma through integrative epigenomic and transcriptomic profiling.
39817717	2025	OMICS	Journal Article	Q10_lung_cancer_tf_network	Multiplexed Molecular Endophenotypes Help Identify Hub Genes in Non-Small Cell Lung Cancer: Unlocking Next-Generation Cancer Phenomics.
39647236	2025	Cancer Genet	Journal Article;Meta-Analysis;Research Support, Non-U.S. Gov't	Q10_lung_cancer_tf_network	Screening and identification of gene expression in large cohorts of clinical tissue samples unveils the major involvement of EZH2 and SOX2 in lung cancer.
39637943	2025	Ann Oncol	Journal Article;Multicenter Study;Research Support, N.I.H., Extramural	Q10_lung_cancer_tf_network	Lung adenocarcinomas with mucinous histology: clinical, genomic, and immune microenvironment characterization and outcomes to immunotherapy-based treatments and KRAS(G12C) inhibitors.
39254651	2025	J Natl Cancer Inst	Journal Article	Q10_lung_cancer_tf_network	Pan-cancer genomic analysis reveals FOXA1 amplification is associated with adverse outcomes in non-small cell lung, prostate, and breast cancers.
38685529	2025	J Adv Res	Journal Article;Research Support, Non-U.S. Gov't	Q10_lung_cancer_tf_network	KRAS/PI3K axis driven GTF3C6 expression and promotes LUAD via FAK pathway.
38319037	2025	J Biomol Struct Dyn	Journal Article	Q10_lung_cancer_tf_network	Identification of potential regulatory mechanisms and therapeutic targets for lung cancer.
41738028	2025	bioRxiv	Journal Article;Preprint	Q11_lung_dev_tf	Specialized gas-exchange endothelium of the zebrafish gill.
41522114	2025	J Thorac Dis	Journal Article	Q11_lung_dev_tf	Tumor prognostic risk stratification based on pseudo-time analysis of single-cell sequencing for patients with lung adenocarcinoma.
41516316	2025	Int J Mol Sci	Journal Article;Review	Q11_lung_dev_tf	Lineage Plasticity and Histologic Transformation in EGFR-TKI Resistant Lung Cancer.
41516150	2025	Int J Mol Sci	Journal Article	Q11_lung_dev_tf	A Combined Bioinformatics and Clinical Validation Study Identifies MDM2, FKBP5 and CTNNA1 as Diagnostic Gene Signatures for COPD in Peripheral Blood Mononuclear Cells.
41453945	2025	Cell Death Dis	Journal Article	Q11_lung_dev_tf	Non-canonical NOTCH1 signaling regulates ferroptosis vulnerability in dormant lung cancer cells with stable resistance.
41445736	2025	Front Immunol	Journal Article	Q11_lung_dev_tf	Single-cell transcriptomics reveals immune remodeling of the murine lung microenvironment following chronic house dust mite exposure.
41405834	2025	FASEB J	Journal Article	Q11_lung_dev_tf	Bulk Transcriptome and Single-Cell Sequencing Datasets Reveal Key Programmed Cell Death Patterns in Radiation-Induced Lung Injury: Crosstalk Between NETosis and Macrophages' Responses.
41405767	2025	Med Oncol	Journal Article	Q11_lung_dev_tf	Multi-omics integration reveals CYP2B6 as a central node in the molecular landscape of non-small cell lung cancer.
41373817	2025	Int J Mol Sci	Journal Article	Q11_lung_dev_tf	SOX18 and SOX30 in NSCLC: The Epigenetic Landscape of Methylation, miRNA Regulation, and Network Crosstalk in Tumor Progression.
41315351	2025	Nat Commun	Journal Article	Q11_lung_dev_tf	Single-cell multiomics analysis reveals CTCF as a key regulator of lung morphogenesis and progenitor maintenance.
41304276	2025	Microorganisms	Journal Article	Q11_lung_dev_tf	The Nucleoid-Associated Protein Fis Represses Type 3 Fimbriae to Modulate Biofilm and Adherence Formation in Klebsiella pneumoniae.
41278997	2025	bioRxiv	Journal Article;Preprint	Q11_lung_dev_tf	Clinical Interventions and Inflammatory Signaling Shape the Transcriptional and Cellular Architecture of the Early Postnatal Lung.
41234870	2025	Transl Cancer Res	Journal Article	Q11_lung_dev_tf	Methylation-regulated tumor suppressor gene HOXB4 inhibits human lung adenocarcinoma A549 cell invasion and metastasis through the RAP1 signaling pathway.
41221472	2025	Pulm Circ	Journal Article	Q11_lung_dev_tf	Identification and Validation of Potential Diagnostic Biomarkers for Pulmonary Arterial Hypertension Based on Gene Expression Profiling.
41194044	2025	Respir Res	Journal Article	Q11_lung_dev_tf	FPR1-dependent Pro-inflammatory Ccl4(high) monocytes/macrophages drive and predict sepsis-induced acute lung injury.
41164190	2025	Front Immunol	Journal Article	Q11_lung_dev_tf	Integrative multi-omics reveals energy metabolism-related prognostic signatures and immunogenetic landscapes in lung adenocarcinoma.
41151853	2025	Cancer Genomics Proteomics	Journal Article	Q11_lung_dev_tf	Investigating the Roles of MAPKs as Precision Oncology Targets: A Multi-cancer Expression and Survival Study.
40978530	2025	Mol Ther Nucleic Acids	Journal Article	Q11_lung_dev_tf	Targeting long non-coding RNA MALAT1 preserves endothelial cell integrity and protects against kidney fibrosis.
40961225	2025	Sci Transl Med	Journal Article;Research Support, Non-U.S. Gov't	Q11_lung_dev_tf	PD-1-targeted cis-delivery of an IL-2 variant induces a multifaceted antitumoral T cell response in human lung cancer.
40936767	2025	PeerJ	Journal Article	Q11_lung_dev_tf	Development of a prognostic RiskScore model using efferocytosis-related signature genes for lung adenocarcinoma.
40903777	2025	Eur J Med Res	Journal Article;Review	Q11_lung_dev_tf	NUTM2A-AS1 as a potential key regulator in cancer: unraveling its ceRNA networks and impact on tumor biology.
40875786	2025	Cardiovasc Res	Journal Article;Research Support, Non-U.S. Gov't	Q11_lung_dev_tf	Mapping disease-specific vascular cell populations responsible for obliterative arterial remodelling during the development of pulmonary arterial hypertension.
40874228	2025	Front Oncol	Journal Article	Q11_lung_dev_tf	Comprehensive single-cell sequencing reveals the tumor microenvironment and tumor-specific characteristics in trachea squamous cell carcinoma.
40779647	2025	Sci Immunol	Journal Article	Q11_lung_dev_tf	GM-CSF derived from alveolar type 2 cells promotes CD301b(+) cDC2 generation and allergic airway inflammation.
40767540	2025	Am J Physiol Cell Physiol	Journal Article;Research Support, Non-U.S. Gov't	Q11_lung_dev_tf	SPP1 regulates alveolar type 2 cell-macrophage cross talk and epithelial cell fate in iron-driven lung fibrosis.
40748676	2025	Am J Physiol Lung Cell Mol Physiol	Journal Article	Q11_lung_dev_tf	A spatial transcriptomic atlas of acute neonatal lung injury across development and disease severity.
40735270	2025	J Inflamm Res	Journal Article	Q11_lung_dev_tf	PM2.5 Induces Cell-Specific Transcriptomic Alterations in the Lungs of Juvenile Mice.
40719115	2025	Semin Respir Crit Care Med	Journal Article;Review	Q11_lung_dev_tf	Emerging Concepts in Fibroblast Biology and Progressive Pulmonary Fibrosis.
40552290	2025	Front Immunol	Journal Article	Q11_lung_dev_tf	Development of a machine learning-derived dendritic cell signature for prognostic stratification in lung adenocarcinoma.
40502191	2025	bioRxiv	Journal Article;Preprint	Q11_lung_dev_tf	A spatial transcriptomic atlas of acute neonatal lung injury across development and disease severity.
40501950	2025	bioRxiv	Journal Article;Preprint	Q11_lung_dev_tf	Tumor-specific draining lymph node CD8 T cells orchestrate an anti-tumor response to neoadjuvant PD-1 immune checkpoint blockade.
40499803	2025	J Ethnopharmacol	Journal Article	Q11_lung_dev_tf	Investigation of the effect and mechanism of Fei Re Pu Qing powder in treating acute lung injury (ALI) by modulating macrophage polarization via serum pharmacology and network pharmacology.
40463164	2025	bioRxiv	Journal Article;Preprint	Q11_lung_dev_tf	Organism-wide cellular dynamics and epigenomic remodeling in mammalian aging.
40404474	2025	Zhongguo Fei Ai Za Zhi	English Abstract;Journal Article	Q11_lung_dev_tf	[Public Database-based Study to Explore the Expression and Role of DDB1  in Lung Adenocarcinoma].
40392549	2025	J Exp Med	Journal Article;Case Reports	Q11_lung_dev_tf	A multimorphic variant in ThPOK causes an inborn error of immunity with T cell defects and fibrosis.
40362676	2025	Int J Mol Sci	Journal Article	Q11_lung_dev_tf	Transcriptomic Plasticity of Human Alveolar Macrophages Revealed by Single-Cell RNA Sequencing Following Drug Exposure: Implications for Therapeutic Development.
40343859	2025	Am J Respir Cell Mol Biol	Journal Article;Research Support, Non-U.S. Gov't	Q11_lung_dev_tf	VEGF-D Protects the Lung in Neonatal Hyperoxia-induced Lung Injury.
40339578	2025	Dev Cell	Journal Article	Q11_lung_dev_tf	Targeting VSIG4(+) tissue-resident macrophages enhances T cell cytotoxicity and immunotherapy efficacy in cancer.
40307991	2025	Adv Sci (Weinh)	Journal Article	Q11_lung_dev_tf	Stereotyped Subclones Revealed by High-Density Single-Cell Lineage Tracing Support Robust Development.
40242774	2025	Front Immunol	Journal Article	Q11_lung_dev_tf	Cross one single body 49 tissues single-cell transcriptome reveals detailed macrophage heterogeneity during pig pregnancy.
40217155	2025	BMC Cancer	Journal Article	Q11_lung_dev_tf	SIM2, associated with clinicopathologic features, promotes the malignant biological behaviors of endometrial carcinoma cells.
40184040	2025	J Immunol	Journal Article	Q11_lung_dev_tf	Lung-resident memory CD4+ T cells are dependent on Batf3.
40178979	2025	Cell Rep	Journal Article	Q11_lung_dev_tf	A spatiotemporal cell atlas of cardiopulmonary progenitor cell allocation during development.
40133474	2025	Oncogene	Journal Article	Q11_lung_dev_tf	ZNF768 loss amplifies p53 action and reduces lung tumorigenesis in mice.
40128064	2025	Medicine (Baltimore)	Journal Article;Review	Q11_lung_dev_tf	LncRNA MALAT1's role in the development of retinopathy: A review.
40118721	2025	Sci Bull (Beijing)	Journal Article;Research Support, Non-U.S. Gov't	Q11_lung_dev_tf	Spatiotemporal transcriptome atlas of developing mouse lung.
40078782	2025	Immune Netw	Journal Article	Q11_lung_dev_tf	Mitochondrial Regulator CRIF1 Plays a Critical Role in the Development and Homeostasis of Alveolar Macrophages via Maintaining Metabolic Fitness.
39947933	2025	J Cyst Fibros	Journal Article	Q11_lung_dev_tf	Evidence for altered immune-structural cell crosstalk in cystic fibrosis revealed by single cell transcriptomics.
39867394	2025	medRxiv	Journal Article;Preprint	Q11_lung_dev_tf	A genetically based computational drug repurposing framework for rapid identification of candidate compounds: application to COVID-19.
39818203	2025	Cell Stem Cell	Journal Article	Q11_lung_dev_tf	Longitudinal single-cell profiles of lung regeneration after viral infection reveal persistent injury-associated cell states.
39800368	2025	J Clin Periodontol	Journal Article;Research Support, Non-U.S. Gov't	Q11_lung_dev_tf	Targeting circFOXO3 to Modulate Integrin β6 Expression in Periodontitis: A Potential Therapeutic Approach.
39605457	2025	bioRxiv	Journal Article;Preprint	Q11_lung_dev_tf	Phospholipid Scramblase 1 (PLSCR1) Regulates Interferon-Lambda Receptor 1 (IFN-λR1) and IFN-λ Signaling in Influenza A Virus (IAV) Infection.
39589256	2025	Am J Respir Cell Mol Biol	Journal Article;Research Support, N.I.H., Extramural	Q11_lung_dev_tf	The Homeobox Transcription Factor CUX1 Coordinates Postnatal Epithelial Developmental Timing but Is Dispensable for Lung Organogenesis and Regeneration.
39522760	2025	Lab Invest	Journal Article;Research Support, Non-U.S. Gov't	Q11_lung_dev_tf	Spatiotemporal Cellular Dynamics of Germinal Center Reaction in Coronavirus Disease 2019 Lung-Draining Lymph Node Based on Imaging-Based Spatial Transcriptomics.
39487796	2025	Hum Mol Genet	Journal Article	Q11_lung_dev_tf	Alternative polyadenylation shapes the molecular and clinical features of lung adenocarcinoma.
39447176	2025	Am J Respir Cell Mol Biol	Journal Article;Research Support, N.I.H., Extramural	Q11_lung_dev_tf	Cell Population-resolved Multiomics Atlas of the Developing Lung.
39108112	2025	Curr Med Chem	Journal Article	Q11_lung_dev_tf	Identification of Key Genes and Signaling Pathways in Entrectinibresistant Non-small Cell Lung Cancer Using Bioinformatic Analysis and Experimental Verification.
41332697	2025	bioRxiv	Journal Article;Preprint	Q12_pah_bpd_tf	Comparative Single-Cell Transcriptomics Uncovers Shared and Distinct Molecular Signatures in Cystic Fibrosis and Primary Ciliary Dyskinesia.
41288843	2025	J Clin Immunol	Journal Article;Case Reports	Q12_pah_bpd_tf	Clinical and Immunological Impact of JAK Inhibition in Concurrent Down Syndrome and STAT1 Gain of Function.
41155173	2025	Int J Mol Sci	Journal Article;Review	Q12_pah_bpd_tf	Targeting the Aryl Hydrocarbon Receptor: The Potential of Indole Compounds in the Treatment of Cystic Fibrosis.
41067869	2025	Eur Respir J	Journal Article	Q12_pah_bpd_tf	Targeting IL6-Edn1-FoxO1 axis enables lung growth in mechanically ventilated newborn mice.
40869904	2025	Genes (Basel)	Journal Article;Review	Q12_pah_bpd_tf	Quercetin in Idiopathic Pulmonary Fibrosis and Its Comorbidities: Gene Regulatory Mechanisms and Therapeutic Implications.
40874748	2025	mSystems	Journal Article	Q12_pah_bpd_tf	GplR1, an unusual TetR-like transcription factor in Mycobacterium abscessus, controls the production of cell wall glycopeptidolipids, colony morphology, and virulence.
40772714	2025	Microbiol Spectr	Journal Article	Q12_pah_bpd_tf	Pseudomonas aeruginosa Dnr-regulated denitrification in microoxic conditions.
40693377	2025	Hypertension	Journal Article	Q12_pah_bpd_tf	LINC00599 Promotes Pulmonary Hypertension via Liquid-Liquid Phase Separation With G3BP1 and MYH9.
40686216	2025	Circ Genom Precis Med	Journal Article	Q12_pah_bpd_tf	Lung Single-Cell Transcriptomics Reveal Diverging Pathobiology and Opportunities for Precision Targeting in Scleroderma-Associated Versus Idiopathic Pulmonary Arterial Hypertension.
40661447	2025	bioRxiv	Journal Article;Preprint	Q12_pah_bpd_tf	The mitochondrial unfolded protein response and metabolic reprogramming promote PASMC proliferation in response to sphingosine kinase-1/sphingosine-1-phosphate signaling.
40654710	2025	bioRxiv	Journal Article;Preprint	Q12_pah_bpd_tf	GplR1, an unusual TetR-like transcription factor in Mycobacterium abscessus, controls the production of cell wall glycopeptidolipids, colony morphology, and virulence.
40631082	2025	bioRxiv	Journal Article;Preprint	Q12_pah_bpd_tf	Cholinergic Signaling Modulates Intestinal Pathophysiology in a Drosophila Model of Cystic Fibrosis.
40603451	2025	Sci Rep	Journal Article	Q12_pah_bpd_tf	Transcription factor EB improves hypoxic pulmonary hypertension in fetal rats by suppressing NLRP3 inflammasome activation via induction of mitophagy.
40590703	2025	Dis Model Mech	Journal Article;Research Support, Non-U.S. Gov't	Q12_pah_bpd_tf	An in vitro model of the epithelial airway reveals a key function for EHF in lung homeostasis and disease.
40569693	2025	JCI Insight	Journal Article	Q12_pah_bpd_tf	TNF drives aberrant BMP signaling to induce endothelial and mesenchymal dysregulation in pulmonary hypertension.
40567228	2025	Arterioscler Thromb Vasc Biol	Journal Article;Research Support, N.I.H., Extramural	Q12_pah_bpd_tf	LncRNA-536 and RNA-Binding Protein RBM25 Interactions in Pulmonary Artery Smooth Muscle Cells: Implications in Pulmonary Hypertension.
40557319	2025	Front Cell Infect Microbiol	Journal Article	Q12_pah_bpd_tf	Transcriptomic profiling reveals RetS-mediated regulation of type VI secretion system and host cell responses in Pseudomonas aeruginosa infections.
40530493	2025	J Am Heart Assoc	Journal Article	Q12_pah_bpd_tf	Circ-myh8/KAT7 Affects PANoptosis in Pulmonary Arterial Smooth Muscle Cells: Involvement of Super-Enhancers in FOSL2 Expression.
40403939	2025	Free Radic Biol Med	Journal Article	Q12_pah_bpd_tf	SIRT1 and its SUMOylation attenuate hyperoxia-induced lung injury by improving mitochondrial biogenesis and fusion.
40391957	2025	mBio	Journal Article;Research Support, N.I.H., Extramural	Q12_pah_bpd_tf	Temperature controls LasR regulation of piv expression in Pseudomonas aeruginosa.
40386354	2025	Transl Pediatr	Journal Article	Q12_pah_bpd_tf	Screening for biomarkers of bronchopulmonary dysplasia: a bioinformatics analysis.
40348934	2025	Sci Rep	Journal Article	Q12_pah_bpd_tf	Mechanotransductive stabilization of HIF-1α is inhibited by mitochondrial antioxidant therapy in the setting of pulmonary overcirculation.
40336475	2025	Arterioscler Thromb Vasc Biol	Journal Article	Q12_pah_bpd_tf	Super-Enhancer-Driven LncRNA UNC5B-AS1 Inhibits Inflammatory Phenotypic Transition in Pulmonary Artery Smooth Muscle Cells via Lactylation.
40332394	2025	Int J Mol Sci	Journal Article	Q12_pah_bpd_tf	Cis-Regulation of the CFTR Gene in Pancreatic Cells.
40303003	2025	J Inflamm Res	Journal Article	Q12_pah_bpd_tf	Calycosin-7-Glucoside Alleviates Atherosclerosis by Inhibiting Ox-LDL-Induced Foam Cell Formation and Inflammatory Response in THP-1-Derived Macrophages via ATF-1 Activation Through the p38/MAPK Pathway.
40248086	2025	Front Med (Lausanne)	Journal Article;Review	Q12_pah_bpd_tf	Decoding bronchopulmonary dysplasia in premature infants through an epigenetic lens.
40241046	2025	Respir Res	Journal Article	Q12_pah_bpd_tf	The transcription factor PITX1 cooperates with super-enhancers to regulate the expression of DUSP4 and inhibit pyroptosis in pulmonary artery smooth muscle cells.
40236165	2025	bioRxiv	Journal Article;Preprint	Q12_pah_bpd_tf	Role of Pseudomonas aeruginosa Dnr-regulated denitrification in oxic conditions.
40196115	2025	Front Immunol	Journal Article;Review	Q12_pah_bpd_tf	Modulation of pulmonary immune functions by the Pseudomonas aeruginosa secondary metabolite pyocyanin.
40106779	2025	Am J Respir Cell Mol Biol	Journal Article;Research Support, N.I.H., Extramural	Q12_pah_bpd_tf	Loss of Tbx4 Affects Postnatal Lung Development and Predisposes to Pulmonary Hypertension.
39975245	2025	bioRxiv	Journal Article;Preprint	Q12_pah_bpd_tf	Hypoxia modulates human pulmonary arterial adventitial fibroblast phenotype through HIF-1α activation.
39965654	2025	Br J Pharmacol	Journal Article	Q12_pah_bpd_tf	Imatinib aggravates pressure-overload-induced right ventricle failure via JNK/Runx2 pathway.
39907030	2025	Cell Prolif	Journal Article	Q12_pah_bpd_tf	Super-Enhancer Target Gene CBP/p300-Interacting Transactivator With Glu/Asp-Rich C-Terminal Domain, 2 Cooperates With Transcription Factor Forkhead Box J3 to Inhibit Pulmonary Vascular Remodeling.
39670758	2025	J Bacteriol	Journal Article	Q12_pah_bpd_tf	RhlR-mediated cooperation in cystic fibrosis-adapted isolates of Pseudomonas aeruginosa.
39392679	2025	Am J Respir Cell Mol Biol	Journal Article;Research Support, Non-U.S. Gov't	Q12_pah_bpd_tf	SOX17 Prevents Endothelial-Mesenchymal Transition of Pulmonary Arterial Endothelial Cells in Pulmonary Hypertension through Mediating TGF-β/Smad2/3 Signaling.
38574486	2025	Horm Res Paediatr	Case Reports;Journal Article	Q12_pah_bpd_tf	A New Variant in the GATA6 Gene Associated with Tracheoesophageal Fistula, Pulmonary Vein Stenosis, and Neonatal Diabetes.
42577143	2026	Front Physiol	Journal Article;Review	Q1_lung_GRN_disease	Circadian clock-gut microbiota axis in pulmonary hypertension: linking gut-lung crosstalk, immune timing and vascular remodeling.
42564344	2026	Front Cell Infect Microbiol	Journal Article;Review	Q1_lung_GRN_disease	Gut microbiota in asthma: mechanisms, clinical evidence, and therapeutic opportunities.
42548795	2026	Front Immunol	Journal Article;Review	Q1_lung_GRN_disease	Tumor-associated neutrophils in lung adenocarcinoma: from mechanisms to therapeutic targeting.
42534149	2026	Exp Ther Med	Journal Article;Review	Q1_lung_GRN_disease	m(6)A methylation regulatory network in pulmonary fibrosis: Molecular mechanisms from RNA stability to cellular phenotype transition (Review).
42528593	2026	Front Physiol	Journal Article;Review	Q1_lung_GRN_disease	Mitochondrial programmed cell death in bronchopulmonary dysplasia: mechanisms and therapeutic targets.
42520476	2026	Transl Oncol	Journal Article;Review	Q1_lung_GRN_disease	Lung cancer stem cells in the tumor microenvironment: translational biomarkers and therapeutic strategies for immune evasion and treatment resistance.
42518631	2026	Int J Chron Obstruct Pulmon Dis	Journal Article;Review	Q1_lung_GRN_disease	Exploring the Roles of Wnt Signaling Pathway and Non-Coding RNAs in COPD.
42503223	2026	Channels (Austin)	Journal Article;Review;Research Support, Non-U.S. Gov't	Q1_lung_GRN_disease	Research progress on the role and mechanism of STIM and Orai protein-mediated store-operated calcium entry in cardiovascular diseases.
42472421	2026	Discov Oncol	Journal Article	Q1_lung_GRN_disease	Integrated multi-omics and SHAP analysis reveal the core mechanisms of metabolic reprogramming in lung adenocarcinoma.
42461935	2026	PLoS One	Journal Article	Q1_lung_GRN_disease	Characterization of a novel lncRNA RP3-340N1.2 and its association with a miR-4650-5p/SHC1-related regulatory network in lung adenocarcinoma.
42445413	2026	Transl Cancer Res	Journal Article	Q1_lung_GRN_disease	Integrated multi-omics analysis reveals tumor-suppressive phenotypes and associated transcriptomic remodeling upon METTL3 overexpression in A549 lung cancer cells.
42445384	2026	Transl Cancer Res	Journal Article	Q1_lung_GRN_disease	A pan-cancer functional atlas of ADH1A reveals its conserved role in the tumor microenvironment and immunity.
42435486	2026	Pathol Res Pract	Journal Article;Review	Q1_lung_GRN_disease	Metabolite-driven epigenetic modifications remodel immune cell functions in COPD: From Lactylation to Succinylation.
42431870	2026	Cell Death Dis	Journal Article	Q1_lung_GRN_disease	MND1 regulates PANoptosis and stemness of lung adenocarcinoma cells by stabilizing RCOR2 mRNA.
42421540	2026	Cancer Invest	Journal Article	Q1_lung_GRN_disease	Systematic Investigation of Key Drivers of Lung Adenocarcinoma: A Focus on Genes, Pathways, and miRNAs.
42419403	2026	Cell Signal	Journal Article	Q1_lung_GRN_disease	YBX1 phase separation promotes radioresistance in lung adenocarcinoma by suppressing ferroptosis through GPX4 regulation.
42391673	2026	Transl Oncol	Journal Article	Q1_lung_GRN_disease	DAZAP2, regulated by miR-125b, contributes to inflammation-related non-small cell lung cancer progression.
42390961	2026	J Asthma	Journal Article	Q1_lung_GRN_disease	Diagnostic model construction of mitochondrial-mitophagy related genes and their regulatory network and potential drug discovery in childhood allergic asthma.
42371822	2026	J Interferon Cytokine Res	Journal Article	Q1_lung_GRN_disease	Biochemical Signature in Deciphering the Metastasis-Associated Lung Adenocarcinoma Transcript 1/microRNA-145 Axis and Its Molecular Correlation with Nuclear Factor Kappa Beta/Transforming Growth Factor-Beta and Apoptotic Proteins Expression in Colorectal Cancer.
42357743	2026	Vet Sci	Journal Article	Q1_lung_GRN_disease	MALAT1-miR-20b-5p-P2RX7 Axis Regulates Mycobacterium bovis-Induced THP-1 Pyroptosis.
42343687	2026	Zhen Ci Yan Jiu	Journal Article;Review;English Abstract	Q1_lung_GRN_disease	[Research progress on acupuncture in multi-target synergistic regulation of immune-inflammatory homeostasis in chronic obstructive pulmonary disease].
42336135	2026	Transl Res	Journal Article	Q1_lung_GRN_disease	Single-cell and spatial transcriptomic colocalization analysis reveals the roles of histone deacetylation in lung adenocarcinoma progression and microenvironment.
42334612	2026	Lung	Journal Article;Review	Q1_lung_GRN_disease	The Pleural Microenvironment in Pulmonary Injury and Fibrosis: Mechanistic Insights and Links to Tissue Repair.
42317364	2026	Front Immunol	Journal Article	Q1_lung_GRN_disease	Integrative multi-omics reveals that downregulation of HLA-DPA1/DPB1 drives macrophage immune-metabolic dysregulation in pediatric asthma.
42306043	2026	Int J Chron Obstruct Pulmon Dis	Journal Article;Research Support, Non-U.S. Gov't	Q1_lung_GRN_disease	Identification of Th17 Cell-Associated Biomarkers and Their Potential Regulatory Mechanisms in Chronic Obstructive Pulmonary Disease Through Integrated Bioinformatics Analysis and Machine Learning.
42302896	2026	Transl Res	Journal Article;Review	Q1_lung_GRN_disease	Epigenetics and macrophage polarization in asthmatic airway inflammation.
42294498	2026	Front Genet	Journal Article	Q1_lung_GRN_disease	Analysis of gene expression patterns modulated by tuberculous pleural effusion-derived exosomal miRNAs in lung cancer.
42285238	2026	J Ethnopharmacol	Journal Article	Q1_lung_GRN_disease	Ophiopogon japonicus alleviates pulmonary fibrosis through modulation of HIF1A/TUBB3 axis-associated M2 macrophage polarization and arginine metabolic alterations.
42260571	2026	World J Surg Oncol	Journal Article	Q1_lung_GRN_disease	LY86-AS1 predicts poor prognosis and inhibits progression in non-small cell lung cancer by targeting the miR-132-3p/RB1CC1 axis.
42245728	2026	Front Oncol	Journal Article;Review	Q1_lung_GRN_disease	miR-17: from developmental regulatory hub to molecular engine driving tumourigenesis.
42227532	2026	Curr Med Chem	Journal Article	Q1_lung_GRN_disease	Mitophagy in Pulmonary Fibrosis: Molecular Interactions, Hypoxia Interactions, and Therapeutic Strategies.
42201688	2026	OMICS	Journal Article	Q1_lung_GRN_disease	Integrated Bioinformatics and Structural Assessment Suggest Doxycycline as a Potential Candidate Targeting MMP7 in Lung Cancer and SSc-Associated ILD.
42193278	2026	Biomedicines	Journal Article	Q1_lung_GRN_disease	In Vitro Cell Viability and Migration Inhibitory Effects of Isorhamnetin in Non-Small Cell Lung Cancer Cells.
42141469	2026	J Inflamm (Lond)	Journal Article	Q1_lung_GRN_disease	FOXD2-AS1/miR-185-5p/CDC42 axis in chronic obstructive pulmonary disease: clinical significance and mechanistic insights.
42140968	2026	NPJ Syst Biol Appl	Journal Article	Q1_lung_GRN_disease	Emergence of Sprouty role from the signaling interplay of DUSP1 and DUSP4 interactions in NSCLC pathogenesis.
42134145	2026	Comput Biol Chem	Journal Article	Q1_lung_GRN_disease	The miR-1260-ZNF axis in non-small cell lung cancer: Focus on ZNF302, ZNF439, and ZNF781.
42123577	2026	Int J Mol Sci	Journal Article	Q1_lung_GRN_disease	Coordinated Multicellular Immune Programs and Drug Targets Revealed by Single-Cell Analysis in Driver-Mutated NSCLC.
42079213	2026	bioRxiv	Journal Article;Preprint	Q1_lung_GRN_disease	Bidirectional coupling among EMT, AXL-RB1 signaling and lineage switch drives resistance to osimertinib and worse clinical outcomes in NSCLC.
42069101	2026	J Biomed Inform	Journal Article	Q1_lung_GRN_disease	CBFI: A multi-layer gene network key node identification algorithm integrating structural-biological features and dynamic regulatory weights.
42053877	2026	Curr Allergy Asthma Rep	Journal Article;Systematic Review	Q1_lung_GRN_disease	Interception of Regulatory RNAs on TGF-β Signaling in the Pathogenesis of Idiopathic Pulmonary Fibrosis: A Systematic Review.
42010258	2026	Cell Death Discov	Journal Article	Q1_lung_GRN_disease	SMARCA4 activation engages FOSL1 to drive enhancer reprogramming and tumorigenic phenotypes in SMARCA4-deficient LUAD cells.
42008043	2026	Mol Cell Biochem	Journal Article;Review	Q1_lung_GRN_disease	Targeting YAP: mechanistic breakthroughs and therapeutic prospects in reversing organ fibrosis.
41999690	2026	Int Immunopharmacol	Journal Article;Review	Q1_lung_GRN_disease	Macrophage polarization as a therapeutic target in lung diseases: From pathogenesis to precision intervention.
41996892	2026	Virology	Journal Article;Review	Q1_lung_GRN_disease	Respiratory viruses as key drivers of pulmonary fibrosis: integrated pathways from barrier injury to immune-fibrotic crosstalk.
41992345	2026	Biol Direct	Journal Article	Q1_lung_GRN_disease	Exploring and experimental validation of SLC7A11 and ferroptosis related prognostic genes in non-small cell lung cancer using bulk RNA sequencing and single-cell RNA sequencing.
41965721	2026	Clin Epigenetics	Journal Article	Q1_lung_GRN_disease	Mechanistic studies of molecular networks associated with pulmonary hypertension explored by combined transcriptome analysis of Project-methylation.
41965517	2026	BMC Microbiol	Journal Article	Q1_lung_GRN_disease	Intestinal dysbiosis associates with silica-induced pulmonary fibrosis in mice via arginine and tryptophan pathways.
41935997	2026	Naunyn Schmiedebergs Arch Pharmacol	Journal Article	Q1_lung_GRN_disease	Integration of multi-omics and machine learning to identify core genes in PANoptosisof lung adenocarcinoma and their mechanisms in the tumor microenvironment and therapeutic potential.
41889873	2026	bioRxiv	Journal Article;Preprint	Q1_lung_GRN_disease	The metabolic reprogramming of T cells controls airway remodeling in severe asthma.
41867456	2026	J Inflamm Res	Journal Article	Q1_lung_GRN_disease	Identification of Glycosylation-Related Biomarkers in COPD and IPF Through Integrated Machine Learning and WGCNA Analysis.
41836411	2026	Front Immunol	Journal Article	Q1_lung_GRN_disease	Deciphering immune heterogeneity in lung adenocarcinoma via machine learning-based Differential Phenotype Immune Score: TPX2 as a key biomarker for immunotherapy resistance.
41789644	2026	Int J Mol Med	Journal Article;Review	Q1_lung_GRN_disease	The dual role of the crosstalk between autophagy and ferroptosis in lung cancer treatment: Advances in mechanisms and therapeutic strategies (Review).
41772579	2026	Respir Res	Journal Article	Q1_lung_GRN_disease	The identification of RNA splicing aberrations and their potential regulatory network in Chinese non-small cell lung cancer.
41751942	2026	Int J Mol Sci	Journal Article	Q1_lung_GRN_disease	KIF18B Is Essential for Lung Adenocarcinoma Progression Through the E2F Transcriptional Network.
41742055	2026	BMC Cancer	Journal Article	Q1_lung_GRN_disease	Single-cell hdWGCNA and experimental validation identify an innovative T-cell-associated prognostic model and immune microenvironment in lung adenocarcinoma with lymph node metastasis.
41739808	2026	PLoS One	Journal Article	Q1_lung_GRN_disease	Based on single-cell and transcriptome analysis of inflammatory pathway biomarkers and their molecular mechanisms in chronic obstructive pulmonary disease.
41708710	2026	Sci Rep	Journal Article	Q1_lung_GRN_disease	Analysis of the mechanism and prognostic value of PRKCQ-AS1 in inhibiting the progression of lung adenocarcinoma via regulating the PD-1/PD-L1 pathway.
41674985	2026	Transl Cancer Res	Journal Article	Q1_lung_GRN_disease	ARHGAP11A affects lung adenocarcinoma (LUAD) and pancreatic adenocarcinoma (PAAD) progression by regulating FAM83A.
41666167	2026	PLoS One	Journal Article	Q1_lung_GRN_disease	Sphingolipid metabolism-related genes B4GALNT1 and CERS4 as prognostic biomarkers in lung adenocarcinoma.
41659720	2026	Front Oncol	Journal Article;Review	Q1_lung_GRN_disease	Metabolic reprogramming and lung cancer focused on roles, mechanism, and clinical prospects of circRNAs: a narrative review.
41614888	2026	Curr Issues Mol Biol	Journal Article;Review	Q1_lung_GRN_disease	The Involvement of MicroRNAs in Innate Immunity and Cystic Fibrosis Lung Disease: A Narrative Review.
41600612	2026	Toxics	Journal Article	Q1_lung_GRN_disease	Integrated ceRNA Network Analysis in Silica-Induced Pulmonary Fibrosis and Discovery of miRNA Biomarkers.
41541229	2026	Bioinform Biol Insights	Journal Article	Q1_lung_GRN_disease	Integrated Network Analysis Reveals a Directly Regulatory Network of FOXM1 Associated With the Cell Cycle in Lung Adenocarcinoma.
41447963	2026	Res Vet Sci	Journal Article	Q1_lung_GRN_disease	Integrated analysis of transcriptome and metabolome reveal the complex molecular regulatory network of chicken house PM2.5 induced lung injury.
41345301	2026	Naunyn Schmiedebergs Arch Pharmacol	Journal Article	Q1_lung_GRN_disease	Integrative bioinformatics and machine learning to explore the mechanism of Scutellaria baicalensis Georgi in TGF-β1-induced ASMCs proliferation during asthma airway remodeling.
41314428	2026	Food Chem Toxicol	Journal Article	Q1_lung_GRN_disease	Per- and polyfluoroalkyl substances induce cytotoxicity in NCI-H446 cells through modulating proliferation, apoptosis, and m(6)A methylation.
40099537	2026	Comput Methods Biomech Biomed Engin	Journal Article	Q1_lung_GRN_disease	Identification of nitric oxide-related key genes in pulmonary hypertension via bioinformatics and in vitro validation for therapeutic target discovery.
42548687	2026	Front Oncol	Journal Article;Review	Q2_scenic_lung	Functional interplay between TTP/ZFP36 and HuR/ELAVL1 in cancer: a post-transcriptional regulatory network.
42521129	2026	J Heart Lung Transplant	Journal Article	Q2_scenic_lung	Cytotoxic CD8+ T Cells Persist and Show Transcriptional Priming in Lung Transplantation.
42459691	2026	Front Immunol	Journal Article	Q2_scenic_lung	Integrating multi-omics and machine learning to uncover CCL20 as a potential regulator of the immunosuppressive microenvironment in lung adenocarcinoma.
42288622	2026	Sci Rep	Journal Article	Q2_scenic_lung	SPP1-positive myeloid cell subpopulations associated with resistance to PD-1/L1 immunotherapy in lung adenocarcinoma.
42247486	2026	Sci Immunol	Journal Article;Research Support, Non-U.S. Gov't	Q2_scenic_lung	Cytotoxic CD39(+) tumor-associated NK cells respond to NKG2A blockade in lung cancer.
42206269	2026	Hum Mutat	Journal Article	Q2_scenic_lung	A Spatially Constrained Fibroblast-Myeloid Program Associates With Immune Exclusion and Poor Prognosis in Lung Adenocarcinoma.
42152025	2026	J Exp Clin Cancer Res	Journal Article	Q2_scenic_lung	ASCL2-mediated macrophage-myofibroblast transition generates immunosuppressive CAF_7 in NSCLC bone metastases.
42073595	2026	Cancers (Basel)	Journal Article	Q2_scenic_lung	CCL5 Orchestrates Paradoxical Immune Landscapes in NSCLC: Simultaneous Recruitment of Effector and Suppressor Cells Shapes Immunotherapy Resistance.
41761000	2026	Discov Oncol	Journal Article	Q2_scenic_lung	DLX2 marks an immunosuppressive dendritic-cell program that reshapes cytotoxic immunity and marks a tolerogenic microenvironment in lung adenocarcinoma.
41676743	2026	bioRxiv	Journal Article;Preprint	Q2_scenic_lung	Lymph node resident memory T cells retain effector capabilities by evading lung resident memory dysfunction.
41673658	2026	Cancer Cell Int	Journal Article	Q2_scenic_lung	Spatial transcriptomics and single-cell analyses reveal the role of the cisplatin-resistant gene panel in NSCLC progression and the tumor microenvironment, identifying LOXL2 as a potential therapeutic target.
41628511	2026	Int Immunopharmacol	Journal Article	Q2_scenic_lung	SARS-CoV-2 E protein reduces PPARA activity in colonic and pulmonary epithelial cells, driving diarrhea and pneumonia in COVID-19.
41586609	2026	mSphere	Journal Article	Q2_scenic_lung	Multispecies transcriptomics reveals influenza A virus modulation of Streptococcus pneumoniae EF3030 infection in human lung epithelium and murine lung.
41550422	2026	Biofilm	Journal Article	Q2_scenic_lung	Experimental evolution in the cystic fibrosis chemical environment reveals early TCA cycle flux as a central regulator of Mycobacterium abscessus biofilm formation.
41401564	2026	Comput Biol Chem	Journal Article;Research Support, Non-U.S. Gov't	Q2_scenic_lung	Integrative bioinformatics analysis reveals that microplastics promote chronic rhinosinusitis with nasal polyps through NOXO1-mediated oxidative stress and myoepithelial cell reprogramming.
41386231	2026	Immunity	Journal Article	Q2_scenic_lung	Innate type 2 lymphocytes trigger an inflammatory switch in alveolar macrophages.
42561763	2026	Plant Physiol Biochem	Journal Article	Q3_tf_target_database	ZmHDZ6 positively regulates drought tolerance in maize seedlings by activating ZmPRX6 and ZmEPF2.
42538401	2026	Eur J Clin Nutr	Journal Article;Review	Q3_tf_target_database	Intermittent fasting: Impact, mechanisms and cautions across medical and lifestyle domains.
42517394	2026	Curr Top Med Chem	Journal Article	Q3_tf_target_database	EBF1: A Multidimensional Role Integrating Metabolism and Metabolic Diseases.
42511922	2026	Biomedicines	Journal Article	Q3_tf_target_database	Cross-Species Transcriptomic Analysis Identifies an Endocannabinoid-Associated Immune Remodeling Signature and Candidate Pharmacologic Targets in Spinal Cord Injury.
42509698	2026	Curr Alzheimer Res	Journal Article	Q3_tf_target_database	Integrating Multi-Omics and Mendelian Randomization Reveals the Role of Epstein-Barr Virus Infection in Alzheimer's Disease and the Therapeutic Potential of Resveratrol.
42494236	2026	Anim Genet	Journal Article;Review	Q3_tf_target_database	Nuclear Stress Bodies and Mitochondrial Signal Transduction Regulate Thermotolerance in Cattle: Insights Into Molecular Mechanisms.
42493383	2026	J Integr Med	Journal Article	Q3_tf_target_database	Periplocin targets STAT3 to suppress MYC expression and inhibit multiple myeloma cell proliferation.
42490795	2026	World J Oncol	Journal Article	Q3_tf_target_database	Transcription Factor MAX Regulates Liver Cancer Cell Growth, Migration, Invasion, and Epithelial-Mesenchymal Transition by Promoting SF3A3 Expression.
42482916	2026	Front Med (Lausanne)	Journal Article	Q3_tf_target_database	ATF3 and HNF4A: an oxidative phosphorylation and cholesterol homeostasis-associated diagnostic and therapeutic repurposing framework target for metabolic dysfunction-associated steatohepatitis patients.
42480525	2026	Cell	Journal Article	Q3_tf_target_database	A domestication-selected enhancer coordinates source-sink balance to improve harvest index and yield in maize.
42474938	2026	Rice (N Y)	Journal Article	Q3_tf_target_database	OsMYBAS1 Coordinates ABA/JA Signaling and ROS Homeostasis for Seedling Cold Tolerance of Rice (Oryza sativa L.).
42472386	2026	Mol Carcinog	Journal Article	Q3_tf_target_database	ZNF695 Promotes Colorectal Cancer Progression Through Transcriptional Activation of CBX8 and Subsequent Wnt/β-Catenin Signaling Activation.
42470494	2026	J Mol Histol	Journal Article	Q3_tf_target_database	Investigating the mechanisms of malignant progression in colorectal cancer using weighted gene co-expression network analysis and machine learning.
42468142	2026	Transl Oncol	Journal Article	Q3_tf_target_database	Mechanistic study of LINC00839-mediated suppression of anoikis in hepatocellular carcinoma via regulation of FOXM1.
42464414	2026	J Anim Sci Biotechnol	Journal Article	Q3_tf_target_database	Single-nucleus RNA sequencing reveals cell type-specific responses to heat stress in bovine mammary gland.
42458520	2026	J Transl Med	Journal Article	Q3_tf_target_database	Heterogeneity characterization and therapeutic marker discovery of endometrial carcinoma using GeoMXT™ digital spatial profiling.
42458247	2026	BMC Genomics	Journal Article	Q3_tf_target_database	High-throughput sequencing and analysis of target genes uncover microRNA-mediated responses to low-temperature stress in Medicago falcata.
42456083	2026	Mol Biol Evol	Journal Article	Q3_tf_target_database	EnhancerDB 2.0: a comprehensive cross-species enhancer atlas.
42454795	2026	Braz J Med Biol Res	Journal Article	Q3_tf_target_database	ZNF821 as a potential biomarker associated with immune infiltration in pancreatic adenocarcinoma.
42446661	2026	J Agric Food Chem	Journal Article	Q3_tf_target_database	High-Resolution Temporal Transcriptome and Metabolome Atlas of Vitis davidii Berry Development Provides Insights into Its Unique Metabolite Accumulation Patterns.
42440634	2026	Front Genet	Journal Article	Q3_tf_target_database	WTAP-mediated m6A methylation of SOX2 affects lung adenocarcinoma malignancy via Wnt/β-catenin pathway.
42438302	2026	Plant Cell Environ	Journal Article	Q3_tf_target_database	Single-Nucleus RNA Sequencing Reveals WRKY12a Regulating Secondary Cell Wall Formation During Xylem Differentiation in Rubber Tree.
42437855	2026	Cell Mol Life Sci	Journal Article	Q3_tf_target_database	Matrix stiffness induced CREB3L1 activation contributed to skin fibrosis through calcium influx triggered endoplasmic reticulum stress.
42435244	2026	Apoptosis	Journal Article;Research Support, Non-U.S. Gov't	Q3_tf_target_database	GLI2 confers ferroptosis resistance in bladder cancer by transcriptionally upregulating PRDX1.
42432583	2026	BMC Cancer	Journal Article	Q3_tf_target_database	Uncovering the mechanism of DCLK3 in colorectal cancer progression through WGCNA and machine learning.
42427068	2026	Microb Biotechnol	Journal Article	Q3_tf_target_database	WC1/WC2-Sre1 Transcriptional Cascade Controls Predation and Chlamydospore Formation in the Nematode-Trapping Fungus Arthrobotrys flagrans.
42423875	2026	Appl Biochem Biotechnol	Journal Article	Q3_tf_target_database	Agmatinase Facilitates Gastric Cancer Tumorigenesis Through PI3K/AKT-Mediated Enhancement of Proliferation, Invasion, and Stemness.
42418120	2026	Mol Cell Biochem	Journal Article	Q3_tf_target_database	Mesothelial cell senescence induced by high glucose in peritoneal dialysis drives fibroblast activation and peritoneal fibrosis through KLF6-mediated activation of TGF-β pathway.
42414892	2026	BMC Plant Biol	Journal Article	Q3_tf_target_database	Genome-wide identification of the AINTEGUMENTA-like gene family and functional characterization of ZmANT1 in regulating leaf length in maize.
42412240	2026	Funct Integr Genomics	Journal Article	Q3_tf_target_database	Integrated multi-omics analysis reveals key molecular mechanisms underlying fibroproliferation and immune dysregulation in keloids.
42410967	2026	Autophagy	Journal Article	Q3_tf_target_database	Targeting lysosomes with a novel chloroquine derivative induces irreversible lysosomal damage and disrupts autophagosome and lysosome assembly in cancer.
42409508	2026	Food Res Int	Journal Article	Q3_tf_target_database	Single-nucleus profiling of neonatal broilers identifies early molecular signatures associated with the divergence in the potential of meat quality.
42401755	2026	EMBO Mol Med	Journal Article	Q3_tf_target_database	Foxs1-mediated transformation of CD34(+) fibroblast to myCAFs promotes tumor growth.
42399485	2026	Funct Integr Genomics	Journal Article	Q3_tf_target_database	Multi-omics integration identifies macrophage senescence driven by the RUNX1-P53 axis as a key mechanism in diabetic foot ulcer.
42393221	2026	Nat Genet	Journal Article	Q3_tf_target_database	Mutational scanning reveals substrate-assisted autoregulation of the WNT destruction complex.
42387263	2026	New Phytol	Journal Article	Q3_tf_target_database	From knowledge graph to topological data analysis: a novel framework to analyze gene regulatory networks for tomato-multi-pathogen interactions.
42380807	2026	BMC Plant Biol	Journal Article	Q3_tf_target_database	Co-expression analysis identifies organ-specific gene regulatory networks responsive to phosphate limitation in hemp (Cannabis sativa L.).
42373749	2026	Sci Rep	Journal Article	Q3_tf_target_database	ER stress-mediated impairment of hepatic lipid export is associated with steatosis in AKI-induced remote liver injury.
42363492	2026	Medicine (Baltimore)	Journal Article	Q3_tf_target_database	In silico analysis based on network pharmacology and biomolecular informatics to explore the mechanism of action of Erjing Pills (from Shengji Zonglu) in the treatment of leukotrichia.
42358814	2026	Oncol Res	Journal Article	Q3_tf_target_database	BCL2-Associated Transcription Factor 1 Promotes SRC/Hypoxia-Inducible Factor 1 Subunit α-Mediated Cancer Stemness in Radioresistant Triple-Negative Breast Cancer.
42352488	2026	Cancers (Basel)	Journal Article	Q3_tf_target_database	Transcription Factor ATF4 Deletion Reprograms Glucose Metabolism in Clear Cell Renal Cell Carcinoma.
42348043	2026	Discov Oncol	Journal Article	Q3_tf_target_database	Exploring shared biomarkers and their mechanisms in thyroid cancer and systemic lupus erythematosus via bioinformatics analysis.
42342150	2026	Cell Mol Gastroenterol Hepatol	Journal Article	Q3_tf_target_database	IGF2BP1-Mediated m⁶A Modification Stabilizes HMGA2 mRNA to Promote Intrahepatic Cholangiocarcinoma Progression.
42336549	2026	J Environ Sci (China)	Journal Article	Q3_tf_target_database	KLF4/FOXF1 axis alleviates silicosis fibrosis by modulating fibroblast behavior and extracellular matrix remodeling.
42332760	2026	J Transl Med	Journal Article	Q3_tf_target_database	RUNX1-regulated ITGB1-enriched extracellular vesicles drive pancreatic cancer liver metastasis via fibrotic pre-metastatic niche formation.
42328876	2026	J Bacteriol	Journal Article	Q3_tf_target_database	Cross-regulation of amino acid synthesis and anaerobic electron transfer by MetR-mediated methionine signaling.
42325906	2026	Hortic Res	Journal Article	Q3_tf_target_database	The CsBES1-14-CsCOR413 module mediated by brassinolide positively regulates cold resistance in tea plant.
42325124	2026	Adv Sci (Weinh)	Journal Article	Q3_tf_target_database	An Integrative Strategy Delineates Modular Metabolic Remodeling and Potential Therapeutic Targets Across Metabolic Diseases.
42304212	2026	BMC Genom Data	Journal Article	Q3_tf_target_database	Muscle-specific CUT&Tag profiling dataset of UNC-130 in Caenorhabditis elegans.
42302287	2026	Plant Physiol	Journal Article	Q3_tf_target_database	Network-based analysis of crucial genes for salt tolerance in rice.
42295138	2026	OMICS	Journal Article	Q3_tf_target_database	Investigating Immune Microenvironment of Inflammatory Bowel Disease and the Mitochondrial Metabolism-Related Molecular Mechanisms: Combining a Multiomics Approach and Experimental Validation.
42292668	2026	Front Bioinform	Journal Article	Q3_tf_target_database	Systematic analysis of bacterial lipopolysaccharide-related genes and immune cell infiltration characteristics in pediatric septic shock using integrated bioinformatics and machine learning approaches.
42288007	2026	Tissue Cell	Journal Article	Q3_tf_target_database	NUP62 promotes non-small cell lung cancer progression by enhancing STAT4 nuclear translocation to upregulate CFH transcription.
42276486	2026	Int J Biol Macromol	Journal Article	Q3_tf_target_database	CNVs, chromatin accessibility, and 3D chromatin structure in preadipocytes provide mechanistic insight into sheep fat-tailed formation.
42275814	2026	Plant Physiol Biochem	Journal Article	Q3_tf_target_database	An R2R3-MYB transcription factor NtMYB78 modulates growth and development in tobacco via the phenylpropanoid biosynthesis pathway.
42268451	2026	Discov Oncol	Journal Article	Q3_tf_target_database	Identifying the relationship between exosome genes and breast cancer risk using bioinformatics and machine learning methods.
42265766	2026	J Cell Mol Med	Journal Article;Research Support, Non-U.S. Gov't	Q3_tf_target_database	Potential Relationship Between YTHDF3 and CFTR in Myocardial Ischemia-Reperfusion Injury.
42262560	2026	Plant Physiol	Journal Article	Q3_tf_target_database	Brassinosteroid-associated transcriptional regulatory networks in rice.
42246038	2026	Int J Gen Med	Journal Article	Q3_tf_target_database	Construction and Analysis of ceRNA Regulatory Networks Reveal the Core Genes Associated with Rheumatoid Arthritis.
42243650	2026	Cell Mol Biol Lett	Journal Article	Q3_tf_target_database	ZNF662 inhibits oncogenesis through NUPR1/p53 signaling pathway in epithelial ovarian cancer and is regulated by hsa-miR-429.
42241744	2026	Arch Med Res	Journal Article	Q3_tf_target_database	Transcriptomic Profiling and miRNA-Target Gene Network Construction Reveals Epigenetic Drivers of Glucocorticoid-Induced Osteoporosis.
42229042	2026	Gynecol Oncol	Journal Article	Q3_tf_target_database	Clinical relevance of transcriptome profiling for assessing prognosis, platinum insensitivity, and precision therapeutics in endometrial cancer.
42223525	2026	Acta Parasitol	Journal Article	Q3_tf_target_database	Deciphering the Molecular Basis of Systemic Manifestations in Cutaneous Leishmaniasis Using Integrated Bioinformatics Analysis.
42212377	2026	Mol Med Rep	Journal Article	Q3_tf_target_database	FOSL2 drives transcriptional activation of super‑enhancer-regulated DYNC1H1 to promote hypoxia‑induced oral squamous cell carcinoma progression.
42209898	2026	Discov Oncol	Journal Article	Q3_tf_target_database	STAT1 is a potential prognostic biomarker in lung adenocarcinoma regulated by hsa-miR-145-3p and hsa-let-7b-5p.
42205459	2026	Exp Ther Med	Journal Article	Q3_tf_target_database	CDX2-UPK1B-PIK3IP1-PI3K/AKT signaling axis regulates gastric cancer cell invasion and migration and influences patient prognosis.
42201483	2026	Mol Neurobiol	Journal Article	Q3_tf_target_database	m(6)A Modification Genetic Variants Associated with Autism Spectrum Disorder Risks.
42196406	2026	Int J Mol Sci	Journal Article	Q3_tf_target_database	Deciphering the Transcription Factor-Dominated Ecosystem During Esophageal Squamous Cell Carcinoma Progression at the Single-Cell Level.
42191041	2026	Free Radic Biol Med	Journal Article	Q3_tf_target_database	YY1 Promotes Diabetic Vascular Calcification Via m(6)A-Binding Protein HNRNPC.
42190540	2026	Plant Physiol Biochem	Journal Article;Comparative Study	Q3_tf_target_database	Comparative analysis of the GRAS transcription factor family in oilseed and confectionery sunflower identifies HaGRAS19 as a regulator of salt stress responses.
42167485	2026	J Genet Genomics	Journal Article	Q3_tf_target_database	Single-cell multiomics gene regulatory landscape reveals impaired spermatogonial stem cells and macrophage-driven inflammaging during testicular aging.
42152469	2026	Autophagy	Journal Article	Q3_tf_target_database	Byakangelicin alleviates metabolic dysfunction-associated steatohepatitis by selective inhibition of a non-canonical MTORC1 signaling pathway.
42143442	2026	Biochem Biophys Res Commun	Journal Article	Q3_tf_target_database	TP63 expression correlates with mesenchymal-like gene signature in patient-derived recurrent glioblastoma cells.
42142737	2026	J Genet Genomics	Journal Article	Q3_tf_target_database	The transcription factor SlDOF9 directly activates SlELP5 expression to regulate inflorescence length in tomato.
42136208	2026	Curr Comput Aided Drug Des	Journal Article	Q3_tf_target_database	Integrating Multi-omics, Mendelian Randomization, and Experimental Validation to Unveil the Role of Traditional Chinese Medicine in Postmenopausal Osteoporosis.
42122151	2026	Cancers (Basel)	Journal Article	Q3_tf_target_database	Loss of SALL1 Promotes Hepatocellular Carcinoma Growth and Is Associated with Poor Clinical Outcome.
42116766	2026	Jpn J Clin Oncol	Journal Article	Q3_tf_target_database	POU2F3 expression in lung squamous cell carcinoma: transcriptomic and immunohistochemical profiling with prognosis.
42116178	2026	J Cardiothorac Surg	Journal Article	Q3_tf_target_database	Identification and validation of MYC as an autophagy-related gene for diagnosis and immune infiltration in sepsis-induced myocardial dysfunction.
42090392	2026	PLoS Pathog	Journal Article	Q3_tf_target_database	The stage-specific regulation and role of root-knot nematode SWEET genes.
42083534	2026	Curr Med Chem	Journal Article	Q3_tf_target_database	Prognostic and Immunoinfiltration Analysis of Transcription Factor BTF3 in Pan-cancer.
42081471	2026	PLoS Comput Biol	Journal Article	Q3_tf_target_database	Co-morbid biomarkers for sarcopenic obesity associated with gut microbiota metabolites: From burden to treatment.
42072343	2026	Biomedicines	Journal Article	Q3_tf_target_database	Cell-Type-Resolved Acetylation Regulator Atlas Defines Immune Endotypes and Druggable Vulnerabilities in Psoriasis.
42068085	2026	Clin Transl Med	Journal Article	Q3_tf_target_database	Excitatory neurons and astrocytes-specific dysregulation and aberrant interactions are vulnerable to FCDI as suggested by single-cell spatial transcriptomics.
42061206	2026	J Psychiatr Res	Journal Article	Q3_tf_target_database	Comprehensive integrative analysis of Exosome-associated genes in major depressive disorder: Diagnostic biomarker discovery, immune modulation, and therapeutic implications.
42059220	2026	Endocr Metab Immune Disord Drug Targets	Journal Article	Q3_tf_target_database	Integrated Bioinformatics Analysis of Autophagy-Related Biomarkers in Atherosclerosis and Acquired Immune Deficiency Syndrome.
42043646	2026	Curr Med Sci	Journal Article	Q3_tf_target_database	E2F Accelerates the Proliferation of B-Cell Non-Hodgkin Lymphomas by Upregulating Cell-Cycle Genes.
42041131	2026	Autophagy	Journal Article	Q3_tf_target_database	The nuclear receptor ESRRA is a crucial regulator of acute kidney injury through inhibition of the lipophagy-ferroptosis axis.
42032608	2026	J Cardiothorac Surg	Journal Article	Q3_tf_target_database	Identification of lipid metabolism-related biomarkers in familial hypercholesterolemia via integrated bioinformatics and machine learning approaches.
42024736	2026	Science	Journal Article	Q3_tf_target_database	Mapping transcription factor functions in astrocytes using in vivo gain-of-function Perturb-seq.
42023726	2026	Rejuvenation Res	Journal Article	Q3_tf_target_database	Elucidating the Mechanism of Action of the Astragalus-Ginseng Herb Pair in Treating Coronary Heart Disease: A Network Pharmacology and Experimental Validation Approach.
42013304	2026	Plant Physiol	Journal Article	Q3_tf_target_database	SlMYB30 relieves high vapor pressure deficit stress by modulating salicylic acid biosynthesis and stomatal morphology in tomato.
42004485	2026	Eng Microbiol	Journal Article	Q3_tf_target_database	Actinobacteria TFDB: An integrated view of transcription factors in Actinobacteria.
42001838	2026	Phytomedicine	Journal Article	Q3_tf_target_database	Chromones from Saposhnikovia divaricata modulate m(6)A RNA methylation-mediated macrophage polarization by targeting CBLL1 to ameliorate RA.
41997046	2026	Transl Oncol	Journal Article	Q3_tf_target_database	Transcriptomic and single-cell analyses reveal the prognostic value of ETV4 and its role in shaping the immune landscape of colorectal cancer.
41995502	2026	Medicine (Baltimore)	Journal Article	Q3_tf_target_database	Exploring the mechanisms of Cangfu Daotan decoction in homotherapy for heteropathy of polycystic ovary syndrome, insulin resistance, infertility, and obesity.
41986576	2026	J Cosmet Dermatol	Journal Article	Q3_tf_target_database	Study on the Potential Molecular Mechanism of Keloid Disease Associated With Single Cell Combined Mendelian Randomization.
41981759	2026	Clin Pharmacol Ther	Journal Article	Q3_tf_target_database	Intravenous Lipopolysaccharide Challenge in Healthy Participants Reveals Pharmacodynamic Markers in Blood and Bone Marrow for Early-Phase Oncology Drug Development.
41978884	2026	PeerJ	Journal Article	Q3_tf_target_database	Functional network analysis in hepatolithiasis: identifying novel therapeutic targets through whole-exome sequencing.
41971551	2026	Front Plant Sci	Journal Article	Q3_tf_target_database	Integration of ATAC-seq and RNA-seq unveils transcription factors involved in low-nitrogen tolerance in cucumber.
41971356	2026	Stem Cells Int	Journal Article	Q3_tf_target_database	X-Box Binding Protein 1 Regulates Osteogenesis of Periodontal Ligament Cells During Aging by Modulating P53 Signaling Pathway.
41969559	2026	Transl Gastroenterol Hepatol	Journal Article	Q3_tf_target_database	Exploring the association between gut microbiota metabolites and hepatocellular carcinoma via network pharmacology.
41965876	2026	Sci Rep	Journal Article	Q3_tf_target_database	Endogenous protein tagging coupled with a CRISPR screening approach identifies UBE3C as a potential MYC oncogene regulator.
41957137	2026	Br J Cancer	Journal Article	Q3_tf_target_database	Novel transcription factor zinc finger 514 suppresses lung adenocarcinoma progression and enhances cisplatin sensitivity via transcriptional repression of COL1A1.
41956745	2026	Zhonghua Bing Li Xue Za Zhi	English Abstract;Journal Article	Q3_tf_target_database	[PTCH1 promotes epithelial mesenchymal transition and epithelial cell proliferation in the pathogenesis of chronic sinusitis with nasal polyps].
41936941	2026	Lab Invest	Journal Article	Q3_tf_target_database	ARHGEF26 Maintains SOX2 Stability by Inhibiting Ubiquitination to Enhance Glioblastoma Stemness.
41935350	2026	Curr Cancer Drug Targets	Journal Article	Q3_tf_target_database	MiR-124-3p Suppresses Glioma Cells Progression by Targeting STAT3/NAMPT and Inhibiting AKT/ERK Signaling.
41930179	2026	Oncol Res	Journal Article	Q3_tf_target_database	Multi-Scale Transcriptomic Sequencing Data Analysis Reveals LINC00467 is Associated with Malignant Progression in Breast Cancer: An In Silico and In Vitro Study.
41928356	2026	Diabetol Metab Syndr	Journal Article	Q3_tf_target_database	Identification and regulatory mechanism analysis of macrophage-related key genes in diabetic nephropathy.
41921416	2026	JHEP Rep	Journal Article	Q3_tf_target_database	Single-cell fixed RNA profiling uncovers SEMA4D and LMCD1 as therapeutic targets in a liver fibrosis model.
41910312	2026	mSystems	Journal Article	Q3_tf_target_database	SalmonAct deciphers transcription factor regulatory activity in Salmonella transcriptomics.
41898194	2026	Biomedicines	Journal Article	Q3_tf_target_database	Computational Repurposing and Experimental Validation of YBX1 Inhibitors in Hepatocellular Carcinoma.
41895412	2026	Insect Biochem Mol Biol	Journal Article	Q3_tf_target_database	Pioneer factor BmFoxA modulates temporal gene regulatory networks via promoter selectivity in Bombyx mori.
41889906	2026	bioRxiv	Journal Article;Preprint	Q3_tf_target_database	Modeling cis-regulatory variation in human brain enhancers across a large Parkinson's Disease cohort.
41888816	2026	J Orthop Surg Res	Journal Article	Q3_tf_target_database	piR-27222 alleviates dexamethasone-induced osteoporosis by inhibiting ferroptosis through modulating WWP1.
41886924	2026	Comput Biol Med	Journal Article	Q3_tf_target_database	Differential roles of SALL transcription factors in breast cancer: Potential biomarkers.
41871309	2026	Neurol Neuroimmunol Neuroinflamm	Journal Article	Q3_tf_target_database	Cytomegalovirus Drives the Development of Cytotoxic CD4(+) T Cells in Patients With Multiple Sclerosis.
41867458	2026	J Inflamm Res	Journal Article	Q3_tf_target_database	Integrated Multi-Omics Analysis Reveals IRF1-Driven Microglial PANoptosis via ZBP1 in Spinal Cord Injury.
41850602	2026	Exp Eye Res	Journal Article	Q3_tf_target_database	Nrf2 attenuates epithelial-mesenchymal transition of lens epithelial cells in fibrotic cataract via PINK1-mediated mitophagy.
41844485	2026	Plant Physiol Biochem	Journal Article	Q3_tf_target_database	StMYC1, a JA signaling transcription factor, enhances tuber yield and confers herbivore resistance in potato.
41843279	2026	J Mol Histol	Journal Article	Q3_tf_target_database	Comprehensively exploring the roles of MAGEA1 in cryptorchidism and its related transcription factor regulatory network.
41833346	2026	Zhonghua Wei Zhong Bing Ji Jiu Yi Xue	English Abstract;Journal Article	Q3_tf_target_database	[Immune infiltration and clinical characteristics analysis of coagulation-related genes in sepsis].
41829858	2026	Plants (Basel)	Journal Article	Q3_tf_target_database	Transcriptomic and Metabolomic Analyses Reveal Mechanisms of Sexual Differentiation and Dimorphism in Morus macroura.
41814772	2026	Zhongguo Zhong Yao Za Zhi	English Abstract;Journal Article	Q3_tf_target_database	[Panax notoginseng saponins mediated inhibition of human aortic valve interstitial cell calcification via SYK/NF-κB pathway].
41814408	2026	Plant Biotechnol J	Journal Article	Q3_tf_target_database	Mechanical Strength: An Unrecognised Target in the Genetic Improvement of Crops.
41809488	2026	Front Aging Neurosci	Journal Article	Q3_tf_target_database	A transcriptomic resource for glial GABA-associated ASH neuronal aging and candidate pathways.
41808828	2026	Front Immunol	Journal Article	Q3_tf_target_database	NOTCH3 attenuates cytotoxicity via RBPJ-dependent PVR upregulation to influence immunotherapy outcomes in colorectal cancer.
41799087	2026	ACS Omega	Journal Article	Q3_tf_target_database	Exploring the Molecular Mechanism of Shaoyao Gancao Decoction for Trigeminal Neuralgia Based on Network Pharmacology, Molecular Docking, and Molecular Dynamics Simulation.
41782887	2026	Front Immunol	Journal Article	Q3_tf_target_database	Potential of SP1 as a prognostic marker and therapeutic target in acute myocardial infarction: a bioinformatics, Mendelian randomization and experimental validation study.
41772960	2026	Acta Biochim Biophys Sin (Shanghai)	Journal Article	Q3_tf_target_database	Transcriptional regulation of GPSM2 by ZNF263 in colorectal cancer: implications for tumor aggressiveness.
41772602	2026	Microb Cell Fact	Journal Article	Q3_tf_target_database	Overexpression of msnA reprograms metabolism to enhance recombinant protein secretion across Aspergillus species.
41772202	2026	Sci China Life Sci	Journal Article	Q3_tf_target_database	Single-nucleus multi-omics dissection of dysregulated trophoblast development and disrupted immune microenvironment in complete hydatidiform moles.
41766139	2026	Plant Cell Environ	Journal Article	Q3_tf_target_database	A HECT-Type E3 Ubiquitin Ligase TaUPL21 Promotes Root Development in Caucasian Clover by Directly Activating Transcription of TaAGL29.
41763138	2026	Phytomedicine	Journal Article	Q3_tf_target_database	Celastrol disrupts the inflammatory feedback loop driven by Tenascin-C⁺ fibroblast subtype in psoriasis: Insights from single-cell RNA sequencing and experimental validation.
41760247	2026	Anticancer Res	Journal Article	Q3_tf_target_database	Over-expression of Paternally Expressed Gene 10 (PEG10) Is Associated With Poor Prognosis in Upper Tract Urothelial Carcinomas.
41747442	2026	Biochem Biophys Res Commun	Journal Article	Q3_tf_target_database	SDC4 is a novel target of the KLF5 transcription factor.
41736427	2026	J Tradit Chin Med	Journal Article	Q3_tf_target_database	Network pharmacological and experimental validation of the mechanism of Chaihu Guizhi Ganjiang decoction regulating T helper cell 17/regulatory T cell balance to improve autoimmune hepatitis.
41723529	2026	Breast Cancer Res	Journal Article	Q3_tf_target_database	Mechanism of IL-4 mediated RPL19 promoting malignant progression in HER2 positive breast cancer.
41714960	2026	BMC Plant Biol	Journal Article	Q3_tf_target_database	MsDREB2A modulates alfalfa growth by regulating MsCRE1 involved in cytokinin biosynthesis.
41709311	2026	J Transl Med	Journal Article	Q3_tf_target_database	Single-cell atlas of hepatic cellular plasticity and immune niche reprogramming in liver cirrhosis.
41690477	2026	Mod Pathol	Journal Article	Q3_tf_target_database	Endometrial Carcinomas With a Somatically Derived Yolk Sac Tumor Component Share Molecular Similarities to p53-abnormal Endometrial Carcinomas and Germ Cell Tumors.
41675924	2026	Biochem Biophys Rep	Journal Article	Q3_tf_target_database	Comprehensive multi-omics analysis reveals RUNX1's prognostic value, immune associations, and MUC13-Mediated mechanistic role in hepatocellular carcinoma pathogenesis.
41675006	2026	Transl Breast Cancer Res	Journal Article;Review	Q3_tf_target_database	Biomarkers of primary and secondary resistance to cyclin dependent kinases 4 and 6 inhibitors in metastatic estrogen receptor-positive/human epidermal growth factor receptor 2-negative breast cancer: a narrative review.
41673304	2026	Nat Genet	Journal Article;Research Support, N.I.H., Extramural;Research Support, Non-U.S. Gov't	Q3_tf_target_database	Pan-cancer inference and validation of hypermorphic, hypomorphic and neomorphic mutations.
41661401	2026	Discov Oncol	Journal Article	Q3_tf_target_database	Single-cell RNA sequencing unveils CCDC86-driven immune modulation and antigen-presenting cell dynamics in head and neck squamous cell carcinoma.
41653599	2026	Plant Physiol Biochem	Journal Article	Q3_tf_target_database	Integrated CUT&Tag-seq and RNA-seq analysis reveals the transcriptional regulatory network of Gshdz4 under alkaline and heavy metal stress.
41653596	2026	Plant Physiol Biochem	Journal Article	Q3_tf_target_database	In-depth analysis of potential CaAP2/ERF transcription factor related to fatty acid accumulation in Allotetraploid Coffea arabica and functional characterization of CaAP2.7 in transgenic tomato.
41632017	2026	Int J Surg	Journal Article	Q3_tf_target_database	Integrated multicenter single-cell atlas of bladder cancer reveals tumor heterogeneity associated with immunotherapy.
41630199	2026	Medicine (Baltimore)	Journal Article	Q3_tf_target_database	Multi-omics integration and machine learning unveil FOXO3/SIRT1 axis as oxidative stress biomarkers and therapeutic targets in osteoporosis.
41629965	2026	Arthritis Res Ther	Journal Article	Q3_tf_target_database	MSMP promotes an aberrant phenotype of fibroblast-like synoviocytes in rheumatoid arthritis by blocking autophagy via the RUNX1/GPR137B axis.
41621689	2026	Immunol Lett	Journal Article	Q3_tf_target_database	Efferocytosis-linked genetic signature predicts rheumatoid arthritis risk and highlights CD300A as a novel target.
41617683	2026	Cell Death Dis	Journal Article	Q3_tf_target_database	Cancer-associated fibroblasts (CAFs) derived from MFAP2 promote CRC proliferation and metastasis while suppressing CD8(+) T cell-mediated antitumor immunity.
41616025	2026	PLoS Pathog	Journal Article	Q3_tf_target_database	YAP Inhibits HIV-1 transcription and promotes HIV-1 latency by regulating E3 ubiquitin ligase UHRF1 mediated tat degradation.
41611587	2026	Clin Breast Cancer	Journal Article	Q3_tf_target_database	LINC00511 Promotes Breast Cancer Cell Proliferation and Invasion by Mediating MYC-Mediated Regulation of VASP.
41593799	2026	Eur J Med Res	Journal Article	Q3_tf_target_database	Deciphering stromal cell interactions in osteosarcoma highlights CDKN2A and MMP14 as novel diagnostic and therapeutic biomarkers.
41579174	2026	Naunyn Schmiedebergs Arch Pharmacol	Journal Article	Q3_tf_target_database	Sex-dependent transcriptional responses and druggable targets in gentamicin-induced nephrotoxicity.
41574526	2026	Curr Pharm Des	Journal Article	Q3_tf_target_database	Single-Cell Regulatory Network Analysis Identifies Adjunctive Drug Candidates in Early Risankizumab-Treated Psoriasis.
41569991	2026	PLoS One	Journal Article	Q3_tf_target_database	Integrative genomic analysis reveals DHX58 as a key player in gastric cancer.
41565468	2026	Genome Res	Journal Article	Q3_tf_target_database	Cell type-specific gene regulatory atlas prioritizes drug targets and repurposable medicines in Alzheimer's disease.
41553436	2026	Mol Cell Biochem	Journal Article	Q3_tf_target_database	ZNF384-regulated SLC31A1 expression promotes tumor proliferation and invasion in breast cancer.
41551919	2026	Research (Wash D C)	Journal Article	Q3_tf_target_database	ZFP36 Protects against Abdominal Aortic Aneurysm Formation by Regulating Vascular Smooth Muscle Phenotypic Switch.
41550491	2026	Biochem Biophys Rep	Journal Article	Q3_tf_target_database	Molecular crosstalk between AHR, CYP1B1, and ITGAM in diabetic nephropathy: Integrated insights from bioinformatics and experimental validation.
41548341	2026	Plant Physiol Biochem	Journal Article	Q3_tf_target_database	The transcription factor GsWRKY23 gene from wild soybean confers enhanced salt tolerance by regulating GsPER3 expression via ROS homeostasis.
41540191	2026	Br J Cancer	Journal Article	Q3_tf_target_database	INHBA, regulated by C/EBPβ, induces M2 macrophage polarization to promote tumor metastasis and growth via activating the PI3K/AKT pathway in gastric cancer.
41532572	2026	J Mol Endocrinol	Journal Article;Research Support, Non-U.S. Gov't	Q3_tf_target_database	Linoleic acid reduces sodium-iodide symporter by inhibiting endoplasmic reticulum stress in papillary thyroid carcinoma.
41520090	2026	Stress Biol	Journal Article	Q3_tf_target_database	Integrative epigenomic and transcriptomic profiling reveals organ-specific and coordinated cold stress responses in the brain and gill of Nile tilapia.
41514467	2026	J Anim Sci Biotechnol	Journal Article	Q3_tf_target_database	Multi-omics profiling of chromatin accessibility and H3K27ac reveals super-enhancer-mediated regulatory networks governing endometrial receptivity in goats.
41513764	2026	Sci Rep	Journal Article	Q3_tf_target_database	Engrailed 1 promotes immune evasion and chemoresistance in glioma through single cell and CeRNA network analyses.
41511918	2026	PLoS One	Journal Article	Q3_tf_target_database	Mechanisms of cellular senescence combined with molecular docking strategies: A biomarker study of potential therapeutic targets for allergic rhinitis.
41511816	2026	Brief Funct Genomics	Journal Article	Q3_tf_target_database	Effect of EGR1/LIPT1 regulatory axis on cuproptosis in chromophobe renal cell carcinoma.
41510758	2026	FASEB J	Journal Article;Research Support, N.I.H., Extramural	Q3_tf_target_database	Integrated Interactome and Phosphoproteome Analysis Reveals Novel MAP4K3-Regulated Pathways and Unexpected Cellular Roles for MAP4K3.
41500515	2026	Am J Physiol Renal Physiol	Journal Article;Research Support, N.I.H., Extramural;Research Support, Non-U.S. Gov't	Q3_tf_target_database	The response to kidney injury is epigenetically regulated through the activation of bivalent genes.
41499168	2026	Eur Thyroid J	Journal Article	Q3_tf_target_database	Network toxicology and Mendelian randomization reveal pathogenic factors of monoethyl phthalate-induced thyroid cancer.
41493217	2026	Plant Physiol	Journal Article	Q3_tf_target_database	BnaMYB52 negatively regulates drought resistance by controlling stomatal and non-stomatal water loss in Brassica napus.
41487007	2026	Endocr Metab Immune Disord Drug Targets	Journal Article	Q3_tf_target_database	Identification of Senescence- and Inflammation-Related Genes and Immune Microenvironment Characterization in Intracranial Aneurysms.
42576310	2026	Am J Respir Cell Mol Biol	Journal Article	Q4_lung_atlas	Targeting the S100A2-RAGE Pathway Restores AT2 Cell Identity and Mitigates Lung Fibrosis.
42418737	2026	J Clin Oncol	Journal Article;Published Erratum	Q4_lung_atlas	Erratum: Resistance to Immune Checkpoint Inhibitor Treatment in Non-Small Cell Lung Cancer Clinical Trials: A Perspective From Lung-MAP Investigators.
42361041	2026	Proc Natl Acad Sci U S A	Journal Article	Q4_lung_atlas	Collagen-producing eye cell atlas reveals distinct fibroblast fates in early injury vs. fibrotic subretinal disease.
42234933	2026	J Clin Oncol	Journal Article	Q4_lung_atlas	Resistance to Immune Checkpoint Inhibitor Treatment in Non-Small Cell Lung Cancer Clinical Trials: A Perspective From Lung-MAP Investigators.
42010571	2026	Respir Res	Journal Article	Q4_lung_atlas	PCSK6 and clinical outcomes in the Pulmonary Fibrosis Foundation Patient Registry.
41963555	2026	EMBO J	Journal Article	Q4_lung_atlas	SenSet defines cell-type specific senescence signatures in the aged human lung.
41617498	2026	J Med Genet	Journal Article	Q4_lung_atlas	Expanding the phenotypic spectrum of MECOM-associated syndrome: rare variants are associated with syndromic pulmonary arterial hypertension.
42555234	2026	Mol Cancer Res	Journal Article	Q5_lung_chipseq_tf	Integrative Transcriptional and Chromatin Analyses Reveal Enhancer-Mediated Regulatory Programs Driving Breast Cancer Metastasis.
42549055	2026	MedComm (2020)	Journal Article	Q5_lung_chipseq_tf	Vaccination Drives Alveolar Macrophages Pool Remodeling via Training Resident Cells and Recruiting Monocyte-Derived Cells to Defend Against Multidrug-Resistant Acinetobacter baumannii.
42493808	2026	Vet Res	Journal Article	Q5_lung_chipseq_tf	Integration of ATAC-seq and RNA-seq analysis identifies host genes related with PRRSV infection.
42479119	2026	Cancer Sci	Journal Article	Q5_lung_chipseq_tf	MEN1 Deficiency Drives Lung Cancer Progression via Activation of MMP10-Mediated Angiogenesis.
42409265	2026	J Biol Chem	Journal Article	Q5_lung_chipseq_tf	Macrophage-specific targeting of histone demethylases with small-molecule inhibitors suppresses inflammatory response in vivo.
42230547	2026	Cell Death Discov	Journal Article	Q5_lung_chipseq_tf	MYBL2 impedes cisplatin sensitivity through suppressing GSDME-mediated pyroptosis in lung adenocarcinoma.
42088432	2026	Int J Biol Sci	Journal Article	Q5_lung_chipseq_tf	SLC4A7 Drives NSCLC Progression and Immune Evasion via pH Dysregulation: Its Targeting Synergizes with Anti-PD-1/L1 Therapy.
42008506	2026	J Vis Exp	Journal Article;Video-Audio Media;Research Support, Non-U.S. Gov't	Q5_lung_chipseq_tf	Genome-wide Mapping of Histone Modifications and Transcription Factor Binding Sites in Neuroendocrine Small Cell Lung Cancer Cell Lines Using CUT&RUN.
41912135	2026	Cancer Lett	Journal Article;Review	Q5_lung_chipseq_tf	HOX code-based stratification reveals RUNX1T1-HDAC reprogramming as a targetable driver of lineage plasticity across cancers.
41757068	2026	bioRxiv	Journal Article;Preprint	Q5_lung_chipseq_tf	Regulatory network architecture constrains inflammatory responses in tissue-resident alveolar macrophages.
41685901	2026	mBio	Journal Article;Research Support, N.I.H., Extramural	Q5_lung_chipseq_tf	The accessibility of the HSV genome during productive infection can vary in different cell types and affect the outcome of infection.
41629716	2026	Methods Mol Biol	Journal Article	Q5_lung_chipseq_tf	Chromatin Immunoprecipitation Sequencing and RNA Sequencing from Laser-Microdissected Human Lung Cancer Cells.
41339492	2026	Cancer Gene Ther	Journal Article	Q5_lung_chipseq_tf	AP-1 promotes oncogenic transcription in lung cancer cells by bridging promoter-enhancer interactions.
42580338	2026	Cell	Journal Article	Q6_gwas_lung_regulatory	Trans-regulatory gene mapping prioritizes disease drivers in asthma.
42547572	2026	Nat Immunol	Journal Article	Q6_gwas_lung_regulatory	Tissue-resident immune cells drive genetic risk in autoimmune and lung diseases.
42523538	2026	medRxiv	Journal Article;Preprint	Q6_gwas_lung_regulatory	Multimodal gene prioritization reveals nonlinear regulatory architecture in childhood-onset asthma.
42516377	2026	Front Immunol	Journal Article	Q6_gwas_lung_regulatory	Genetic and cross-species single-cell analyses prioritize CD83 in antigen-presenting cells as a candidate therapeutic target in asthma.
42481400	2026	Thorax	Journal Article	Q6_gwas_lung_regulatory	Identification of distinct gene and miRNA expression profiles in severe early-onset COPD providing novel insights in disease pathogenesis.
42467704	2026	PLoS Genet	Journal Article	Q6_gwas_lung_regulatory	Identifying severe COVID-19 risk variants modulating enhancer reporter activity in lung cells.
42443585	2026	NPJ Precis Oncol	Journal Article	Q6_gwas_lung_regulatory	Genetic architecture of lung cancer revealed by common and rare variant analyses across population-scale biobanks.
42428084	2026	medRxiv	Journal Article;Preprint	Q6_gwas_lung_regulatory	Genetic Determinants of Pulmonary Artery Size in over 50,000 Subjects with and without COPD.
42393744	2026	Genome Med	Journal Article	Q6_gwas_lung_regulatory	Identification and functional characterization of regulatory variants in DPP9 associated with COVID-19 severity.
42389241	2026	ArXiv	Journal Article;Preprint	Q6_gwas_lung_regulatory	Using Importance Sampling to Estimate p-values in All-Subset Meta-Analysis, with Applications to Single-Cell eQTL Mapping.
42378266	2026	J Clin Invest	Journal Article	Q6_gwas_lung_regulatory	Rheumatoid factor production is genetically and molecularly distinct from rheumatoid arthritis.
42343471	2026	Clin Epigenetics	Journal Article	Q6_gwas_lung_regulatory	Genetic and epigenetic underpinnings of biological aging: a multi-omics study integrating Mendelian randomization, spatial transcriptomics, and drug target discovery.
42274313	2026	Diabetes	Journal Article	Q6_gwas_lung_regulatory	Colocalization of eQTLs With Type 2 Diabetes and Glycemic Traits Using Whole-Genome Sequences in Diverse Populations From the NHLBI Trans-Omics in Precision Medicine (TOPMed) Program.
42265473	2026	Discov Oncol	Journal Article	Q6_gwas_lung_regulatory	Multiomics integration prioritizes potential drug targets for lung cancer.
42257261	2026	Endocr Metab Immune Disord Drug Targets	Journal Article	Q6_gwas_lung_regulatory	Immune-Mediated Gut-Lung Axis in IPF: Bidirectional Mendelian Randomization and Mediation Analysis of Microbiota, Inflammatory Proteins, and Metabolites.
42230797	2026	Oncogene	Journal Article	Q6_gwas_lung_regulatory	Noncoding SNP rs17728461 modulates lung cancer progression via interchromosomal regulation of RAB27A expression.
42192477	2026	Genome Med	Journal Article;Meta-Analysis;Research Support, N.I.H., Extramural;Research Support, Non-U.S. Gov't	Q6_gwas_lung_regulatory	Genome-wide association study reveals a novel tuberculosis susceptibility locus in multiple East Asian and European populations.
42182299	2026	bioRxiv	Journal Article;Preprint	Q6_gwas_lung_regulatory	Impaired SOX17 Expression Causes Endothelial Dysfunction and Pulmonary Arterial Hypertension by Insufficient Suppression of RUNX1.
42163891	2026	Am J Cancer Res	Journal Article	Q6_gwas_lung_regulatory	From locus to gene: causal inference and experimental validation prioritize PSMA4 as a candidate target in lung adenocarcinoma.
42152146	2026	Genome Med	Journal Article;Meta-Analysis;Research Support, Non-U.S. Gov't	Q6_gwas_lung_regulatory	Genome-wide meta-analysis across East Asian and European populations provides insights into the molecular basis of lung cancer.
42135411	2026	NPJ Precis Oncol	Journal Article	Q6_gwas_lung_regulatory	SPOCK1 acts as a negative regulator of ferroptosis in non-small cell lung cancer.
42097097	2026	Transl Oncol	Journal Article	Q6_gwas_lung_regulatory	Single-cell and spatial transcriptomic profiling of POU5F1 in Lung Adenocarcinoma: Dynamics, spatial niche, and prognosis via multi-algorithm ML.
42096094	2026	Inflamm Res	Journal Article	Q6_gwas_lung_regulatory	Multivariable genome-wide analysis elucidates the shared genetic architecture, immunosenescence features, and gut-origin therapeutic targets of ulcerative colitis-associated multisystem inflammation.
42070147	2026	Virulence	Journal Article	Q6_gwas_lung_regulatory	Epigenetic analysis of sheep mycoplasma pneumonia and the effect of FOXF1 on Mycoplasma ovipneumoniae infection.
42001218	2026	J Natl Cancer Inst	Journal Article	Q6_gwas_lung_regulatory	Prioritizing context-specific genetic risk mechanisms in 11 solid cancers.
41999581	2026	J Infect Dis	Journal Article	Q6_gwas_lung_regulatory	Human genetic variation associates with infection by derived Ugandan M. tuberculosis lineage.
41978582	2026	Int J Chron Obstruct Pulmon Dis	Journal Article	Q6_gwas_lung_regulatory	Pulmonary-Intestinal Axis: Shared Genetic Basis and Mediating Factors Identified Through Multi-Omics Analysis.
41964836	2026	Geroscience	Journal Article	Q6_gwas_lung_regulatory	Genome-wide association study and pathway analysis of healthy aging in Super Seniors.
41929079	2026	bioRxiv	Journal Article;Preprint	Q6_gwas_lung_regulatory	Single-cell lung eQTL dataset of Asian never-smokers highlights the roles of alveolar cells in lung cancer etiology.
41898785	2026	Genes (Basel)	Journal Article;Twin Study	Q6_gwas_lung_regulatory	Exploratory Bivariate Genome-Wide Analysis in Northern Chinese Twins Suggests Potential Loci at 2q33.1 Harboring SPATS2L for Lung Function and Fasting Plasma Glucose.
41898760	2026	Int J Mol Sci	Journal Article	Q6_gwas_lung_regulatory	Locus- and Gene-Level Insights into the Inverse Association Between Alzheimer's Disease and Cancer.
41896191	2026	J Cell Mol Med	Journal Article	Q6_gwas_lung_regulatory	Mitochondria-Related Pathogenic Genes in Paediatric Asthma: A Multi-Omics Mendelian Randomization Study.
41867231	2026	medRxiv	Journal Article;Preprint	Q6_gwas_lung_regulatory	Integrative screening identifies functional variants and VNTRs underlying GWAS signals at the 5p15.33 multi-cancer susceptibility locus.
41864285	2026	J Heart Lung Transplant	Journal Article	Q6_gwas_lung_regulatory	Genome-wide association study reveals two novel genetic loci associated with chronic lung allograft dysfunction.
41861166	2026	Medicine (Baltimore)	Journal Article	Q6_gwas_lung_regulatory	Circulating cytokines mediate the risk of COPD: A mediation analysis based on 473 gut microbiota and 91 circulating cytokines.
41824853	2026	Medicine (Baltimore)	Journal Article	Q6_gwas_lung_regulatory	Genetic association and potential mediators between metabolic syndrome and chronic obstructive pulmonary disease: A Mendelian randomization study.
41822323	2026	World J Oncol	Journal Article	Q6_gwas_lung_regulatory	Multi-Omics and Single-Cell Mendelian Randomization Reveal a Potential Role of VNN2 in Lung Adenocarcinoma in Resting Natural Killer Cells.
41815121	2026	Transl Cancer Res	Journal Article	Q6_gwas_lung_regulatory	Greater susceptibility of patients with idiopathic pulmonary fibrosis to basal cell carcinoma: a combined genomics and Mendelian randomization analysis.
41788971	2026	Int J Chron Obstruct Pulmon Dis	Journal Article	Q6_gwas_lung_regulatory	The Role of Programmed Cell Death-Related Genes in Asthma, Chronic Obstructive Pulmonary Disease, and Lung Function: A Multi-Omics Mendelian Randomization Study.
41764487	2026	Respir Res	Journal Article;Meta-Analysis	Q6_gwas_lung_regulatory	Multi-ancestry genome-wide association study and meta-analysis of lung function decline.
41747595	2026	Int Immunopharmacol	Journal Article	Q6_gwas_lung_regulatory	Single-cell transcriptomic mendelian randomization and co-localization reveal immune-mediated regulatory mechanisms and drug targets in atopic dermatitis.
41719301	2026	PLoS One	Journal Article	Q6_gwas_lung_regulatory	RWDisEnh+: Enhancing disease-enhancer association prediction through multiplex-heterogeneous networks.
41700713	2026	Technol Health Care	Journal Article	Q6_gwas_lung_regulatory	Peak expiratory flow causally affects brain neuronal activity: A Mendelian randomization study.
41649282	2026	FASEB J	Published Erratum	Q6_gwas_lung_regulatory	Correction to "Genomic Locus Tagged by Lung Function GWAS SNV rs12477314 (2q37.3) Acts as a Regulatory Region for a Systemic Inflammatory Phenotype".
41593677	2026	Orphanet J Rare Dis	Journal Article	Q6_gwas_lung_regulatory	Human blood cell traits and sporadic lymphangioleiomyomatosis: results from mediation joint multi-omics and eQTL Mendelian randomization analysis.
41580582	2026	Discov Oncol	Journal Article	Q6_gwas_lung_regulatory	CD300C reduces lung adenocarcinoma susceptibility through regulation of CD62L⁻ monocytes: a Mendelian randomization study.
41573111	2026	Health Sci Rep	Journal Article	Q6_gwas_lung_regulatory	Identifying Therapeutic Targets for Bronchial Asthma: Systematic Druggable Genome-Wide Mendelian Randomization.
41570039	2026	PLoS One	Journal Article	Q6_gwas_lung_regulatory	Integrative multi-omics analyses identify key genes and elucidate bidirectional regulatory mechanisms in thyroid dysfunction.
41559166	2026	Sci Rep	Journal Article	Q6_gwas_lung_regulatory	Host m(6)A modifications shape microbiota that drives cell specific ferroptosis as a causal pathway to chronic respiratory diseases.
41547836	2026	Eur J Med Res	Journal Article	Q6_gwas_lung_regulatory	The molecular key in exercise-induced lung cancer prevention: insights from Mendelian randomization and SULT1A1-mediated mechanisms.
41535900	2026	Genome Biol	Journal Article	Q6_gwas_lung_regulatory	Whole genome sequence analysis of pulmonary function and COPD in 44,287 multi-ancestry participants.
41526633	2026	Sci Rep	Journal Article	Q6_gwas_lung_regulatory	Uncovering pleiotropic loci linking keratoconus and allergic diseases through integrative genomic analyses.
41508967	2026	Curr Med Chem	Journal Article	Q6_gwas_lung_regulatory	FKBP5 is a Biomarker for Idiopathic Pulmonary Fibrosis based on a Multi-omic Study Integrating xQTLs.
41386230	2026	Cell Genom	Journal Article	Q6_gwas_lung_regulatory	Single-cell eQTL mapping reveals cell-type-specific genetic regulation in lung cancer.
41314048	2026	Int Immunopharmacol	Journal Article	Q6_gwas_lung_regulatory	iNKT cells exacerbate Sepsis-associated acute lung injury through IFN-γ-mediated promotion of macrophage apoptosis.
41285356	2026	Cancer Lett	Journal Article	Q6_gwas_lung_regulatory	A two-stage genome-wide association study to identify novel genetic loci associated with irAEs in lung cancer patients receiving PD-1/PD-L1 inhibitors.
41185497	2026	Endocr Metab Immune Disord Drug Targets	Journal Article	Q6_gwas_lung_regulatory	Genetic Causal Association between Treg Subtypes and Acute Respiratory Distress Syndrome: A Mendelian Randomization Study.
41065575	2026	Int J Surg	Journal Article	Q6_gwas_lung_regulatory	Multi-omics dissection of high TWAS-active endothelial pathogenesis in pulmonary arterial hypertension: bridging single-cell heterogeneity, machine learning-driven biomarkers, and developmental reprogramming.
40755048	2026	Am J Addict	Journal Article	Q6_gwas_lung_regulatory	Identification of rs2036527 as a cis-regulatory variant for CHRNA3 and CHRNA5 by allele-specific expression and implications for nicotine dependence and lung cancer.
40464184	2026	Curr Cancer Drug Targets	Journal Article	Q6_gwas_lung_regulatory	Comprehensive Pan-cancer Analysis and Experimental Verification of EGLN Family: Potential Biomarkers in Cervical Cancer.
42582382	2026	Front Mol Neurosci	Journal Article	Q7_disease_gene_resource	Bisphenol A induces ototoxic injury by ferroptosis pathway: integrated analysis of network toxicology, RNA-sequencing and experimental validation.
42579379	2026	J Chem Theory Comput	Journal Article	Q7_disease_gene_resource	Improving Binding Free Energy Predictions with Swap Monte Carlo for Water Sampling.
42578710	2026	Educ Prim Care	Journal Article	Q7_disease_gene_resource	Reimagining grand rounds for general practice: developing and delivering a student-co-produced primary care seminar series.
42578493	2026	Langmuir	Journal Article	Q7_disease_gene_resource	Molecular Anisotropy and Angular Redistribution in Layering Adsorption of Nitrogen in Model Carbon Slit Pores.
42574725	2026	Ann Intern Med	Journal Article	Q7_disease_gene_resource	How Would You Manage Perioperative Cardiovascular Risk for Noncardiac Surgery in This Patient With Complex Comorbidity? Grand Rounds Discussion From Beth Israel Deaconess Medical Center.
42574278	2026	Brief Bioinform	Journal Article	Q7_disease_gene_resource	G2DR: a genotype-first framework for genetics-informed target prioritization and drug repurposing.
42571066	2026	Eur Phys J C Part Fields	Journal Article	Q7_disease_gene_resource	Planck-scale effects on nucleon decay in minimal supersymmetric SU(5).
42551569	2026	Gastroenterology	Journal Article	Q7_disease_gene_resource	Gastro Grand Rounds:Managing Complex IBS: A Multidisciplinary, Mechanism-Based Approach.
42570005	2026	Neuromodulation	Letter	Q7_disease_gene_resource	Connecting the Dots in Neuromodulation: Introducing the European International Neuromodulation Society 2027 Brussels Grand Challenges.
42568940	2026	Trauma Surg Acute Care Open	Editorial	Q7_disease_gene_resource	One voice at the bedside: aligning goals of care and prognostic communication in trauma and acute care surgery.
42568832	2026	EClinicalMedicine	Journal Article;Review	Q7_disease_gene_resource	Early-onset cancer in Latin America: incidence trends, evidence gaps and clinical implications.
42566173	2026	J Racial Ethn Health Disparities	Journal Article	Q7_disease_gene_resource	Re-Envisioning Various Forms of Racialized Stress as a Social Determinant of Black Maternal Health.
42565813	2026	J Chem Phys	Journal Article	Q7_disease_gene_resource	An exact approach for describing adsorption and catalysis of interacting species in lattice models.
42564576	2026	J Clin Transl Sci	Journal Article	Q7_disease_gene_resource	An innovative and comprehensive approach to community health and research engagement using the Social Ecological Model.
42564442	2026	Womens Health Rep (New Rochelle)	Journal Article	Q7_disease_gene_resource	Advancing Medical Education in Sex- and Gender-Based Mechanisms of Disease: Current Educator Knowledge and Future Directions.
42559948	2026	Elife	Journal Article	Q7_disease_gene_resource	The cistrome response to hypoxia in human umbilical vein endothelial cells.
42556442	2026	Photodiagnosis Photodyn Ther	Journal Article	Q7_disease_gene_resource	Differential Accommodative Responses to Autostereoscopic 3D Visual Training in Patients Following SMILE versus ICL Surgery.
42555484	2026	Front Pharmacol	Journal Article	Q7_disease_gene_resource	Integrative bioinformatics analysis identifies APOE as a candidate link between lipid dysregulation and macrophage activation in inborn errors of metabolism.
42555206	2026	Adv Sci (Weinh)	Journal Article	Q7_disease_gene_resource	Two-Dimensional Conjugated Metal Organic Frameworks with Dual Metal Catalytic Active Sites Enhance POD Activity for Antibacterial Treatment.
42549199	2026	Sultan Qaboos Univ Med J	Journal Article	Q7_disease_gene_resource	Grand Millennium Muscat, Muscat, Oman, 5-6 February 2026.
42542852	2026	J Clin Exp Dent	Journal Article;Review	Q7_disease_gene_resource	In vitro evaluation of the microhardness of conventional and bulk-fill resins based on the depth of light-curing and the curing unit.
42542320	2026	Eur J Sport Sci	Published Erratum	Q7_disease_gene_resource	Correction to "Role-Specific Performance Profiles of Professional Cyclists in a Grand Tour".
42541581	2026	J Mol Model	Journal Article	Q7_disease_gene_resource	DFT-guided Lennard-Jones parametrization for accurate CO2 , N2 , and CH4 adsorption in MoOFOUR-1-Ni.
42541080	2026	Cureus	Case Reports;Journal Article	Q7_disease_gene_resource	Donanemab Infusion and Recurrent Seizures in a Patient With Alzheimer's Disease and Epilepsy in the Absence of Amyloid-Related Imaging Abnormalities (ARIA).
42540310	2026	Cureus	Journal Article	Q7_disease_gene_resource	Neurology Trainees' Perceptions of the Educational Value of the Grand Round: A Qualitative Focus Group Study.
42539175	2026	bioRxiv	Journal Article;Preprint	Q7_disease_gene_resource	Integrating single-cell and bulk transcriptomic perturbation resources reveals complementary therapeutic spaces for drug repurposing.
42537329	2026	Int J Obstet Anesth	Journal Article	Q7_disease_gene_resource	A multi-station game-based obstetric anesthesia workshop during anesthesiology grand rounds: a pilot implementation study.
42532493	2026	Chemphyschem	Journal Article	Q7_disease_gene_resource	Transformation Journey of Zr-Based Metal-Organic Frameworks: Study on Mechanics and Hydrogen Storage Under Doping Regulation.
42530450	2026	Biomed Chromatogr	Journal Article	Q7_disease_gene_resource	Exploring GC-MS-Based Phytochemistry and Network Pharmacology to Elucidate the Multi-Target Therapeutic Potential of Betel Leaf Oil as an Analgesic and Anti-Inflammatory Agent.
42529309	2026	JACS Au	Journal Article;Review	Q7_disease_gene_resource	From Blueprint to Breakthrough: How Far Can We Fold DNA Origami for Nano-Enabled Technologies?
42526077	2026	Med Image Anal	Journal Article	Q7_disease_gene_resource	KongNet: A multi-headed deep learning model for detection and classification of nuclei in histopathology images.
42525766	2026	Sci Adv	Journal Article	Q7_disease_gene_resource	Ion-electron coupling-enabled mechanical ion transistor with ultralow subthreshold swing.
42525647	2026	PLoS One	Journal Article	Q7_disease_gene_resource	From productive landscape to cultural space: The heterogeneous coupling of heritage value perception and tourist experience demand in the Grand Canal Cultural Route.
42517456	2026	Autism	Journal Article	Q7_disease_gene_resource	Exploring the Experiences of First Nations Caregivers of Autistic Children in Canada: A Qualitative Community-Based Participatory Research Study.
42517360	2026	J Dance Med Sci	Journal Article	Q7_disease_gene_resource	Movement Patterns During Ballet-Specific Tasks Predict Pain Severity in Pediatric Ballet Dancers Training En Pointe.
42516786	2026	Patient Prefer Adherence	Journal Article	Q7_disease_gene_resource	Beyond Medication: A Cross-Sectional Study of How Sex Influences Overall Chronic Disease Adherence Behaviour Using the French Generic Adherence for Chronic Diseases Profile (GACID-P).
42515787	2026	Pharmaceuticals (Basel)	Journal Article	Q7_disease_gene_resource	Material Basis and Mechanisms of Action of PuRenDan in the Treatment of Type 2 Diabetes Mellitus: An Integrated Network Pharmacology and Molecular Simulation Study.
42512787	2026	Medicina (Kaunas)	Journal Article	Q7_disease_gene_resource	Integrated Bioinformatics and Multi-Omics Analysis of ZBTB40 Expression, Prognostic Relevance, and Regulatory Networks in Hepatocellular Carcinoma.
42511873	2026	Int J Mol Sci	Journal Article	Q7_disease_gene_resource	Integrated Network Pharmacology and Molecular Dynamics Reveal Luteolin from Persea americana as a Multi-Cancer SRC/GSK3β Inhibitor.
42511399	2026	Entropy (Basel)	Journal Article	Q7_disease_gene_resource	An Endogenous Quantum-Classical Crossover Temperature in the van der Waals Fluid: Quantumness as an Emergent Behavior.
42510819	2026	Genes (Basel)	Journal Article	Q7_disease_gene_resource	Inflammatory and Structural Endotypes of Human Atherosclerotic Plaque Revealed by Integrated Transcriptomic Analysis.
42510788	2026	Genes (Basel)	Journal Article	Q7_disease_gene_resource	Dysregulation of lncRNA MEG3/miR-21-5p Axis Impairs SOX5 Expression in Osteoarthritis.
42509270	2026	Sci Rep	Editorial	Q7_disease_gene_resource	Biodiversity and natural capital in ecologically sensitive regions.
42503704	2026	J Chem Theory Comput	Journal Article	Q7_disease_gene_resource	Differentiable Grand-Canonical Monte Carlo with Importance-Sampled Insertions for Gas Adsorption in Porous Materials.
42501657	2026	J Gastrointest Surg	Journal Article	Q7_disease_gene_resource	Superior mesenteric artery syndrome: a contemporary review of diagnosis and surgical management.
42500266	2026	Pediatr Discov	Journal Article	Q7_disease_gene_resource	Exploring the Reproductive Toxicity of Bisphenol S Through a Network Toxicology and Molecular Docking Analysis.
42499841	2026	Plant Environ Interact	Journal Article	Q7_disease_gene_resource	Genotype by Environment Interaction for Agro-Morphological Traits and Grain Yield Stability in Barley (Hordeum vulgare L.) Genotypes Using AMMI Analysis Under Acidic Soil Conditions in Ethiopia.
42499681	2026	Acta Naturae	Journal Article	Q7_disease_gene_resource	Reconstruction and Paleogenetic Characterization of the Genome of Princess Maria Vsevolozha, Wife of Grand Prince Vsevolod the Big Nest.
42495275	2026	ACS Omega	Journal Article	Q7_disease_gene_resource	Multicomponent Competitive Adsorption of CH(4) with Injected Superheated CO(2), N(2), and H(2)O in Lignite.
42493974	2026	Phys Rev E	Journal Article	Q7_disease_gene_resource	Statistical mechanics for organic mixed conductors: Phase transitions in a lattice gas.
42493801	2026	Microbiome	Journal Article	Q7_disease_gene_resource	The Metaproteomics Initiative: five years of community-driven progress.
42493068	2026	Carbohydr Polym	Journal Article	Q7_disease_gene_resource	An AI-informed framework for flavor design: How κ-carrageenan sculpts low-sodium myofibrillar protein architecture for aldehyde capture and bitterness masking.
42490130	2026	J Am Chem Soc	Journal Article	Q7_disease_gene_resource	Potential-Gated Transient Zn Single Adatoms on the Inverse Zn1Ox/Cu Catalyst Steer Efficient Electroreduction of CO2.
42489682	2026	Mater Horiz	Journal Article;Review	Q7_disease_gene_resource	Biodegradable and bioresorbable rechargeable batteries: chemistries, AI-driven material discovery, and emerging applications.
42489137	2026	Am J Hum Biol	Journal Article	Q7_disease_gene_resource	Birth Weight in the Daasanach Community of Northern Kenya and the Effect of Multiparity.
42489048	2026	J Am Chem Soc	Journal Article	Q7_disease_gene_resource	Enzyme-Inspired Design of Well-Defined Dual-Metal-Site Pairs Confined within Metal-Organic Frameworks for Tailoring Photocatalytic Microenvironments.
42487766	2026	Front Psychiatry	Journal Article	Q7_disease_gene_resource	Amplified psychological reactions to war predict increased sleep problems among holocaust descendants.
42483159	2026	Chem Sci	Journal Article	Q7_disease_gene_resource	Vapor-induced miscibility switching and optical response in a functional molecular liquid-pillar[5]arene system.
42482617	2026	Langmuir	Journal Article	Q7_disease_gene_resource	Coal Rank-Driven Macromolecular Reconstruction Regulating Nanopore Topology and CO2 Transport.
42482539	2026	J Phys Chem Lett	Journal Article	Q7_disease_gene_resource	Surface Hydrophilicity Governs the Potential of Zero Charge and Capacitive Performance of MXenes.
42482180	2026	BMC Genomics	Journal Article	Q7_disease_gene_resource	Systematic evaluation of single-cell foundation model interpretability: attention-derived edge scores add no incremental value over gene-level features for perturbation-target prediction.
42481896	2026	Reprod Sci	Journal Article	Q7_disease_gene_resource	The KAT5-TSP-1 Axis Maintains Ovarian Redox Homeostasis and Is Impaired in Polycystic Ovary Syndrome.
42480981	2026	IET Syst Biol	Journal Article	Q7_disease_gene_resource	A Potential miR-1246-5p-H3K27ac-NOL12 Regulatory Axis and Its Putative Tumour-Promoting Function in Hepatocellular Carcinoma.
42480260	2026	J Chromatogr A	Journal Article	Q7_disease_gene_resource	Efficient dual-mode liquid chromatography-tandem mass spectrometry methods for quantifying major cyanotoxins in natural water.
42477568	2026	BMC Pregnancy Childbirth	Journal Article	Q7_disease_gene_resource	Pregnant women's perceived unhappiness with current pregnancy: an analysis of prevalence, reasons, and associated factors in Quelimane district, Mozambique.
42474879	2026	Biol Trace Elem Res	Journal Article	Q7_disease_gene_resource	Cadmium Exposure and Osteoporosis: A Spatially Contextualized Adverse Outcome Pathway Integrating Epidemiology, Toxicogenomics and Transcriptomics.
42473592	2026	Iran J Biotechnol	Journal Article	Q7_disease_gene_resource	Analysis of Gut Microbiota Metabolites in Chronic Kidney Disease-Associated Pruritus Using Network Pharmacology and Molecular Docking.
42473438	2026	Ophthalmol Sci	Journal Article	Q7_disease_gene_resource	Integrative Network Pharmacology Analysis of Gut Microbial Metabolite-Mediated Gut-Eye Axis Regulation in Major Blinding Retinal Diseases.
42473327	2026	New Phytol	Journal Article	Q7_disease_gene_resource	The 'Hughes constant' revisited: the unity and diversity in leaf area : fresh mass ratios within and across woody species.
42473214	2026	Curr Drug Targets	Journal Article	Q7_disease_gene_resource	Exploring the Bioactive Components and Therapeutic Targets of Sanzi Decoction in Antihypertensive Treatment.
42471917	2026	Cureus	Journal Article;Review	Q7_disease_gene_resource	Two Routes to the Same Equation: Kinetic and Statistical-Thermodynamic Derivations of the Classical Drug-Receptor Occupancy Relationship.
42471526	2026	Discov Oncol	Journal Article	Q7_disease_gene_resource	Integration of network toxicology, machine learning and single-cell sequencing identifies candidate molecular links between air pollutants and hepatocellular carcinoma.
42470472	2026	J Mol Model	Journal Article	Q7_disease_gene_resource	Network toxicology-driven repurposing of metformin for hepatocellular carcinoma: insights from molecular docking and dynamics simulations.
42470003	2026	Medicine (Baltimore)	Journal Article	Q7_disease_gene_resource	Elucidating the mechanism of Buyang Huanwu Decoction in the treatment of ischemic stroke: A network pharmacology and molecular docking study.
42469723	2026	BMC Public Health	Journal Article	Q7_disease_gene_resource	Behavioural and environmental factors associated with the risk of human tick bites in the Grippenet/Covidnet cohort in France.
42468141	2026	Transl Oncol	Journal Article	Q7_disease_gene_resource	Single-cell sequencing reveals an immunotherapy-relevant IFITM1-marked epithelial interferon state in nasopharyngeal carcinoma.
42467777	2026	Sci Adv	Journal Article	Q7_disease_gene_resource	Global warming makes nitrogen oxide abatement key to ozone pollution mitigation.
42465685	2026	MedEdPORTAL	Journal Article	Q7_disease_gene_resource	Medical Child Abuse Module in the Child Abuse Pediatrics Curriculum for Physicians (CAP-CuP).
42465288	2026	bioRxiv	Journal Article;Preprint	Q7_disease_gene_resource	Molecular Origins of pH Gradients in Charge-Regulated Biomolecular Condensates.
42463196	2026	BMJ Open	Journal Article	Q7_disease_gene_resource	Pooled prevalence of maternal continuum of care dropout and associated factors among mothers in 41 low-income and middle-income countries: a multi-country cross-sectional study after the Sustainable Development Goals.
42461784	2026	Int J Environ Health Res	Journal Article	Q7_disease_gene_resource	Determinants of in-home personal exposure to black carbon: the MobiliSense sensor-based study.
42460869	2026	J Chem Phys	Journal Article	Q7_disease_gene_resource	Efficient grand canonical global optimization with on-the-fly-trained machine-learning interatomic potentials.
42460505	2026	Cancer Sci	Journal Article	Q7_disease_gene_resource	Protein Profile of Multiple Myeloma-Derived Extracellular Vesicles for the Discovery of Novel Myeloma-Related Biomarkers.
42459631	2026	Front Psychol	Editorial	Q7_disease_gene_resource	Environmental psychology as the science of context: grand challenges for the next decade.
42458470	2026	BMC Nurs	Journal Article	Q7_disease_gene_resource	The effect of Orem's self-care model on self-esteem and resilience among hospitalized patients with major depressive disorder: a randomized controlled trial.
42457364	2026	J Nurs Meas	Journal Article	Q7_disease_gene_resource	Preliminary Evidence of Internal Structure Validity of the Ease Measure Among Bahamians Exposed to the Trauma Cluster of Hurricane Dorian and COVID-19.
42456044	2026	J Med Internet Res	Journal Article;Systematic Review;Meta-Analysis	Q7_disease_gene_resource	The Relation Between eHealth Literacy and Online Health Information-Seeking Behavior: Systematic Review and Meta-Analysis.
42454995	2026	J Interferon Cytokine Res	Journal Article	Q7_disease_gene_resource	IRF1-Regulated CCL25/CCR9 Promotes Chronic Kidney Disease Progression Through PI3K/AKT-Mediated Oxidative Stress and Inflammatory Response.
42453691	2026	Patterns (N Y)	Journal Article	Q7_disease_gene_resource	EnzymeHunter: Achieving fine-grained enzyme function prediction with a hierarchically aware contrastive learning framework.
42453690	2026	Patterns (N Y)	Journal Article;Review	Q7_disease_gene_resource	Design principles for integrated AI alignment.
42453471	2026	Front Psychol	Editorial	Q7_disease_gene_resource	Integrating levels of explanation: a Grand Challenge for the next decade of cognitive science.
42449584	2026	Cancers (Basel)	Journal Article	Q7_disease_gene_resource	[(18)F]FDG PET/CT Radiomics for Predicting Pathological Risk Subtypes of Thymic Epithelial Tumors: A Bicentric Study.
42448760	2026	Sci Rep	Journal Article	Q7_disease_gene_resource	Structure-aware long-form audio classification and multi-class dataset construction for the intangible cultural heritage dong folk polyphonic singing.
42447223	2026	ACS Appl Mater Interfaces	Journal Article	Q7_disease_gene_resource	Synergistic Decoupling of Distance and Velocity in a Triboelectric Touchless Sensor for Intelligent Identity Recognition.
42443222	2026	Nat Commun	Journal Article	Q7_disease_gene_resource	Local deformation mapping reveals diffusion through microstructures.
42443188	2026	NPJ Syst Biol Appl	Journal Article	Q7_disease_gene_resource	The unreasonable likelihood of being: origin of life, terraforming, and AI.
42442088	2026	Biochem Biophys Res Commun	Journal Article	Q7_disease_gene_resource	Revealing the mechanism of heptamethoxyflavone against diabetic kidney disease: an integrated study combining network pharmacology, molecular docking and experimental validation.
42441028	2026	RSC Adv	Journal Article	Q7_disease_gene_resource	Microscopic evaluation of Li, Cd, and Co removal from aqueous solutions using equisetum and teucrium: statistical thermodynamic modeling.
42440326	2026	Cochrane Database Syst Rev	Journal Article;Systematic Review;Meta-Analysis	Q7_disease_gene_resource	Physical activity for the management of obesity in children up to the age of 9 years.
42439888	2026	ACS Nano	Journal Article	Q7_disease_gene_resource	Electronic Polarization Governs Structure-Transport Coupling of Angstrom-Scale Confined Water.
42439684	2026	Cells	Journal Article	Q7_disease_gene_resource	1,25-Dihydroxyvitamin D Induces a NURR1-Tyrosine Hydroxylase Transcriptional Axis Modulated by Rexinoid/RXR Signaling in Parkinson's Disease-Relevant Human Neural Cell Models.
42438355	2026	Int J STD AIDS	Journal Article	Q7_disease_gene_resource	Improving HIV testing rates in patients with community-acquired pneumonia in a low HIV prevalence region.
42437340	2026	J Biomater Sci Polym Ed	Journal Article;Review	Q7_disease_gene_resource	Gradients in articular cartilage and cartilage tissue engineering.
42437253	2026	Cureus	Journal Article	Q7_disease_gene_resource	Association of Continuation and Maintenance Electroconvulsive Therapy With Relapse and Hospitalization Outcomes: A Retrospective Study of 134 Patients.
42436139	2026	Nat Commun	Journal Article	Q7_disease_gene_resource	Mesoscale ordered assembly of Er(3+)-doped quantum dots enables efficient 1.55 µm electroluminescence.
42433942	2026	Transl Pediatr	Journal Article	Q7_disease_gene_resource	Salidroside alleviates TNF-α-induced endothelial inflammatory injury by modulating NF-κB/NLRP3 inflammasome-related signaling: an integrated network pharmacology and experimental study.
42432027	2026	Sci Data	Journal Article;Dataset	Q7_disease_gene_resource	A Whole-Body PSMA-PET/CT dataset with manually annotated tumor lesions.
42430887	2026	Cancer Treat Res Commun	Journal Article	Q7_disease_gene_resource	Key target genes of miR-625-5p in colorectal cancer: uncovering novel therapeutic targets within regulatory network.
42430622	2026	Phys Rev Lett	Journal Article	Q7_disease_gene_resource	Edge Reconstruction in a Quantum Spin Hall Insulator.
42430485	2026	Sci Adv	Journal Article	Q7_disease_gene_resource	Multifunctional electrochemical memory stabilized by phase coexistence.
42427989	2026	Chem Sci	Journal Article	Q7_disease_gene_resource	DeepMech: a machine learning framework for chemical reaction mechanism prediction.
42424254	2026	PLoS One	Journal Article	Q7_disease_gene_resource	Association of systemic immune-inflammatory index with stress urinary incontinence in U.S. Adults: NHANES 2007-2016.
42423666	2026	J Appl Psychol	Journal Article	Q7_disease_gene_resource	Community weaving to address societal grand challenges: The case of mental health destigmatization.
42421391	2026	Inquiry	Journal Article	Q7_disease_gene_resource	Women's Knowledge of Pelvic Floor Disorders and Its Determinants in the Gurage Zone, Central Ethiopia: A Community-Based Cross-Sectional Study.
42419525	2026	Toxicol In Vitro	Journal Article	Q7_disease_gene_resource	Integrating multi-organ cytokine responses with CTD and AOP-based knowledge to identify disease-relevant hazard signals: A case study of CMIT/MIT.
42418037	2026	Nanomicro Lett	Journal Article	Q7_disease_gene_resource	Engineering In Situ Loose Selective Interface with Conducting Channels for Practical Ah-Level Aqueous Zinc Metal Batteries.
42417892	2026	J Comput Aided Mol Des	Journal Article	Q7_disease_gene_resource	Theoretical study for investigating three experimental dose-response curves of rosy odorants on human olfactory receptor OR2A25 via molecular docking calculations and statistical physics modeling.
42417874	2026	Int Urogynecol J	Journal Article	Q7_disease_gene_resource	Twelve Years of Managing Female Urogenital Fistula in Uganda: Characteristics, Repair Outcomes, and Predictors for Success in a Multicentre Cohort Study.
42416202	2026	J Phys Chem C Nanomater Interfaces	Journal Article	Q7_disease_gene_resource	Rapid Exploration of Mixture Adsorption via Adiabatic Sampling.
42415619	2026	ACS Appl Mater Interfaces	Journal Article	Q7_disease_gene_resource	Activation-Controlled Structural Integrity in A520 MOF Membranes for Efficient CO(2)/N(2) and CO(2)/CH(4) Separation.
42414355	2026	Sci Rep	Journal Article	Q7_disease_gene_resource	Network pharmacology and in silico analysis of Azadirachta indica phytoconstituents reveal potential hepatoprotective targets and mechanisms.
42413842	2026	Dev Comp Immunol	Journal Article	Q7_disease_gene_resource	Structure and function of the coleoptericin gene in the ladybird beetle Serangium japonicum during seasonal development.
42413466	2026	Med Image Anal	Journal Article	Q7_disease_gene_resource	Multi-class segmentation of aortic branches and zones in computed tomography angiography: The AortaSeg24 challenge.
42412111	2026	Arch Orthop Trauma Surg	Journal Article	Q7_disease_gene_resource	The grand piano ratio: an adjunctive intraoperative screening tool for detecting excessive femoral component external rotation in total knee arthroplasty.
42407356	2026	Accid Anal Prev	Journal Article	Q7_disease_gene_resource	The grand rapids dip could it be real?
42405682	2026	Chem Commun (Camb)	Journal Article;Review	Q7_disease_gene_resource	Beyond the vacuum: modeling the solid-liquid interface for gas-involving electrocatalysis.
42405402	2026	Curr Pharm Des	Journal Article	Q7_disease_gene_resource	The Mechanism of Huaiqihuang in the Treatment of Nephrotic Syndrome: An Integrated Study Based on Network Pharmacology, Molecular Docking, Molecular Dynamics Simulation, and Experimental Validation.
42403123	2026	J Coll Physicians Surg Pak	Journal Article	Q7_disease_gene_resource	Effectiveness of Foley Catheter Thermal Balloon Endometrial Ablation for the Treatment of Heavy Menstrual Bleeding.
42398222	2026	Int Orthod	Journal Article;Review	Q7_disease_gene_resource	The accuracy of artificial intelligence in identifying cephalometric landmarks: A scoping review.
42396322	2026	medRxiv	Journal Article;Preprint	Q7_disease_gene_resource	Disentangling adiposity-related and non-adiposity-related genetic pathways for type 2 diabetes.
42394437	2026	Langmuir	Journal Article	Q7_disease_gene_resource	Controlled Secondary Growth of CAU-1-NH(2) Membranes with Improved CO(2) Separation Performance.
42393139	2026	Sci Rep	Journal Article	Q7_disease_gene_resource	In silico exploration of potential associations between aspartame and cardiometabolic disease networks: a network toxicology study.
42392804	2026	Zhongguo Zhong Yao Za Zhi	English Abstract;Journal Article	Q7_disease_gene_resource	[Cloning of cytochrome P450 reductase genes from Carthamus tinctorius and comparison of electron donation activity].
42392743	2026	Zhongguo Zhong Yao Za Zhi	English Abstract;Journal Article	Q7_disease_gene_resource	[Integrating network pharmacology and transcriptomics to reveal mechanism of loganin in ameliorating isoprenaline-induced myocardial injury].
42391242	2026	Environ Sci Technol	Journal Article	Q7_disease_gene_resource	Generalizable and Transferable Machine Learning Enables Accelerated Metal-Organic Framework Discovery in Gas Separations.
42389142	2026	SSM Popul Health	Journal Article	Q7_disease_gene_resource	Authority endorsements backfire and social norms fail to increase vaccination intent in post-COVID Kazakhstan.
42386738	2026	Nat Commun	Journal Article	Q7_disease_gene_resource	Tectonically driven integration of the 4.8 Ma Colorado River USA tracked with detrital sanidine and fish genetics.
42384596	2026	J Am Chem Soc	Journal Article	Q7_disease_gene_resource	Size-Selective CO(2) Activation at Rhodium Cluster Anions.
42383187	2026	Eur Urol Open Sci	Journal Article	Q7_disease_gene_resource	Evolving Trends and Perioperative Outcomes of Surgical Treatment for Male Stress Urinary Incontinence: Results from the GRAND Study Register.
42381622	2026	Nat Prod Res	Journal Article;Review	Q7_disease_gene_resource	Pongamol as a multitarget neuroprotective candidate: an integrative analysis of in silico predictions and biological evidence.
42381301	2026	Urol Res Pract	Journal Article	Q7_disease_gene_resource	The Role of Urodynamic Studies in Female Patients with Non-Neurogenic Lower Urinary Tract Dysfunction: A Retrospective Analysis.
42379535	2026	J Ethnopharmacol	Journal Article	Q7_disease_gene_resource	Elucidating the therapeutic mechanism of Gomisin G from Guomin Gecoction for psoriasis treatment through targeting the PI3K-AKT/JAK3-STAT3 pathway.
42375531	2026	iScience	Journal Article	Q7_disease_gene_resource	Ancient DNA analyses of remains of the Medici family (16(th) century) provide insights into the genetic variation of Plasmodium falciparum.
42372809	2026	J Ethnopharmacol	Journal Article	Q7_disease_gene_resource	Integrating machine learning and pharmacology reveals NF-κB-mediated inflammatory regulation by Shuanghuanglian injection in acute lung injury.
42372684	2026	Biosens Bioelectron	Journal Article	Q7_disease_gene_resource	Integrated smartphone-sensing and remediation platform empowered by hole-confinement-triggered Fe-Cu diatomic nanozymes for precise management of tetracyclines.
42372443	2026	J Environ Manage	Journal Article	Q7_disease_gene_resource	An ensemble SPARROW framework for assessing phosphorus export risk and supporting adaptive management in the northern Lake Erie basin.
42371798	2026	Blood	Journal Article	Q7_disease_gene_resource	NSD2 Degradation Remediates the Oncogenic Cistrome in t(4;14) Multiple Myeloma.
42371490	2026	J Pain Res	Journal Article	Q7_disease_gene_resource	Risk Factors and Nomogram for Postpartum Myofascial Pelvic Pain: A Prospective Cohort Study.
42367177	2026	Langmuir	Journal Article	Q7_disease_gene_resource	Functionalized UNT-14 Metal-Organic Frameworks for Enhanced CO2 Adsorption and Separation: Insights from Monte Carlo Simulations and Density Functional Theory.
42366937	2026	J Am Chem Soc	Journal Article	Q7_disease_gene_resource	Lattice Nitrogen-Mediated Amination via an N(2)-Rechargeable Cycle over the Co-Mo Nitride.
42365802	2026	J Therm Biol	Journal Article	Q7_disease_gene_resource	Maternal and developmental temperature modulate adult response to temperature in Drosophila melanogaster.
42365570	2026	Sports Med Open	Journal Article	Q7_disease_gene_resource	Co-Creating an Intervention to Prevent Injuries in Police Force Recruits: A Concept Mapping Study of Police Force Recruits, Police Force Staff, Health Professionals, and Research Experts.
42365565	2026	Mol Divers	Journal Article	Q7_disease_gene_resource	Assessing the impact of polycyclic aromatic hydrocarbon exposure on liver cancer using network toxicology and molecular docking.
42364052	2026	Biol Trace Elem Res	Journal Article	Q7_disease_gene_resource	Combined Effects and Potential Mechanisms of Multiple Metals Exposure on Coronary Artery Disease in the US Population: An Integrated Epidemiological and Network Toxicology Study.
42362520	2026	Transl Psychiatry	Journal Article	Q7_disease_gene_resource	Multi-ancestry multi-trait analysis reveals shared genetics across major psychiatric disorders and Alzheimer's disease.
42362476	2026	ACS Appl Mater Interfaces	Journal Article;Review	Q7_disease_gene_resource	The Flexible Sound Source.
42361668	2026	Ecotoxicol Environ Saf	Journal Article	Q7_disease_gene_resource	The role of acrylamide exposure in prostate cancer progression: An integrated analysis based on network toxicology and experimental validation.
42360844	2026	Eur Heart J	Journal Article	Q7_disease_gene_resource	Cardiovascular Grand Challenge: a new funding initiative by the British Heart Foundation.
42360824	2026	Plant Dis	Journal Article	Q7_disease_gene_resource	Cultivars of Short-Season Cucurbit Vegetable Crops (Yellow Squash and Zucchini) Exhibit Variable Tolerance to Whitefly-Associated Silverleaf Disorder and Whitefly-transmitted Viruses in the Southeastern United States.
42360066	2026	J Am Chem Soc	Journal Article	Q7_disease_gene_resource	Surface Functionalities, Speciation, and Strength of Brønsted Acid Sites from a (31)P-(109)Ag NMR Tag.
42357865	2026	J Am Chem Soc	Journal Article	Q7_disease_gene_resource	Pure Carbon Triggers Nitrogen Reduction: The Critical Role of Spin Electrons Induced at sp(3)/sp(2) Carbon Interfaces.
42357506	2026	Molecules	Journal Article	Q7_disease_gene_resource	Molecular Modeling of Weakly Caking Coal and the CO(2) Inhibition Mechanism of Coal-Oxygen Complexation.
42355903	2026	J Clin Med	Journal Article	Q7_disease_gene_resource	Cervical Dystonia with Classic Sensory Tricks and Forcible Sensory Trick Showed Different Functional Connectivity Alterations: A Functional Near-Infrared Spectroscopy Study.
42355860	2026	J Clin Med	Journal Article	Q7_disease_gene_resource	Oral Cancer Numerical Index (OCNI): Development and Validation of a Cytology-Based Risk Assessment for Oral Lesions.
42355304	2026	Insects	Journal Article	Q7_disease_gene_resource	Diurnal Activity Patterns of Elaeidobius Pollinators on Oil Palm Female Inflorescences in Côte d'Ivoire.
42352345	2026	Biomolecules	Journal Article	Q7_disease_gene_resource	TF-GateNet: An Interpretable and Biologically Guided Framework for Primary-Metastatic State Prediction from Somatic Genomic Alterations.
42352094	2026	Entropy (Basel)	Journal Article	Q7_disease_gene_resource	Ontic and Epistemic States in the Theory of Spacetime-Local Beables.
42351157	2026	Cancer Cell Int	Journal Article	Q7_disease_gene_resource	Combining Mendelian randomization and multiomics data to determine the causal relationship between systemic inflammation and head and neck squamous cell carcinoma.
42349268	2026	Eur Neuropsychopharmacol	Journal Article	Q7_disease_gene_resource	Genomic relationship between polyendocrine metabolic ovarian syndrome and bipolar disorder.
42348874	2026	Annu Rev Vis Sci	Journal Article;Review	Q7_disease_gene_resource	Approaching Visual Perception with Spatiotemporally Patterned Optogenetic Stimulation.
42347940	2026	World J Urol	Journal Article	Q7_disease_gene_resource	Hospital caseload thresholds for improved perioperative outcomes during transurethral resection or enucleation of the prostate: results from the GRAND study.
42345537	2026	J Biochem Mol Toxicol	Journal Article	Q7_disease_gene_resource	Vitexin Ameliorates HG-Induced Injury in Retinal ARPE-19 Cells by Targeting CASP3.
42343389	2026	Reprod Health	Journal Article	Q7_disease_gene_resource	Burden and determinants of stillbirth in a Nigerian Tertiary health facility: a five-year retrospective cohort analysis.
42340812	2026	Astrobiology	Journal Article	Q7_disease_gene_resource	The Impact of the Viking Entry, Descent, and Landing Legacy on Future Mars Exploration.
42339502	2026	Front Oral Health	Journal Article	Q7_disease_gene_resource	Revisiting the grand challenges in oral cancers: advances in biomarkers and treatment strategies.
42335401	2026	Langmuir	Journal Article	Q7_disease_gene_resource	Hysteresis Phenomenon Coupled with Capillary Phase Transition of N(2)/CH(4) Binary Mixtures in Cylindrical Nanopores.
42334505	2026	Mol Divers	Journal Article	Q7_disease_gene_resource	Multi-omics investigation of per- and polyfluoroalkyl substances in lung adenocarcinoma: comprehensive network toxicology, machine learning and molecular docking experiments.
42334077	2026	Langmuir	Journal Article	Q7_disease_gene_resource	Adsorption-Induced Pore Volume Deformation: Implications for Excess Adsorption in Kerogen Matrices.
42332356	2026	Zhejiang Da Xue Xue Bao Yi Xue Ban	English Abstract;Journal Article	Q7_disease_gene_resource	[Network pharmacology-based investigation of the therapeutic efficacy and molecular targets of Xiangsha Liujunzi decoction in thyroid carcinoma].
42329016	2026	Sarcoidosis Vasc Diffuse Lung Dis	Journal Article	Q7_disease_gene_resource	Unveiling novel susceptibility genes for sarcoidosis by a cross-tissue transcriptome-wide association study.
42327749	2026	Front Immunol	Journal Article	Q7_disease_gene_resource	Integrative analysis of hub genes for recurrent pregnancy loss with antiphospholipid syndrome: integrated bioinformatics analysis, machine learning and experimental validation.
42325783	2026	Am J Transl Res	Journal Article	Q7_disease_gene_resource	Molecular mechanisms of Buyang Huanwu Decoction in improving Diabetic kidney disease based on network pharmacology and experimental validation.
42325407	2026	J Equine Sci	Journal Article	Q7_disease_gene_resource	Sport predispositions in warmblood horses: insights from Grand Prix competitions.
42325020	2026	Histol Histopathol	Journal Article	Q7_disease_gene_resource	Transcription factor TFAP2A upregulates CDC6 to mediate glycolysis and promote stemness in lung adenocarcinoma cells.
42322525	2026	Monash Bioeth Rev	Journal Article	Q7_disease_gene_resource	Clinical ethical issues in paediatric practice: exploring the awareness and opinions of paediatricians in order to grow paediatric clinical ethics services in a Malaysian teaching hospital.
42322381	2026	Bioresour Bioprocess	Journal Article	Q7_disease_gene_resource	Unveiling the therapeutic potential of gut microbiota metabolites for the treatment of renal fibrosis based on network pharmacology study.
42320731	2026	Prog Biophys Mol Biol	Journal Article;Review	Q7_disease_gene_resource	Photonics-integrated and AI-enhanced medical sensing: From molecular diagnostics to real-time cell therapy monitoring.
42320133	2026	J Colloid Interface Sci	Journal Article	Q7_disease_gene_resource	Steering moderated intermediate adsorption and lattice oxygen activation via Ce and B co-doped CuCo catalysts for efficient dual-pathway oxygen evolution and Zn-air batteries.
42319523	2026	Funct Integr Genomics	Journal Article	Q7_disease_gene_resource	Deciphering the potential molecular network underlying nicotine- and its metabolite cotinine-induced myocardial infarction via network toxicology, molecular dynamics, and in vitro experimental validation.
42318755	2026	J Am Chem Soc	Journal Article	Q7_disease_gene_resource	Automated High-Throughput Virtual Screening of Catalysts via Templated Organic Reaction Pathway Construction: A Case Study on Suzuki-Miyaura Coupling Reaction.
42318607	2026	Biomed Res Int	Journal Article	Q7_disease_gene_resource	Geospatial Variation and Determinants of Time to Pregnancy Loss Among Reproductive-Aged Women in East Africa: Bayesian Spatial Frailty Model.
42316616	2026	Phys Rev E	Journal Article	Q7_disease_gene_resource	Rhythm as an ordered phase of sound: How musical meter emerges in a statistical mechanical model.
42544761	2026	Am J Respir Cell Mol Biol	Journal Article	Q8_ipf_tf	Metabolic Control of Alveolar Epithelial Regeneration: Implications for Lung Repair and Pulmonary Fibrosis.
42523419	2026	bioRxiv	Journal Article;Preprint	Q8_ipf_tf	Alveolar Epithelial Cell Loss of the Mitochondrial Regulator TFAM Drives Progressive Lung Fibrosis.
42475992	2026	Respir Investig	Journal Article;Review	Q8_ipf_tf	Krueppel-like factors transcriptionally regulate idiopathic pulmonary fibrosis.
42327275	2026	bioRxiv	Journal Article;Preprint	Q8_ipf_tf	Epigenetic de-repression of basal cell metaplasia in aging AT2 cells is a risk factor for idiopathic pulmonary fibrosis (IPF).
42252704	2026	Clin Respir J	Journal Article	Q8_ipf_tf	Basal Cells Contribute to Pulmonary Fibrosis via SP1-Mediated Senescence-Associated Secretory Phenotype.
42230731	2026	Sci Rep	Journal Article	Q8_ipf_tf	Inhibition of runt related transcription factor 1 with Ro24-7429 improves lung function in experimental models of idiopathic pulmonary fibrosis.
42141093	2026	Cell Mol Life Sci	Journal Article	Q8_ipf_tf	C/EBPγ interacts with C/EBPα and activates the β-catenin pathway in idiopathic pulmonary fibrosis.
42090905	2026	Int Immunopharmacol	Journal Article	Q8_ipf_tf	Targeting the RNA acetyltransferase NAT10 attenuates pulmonary fibrosis via the ac4C-mediated regulation of the C/EBPβ-ITGA11 axis.
42079079	2026	bioRxiv	Journal Article;Preprint	Q8_ipf_tf	Cellular senescence dysregulates antiviral interferon responses in idiopathic pulmonary fibrosis.
42062474	2026	Acta Pharmacol Sin	Journal Article	Q8_ipf_tf	Deficient chaperone-mediated autophagy drives multiorgan fibrogenesis via SMAD2/4 stabilization to sustain TGFβ-SMAD signaling.
42001075	2026	J Transl Med	Journal Article	Q8_ipf_tf	Integrated transcriptomic and metabolomic profiling reveals immune-metabolic crosstalk and predictive biomarkers of ligustrazine treatment response in idiopathic pulmonary fibrosis.
41898590	2026	Int J Mol Sci	Journal Article	Q8_ipf_tf	ARPC2 Promotes Pulmonary Fibrosis by Regulating MRTFA Activity Independent of the Canonical ARP2/3 Complex.
41800249	2026	Int J Biol Sci	Journal Article	Q8_ipf_tf	PTPN1 Regulation via YBX1-PTBP1 Interaction Promotes Fibroblast Activation and Fibrotic Remodeling in the Lung.
41729975	2026	PLoS One	Journal Article	Q8_ipf_tf	Integrated bioinformatics-based identification of proliferative diabetic retinopathy and idiopathic pulmonary fibrosis: Focus on fibrosis and immune infiltration.
41674175	2026	Iran J Allergy Asthma Immunol	Journal Article	Q8_ipf_tf	Molecular Mechanisms of Pulmonary Fibrosis: The Interaction of Epithelial-mesenchymal Transition and AMPK Pathways in a Bleomycin-induced Model.
41587695	2026	Toxicol Appl Pharmacol	Journal Article	Q8_ipf_tf	Transcription factor TFAP2A drives EMT progress by activating BDKRB1 transcription: The potential mechanism by which TFAP2A promotes idiopathic pulmonary fibrosis.
41576947	2026	Cell Genom	Journal Article	Q8_ipf_tf	Spatial transcriptomics reveals altered communities and drivers of aberrant epithelia and pro-fibrotic fibroblasts in interstitial lung diseases.
41572801	2026	Int J Stem Cells	Journal Article	Q8_ipf_tf	Exosomes from Human Embryonic Stem Cell-Derived Mesenchymal Stem Cells Protect Lung Epithelium and Attenuate Fibrosis.
41564968	2026	Pulm Pharmacol Ther	Journal Article	Q8_ipf_tf	Targeting ELK-1 transcription factor and mechanosensitive MDM4 receptor using an HCN channel blocker alleviates lung fibrosis.
41552925	2026	Clin Sci (Lond)	Journal Article;Research Support, Non-U.S. Gov't	Q8_ipf_tf	Loss of ATF3 exacerbates pulmonary fibrosis via enhanced neutrophil recruitment and profibrotic macrophage polarization.
41481275	2026	Am J Physiol Lung Cell Mol Physiol	Journal Article	Q8_ipf_tf	PLK1 inhibition by volasertib suppresses key transcriptional regulators underlying fibroblast activation and pulmonary fibrosis.
41380895	2026	Int J Biol Macromol	Journal Article	Q8_ipf_tf	Targeting aldose reductase in pulmonary fibrosis: Blocking de novo fatty acid synthesis halts pro-fibrotic M2 polarization.
41314453	2026	Eur J Pharmacol	Journal Article	Q8_ipf_tf	Empagliflozin alleviates iron accumulation and ferroptosis to mitigate bleomycin-induced pulmonary fibrosis through TFEB-mediated regulation of ACSL4 and GPX4.
40845949	2026	J Nutr Biochem	Journal Article	Q8_ipf_tf	Resveratrol improves idiopathic pulmonary fibrosis by targeting IKZF3.
42548510	2026	Front Immunol	Journal Article;Review	Q9_copd_asthma_tf	Integrated airway epithelial signaling networks linking allergen-driven inflammation to airway remodeling in asthma.
42476828	2026	Korean J Physiol Pharmacol	Journal Article	Q9_copd_asthma_tf	Jiajian Xiefei Tang alleviates asthma airway inflammation by regulating the STAT3/IL-17 signaling pathway through its effective component licochalcone A.
42351012	2026	BMC Pulm Med	Journal Article	Q9_copd_asthma_tf	Candida-associated immune and metabolic rewiring in chronic obstructive pulmonary disease.
42133797	2026	Can Respir J	Journal Article	Q9_copd_asthma_tf	Multiomics Approach Identifies Novel Genetic Determinants and Therapeutic Targets for Asthma.
42041586	2026	Cells	Journal Article;Review	Q9_copd_asthma_tf	Microphthalmia/Transcription Factor E (MiT/TFE) Pathways in Pulmonary Diseases: Current Evidence and Emerging Mechanisms.
41970276	2026	J Asthma Allergy	Journal Article	Q9_copd_asthma_tf	Integrated Bioinformatics and Experimental Validation of Inflammatory Cytokine-Related Hub Genes in Pediatric Asthma.
41710897	2026	Front Immunol	Journal Article	Q9_copd_asthma_tf	Genetic susceptibility to PM(2.5) exposure and transcriptional responses in pediatric asthma: insights from single-cell transcriptomics.
41708397	2026	Allergol Int	Journal Article	Q9_copd_asthma_tf	Early growth response 2 as a target of IL-13/STAT6 signaling induces the goblet cell metaplasia of allergic airway epithelia.
41692973	2026	Autophagy	Journal Article;Review	Q9_copd_asthma_tf	Ferritinophagy and organ injury.
42524104	2026	Exp Ther Med	Journal Article;Review	Q10_lung_cancer_tf_network	Ubiquitin-driven regulation of immune checkpoints in lung cancer: Mechanisms and therapeutic implications (Review).
42500691	2026	Turk J Biol	Journal Article	Q10_lung_cancer_tf_network	Context-dependent regulation of SIX1 by ETS1 within EMT-associated transcriptional networks.
42414524	2026	Sci Rep	Journal Article	Q10_lung_cancer_tf_network	Metformin-restricted motility of an NRF2-activated lung cancer cell line involves NAD+ depletion, rather than AMPK- or BACH1 signaling.
42338005	2026	Int J Cancer	Journal Article	Q10_lung_cancer_tf_network	A Serum lncRNA Signature Determines Oncogenic YAP Activity in Cancer Patients.
42211052	2026	Genes Dis	Journal Article;Review	Q10_lung_cancer_tf_network	Pan-cancer analysis and mechanistic insights of tuft cell-like tumors.
42178389	2026	Oncogene	Journal Article	Q10_lung_cancer_tf_network	Liver-specific SIRT1 knockout-induced hyperglycemia promotes spontaneous lung adenocarcinomas through HSF1-MDM2.
42112349	2026	Front Immunol	Journal Article	Q10_lung_cancer_tf_network	Pan-cancer analysis of OSR2 with a focus on underlying mechanisms and therapeutic implications in lung adenocarcinoma.
41999808	2026	Int J Biol Macromol	Journal Article	Q10_lung_cancer_tf_network	Targeting CDK1 suppresses non-small cell lung cancer progression by regulating the β-catenin/MEK-ERK signaling pathway.
41860961	2026	Proc Natl Acad Sci U S A	Journal Article	Q10_lung_cancer_tf_network	Synthetic lethality between RB-loss and E2F3 inhibition in small cell cancers targeted by pyrimidine synthesis blockade.
41793675	2026	Asian Pac J Cancer Prev	Journal Article	Q10_lung_cancer_tf_network	Dysregulated TMPO-AS1/let-7b-5p/PLK1/E2F1 Axis Associated with Poor Prognosis in Lung Adenocarcinoma.
41687999	2026	Int J Biol Macromol	Journal Article	Q10_lung_cancer_tf_network	Flap endonuclease 1 drives tumorigenesis across cancers and is a master regulator of proliferation and genomic instability in liver cancer.
41673764	2026	Clin Epigenetics	Journal Article	Q10_lung_cancer_tf_network	Single-nucleus multi-omics delineates distinct epigenetic programs associated with tumor progression in lung adenocarcinoma.
41670805	2026	Curr Med Sci	Journal Article	Q10_lung_cancer_tf_network	Enriched NKX2-1 Mutations in Bronchiolar Adenoma Variants: Evidence for Malignant Transformation or an Indolent Entity.
41659399	2026	bioRxiv	Journal Article;Preprint	Q10_lung_cancer_tf_network	EZH2 Inhibition Reshapes 3D Chromatin Architecture to Induce Immunogenic Phenotype in Small Cell Lung Cancer.
42558043	2026	Arterioscler Thromb Vasc Biol	Journal Article	Q11_lung_dev_tf	Identifying Pulmonary Endothelial Cell Zonation From Single-Cell Transcriptomics.
42557786	2026	Basic Clin Pharmacol Toxicol	Journal Article	Q11_lung_dev_tf	TRPA1 Regulates Fibrosis-Associated Transcriptional Pathways in Human Lung Epithelial Cells.
42549113	2026	ERJ Open Res	Journal Article	Q11_lung_dev_tf	Single-cell RNA sequencing reveals aberrant airway epithelial-immune cell cross-talk in pulmonary fibrosis.
42521633	2026	Tuberc Respir Dis (Seoul)	Journal Article	Q11_lung_dev_tf	Single-Cell Analysis Identifies Factors Associated with Rheumatoid Arthritis-Related Interstitial Lung Disease in Comparison with Idiopathic Pulmonary Fibrosis.
42505963	2026	Mar Drugs	Journal Article	Q11_lung_dev_tf	The Marine Cembranoid Sarcophine Suppressed the Progression and Recurrence of the Metastatic Castration-Resistant Prostate Cancer via Downregulating EZH2-β-Catenin-Centered Oncogenic Network.
42413776	2026	Neurochem Int	Journal Article	Q11_lung_dev_tf	Thymus-derived myeloid programs track microglial tolerance states across human cohorts.
42404165	2026	J Bone Oncol	Journal Article	Q11_lung_dev_tf	Single-cell fixed RNA profiling of the osteosarcoma clinical Spectrum identifies ADAMTS12 and RNASE1 as key drivers of the metastatic niche.
42395557	2026	bioRxiv	Journal Article;Preprint	Q11_lung_dev_tf	Lineage-aware stochastic modeling reveals gene-expression dynamics in development and disease.
42389786	2026	Arterioscler Thromb Vasc Biol	Journal Article;Review	Q11_lung_dev_tf	Endothelial Continuum and Capillary Specialization in Pulmonary Vascular Development.
42388730	2026	Front Genet	Journal Article	Q11_lung_dev_tf	Potential role of the Trpv4 c.1491+1G>A mutation in pulmonary fibrosis in a gene-edited mouse model.
42372205	2026	JCO Precis Oncol	Journal Article	Q11_lung_dev_tf	DNA Damage Response Alterations and Immune Checkpoint Blockade Outcomes Across Multiple Cancers.
42321495	2026	Discov Oncol	Journal Article	Q11_lung_dev_tf	Basement membrane related genes in lung adenocarcinoma prognostic risk model based on single cell and bulk RNA sequencing and tumor microenvironment modulation.
42273700	2026	Front Immunol	Journal Article	Q11_lung_dev_tf	Single cell transcriptome signatures and cell-cell interactions associated with sarcoidosis in lung immune cell populations.
42234716	2026	PLoS One	Journal Article	Q11_lung_dev_tf	Integration of single-cell and bulk RNA sequencing reveals programmed cell death-associated transcriptional programs in sepsis-induced acute lung injury.
42222378	2026	Front Oncol	Journal Article;Review	Q11_lung_dev_tf	The evolving role of the immune microenvironment of tumor draining lymph nodes in the development of biomarkers of non-small cell lung cancer.
42218498	2026	J Transl Med	Journal Article	Q11_lung_dev_tf	Network-based single-cell analysis identifies a proliferative GZMB(+) plasma cell subset linked to Hedgehog signaling and prognostic risk in lung squamous cell carcinoma.
42196266	2026	Int J Mol Sci	Journal Article	Q11_lung_dev_tf	Machine Learning-Based Identification of Biomarkers for Early-Stage Non-Small Cell Lung Cancer Through Gene Expression Analysis.
42174277	2026	Discov Oncol	Journal Article	Q11_lung_dev_tf	Functional and mechanistic inactivation of immune hubs orchestrates tumor development and progression in lung adenocarcinoma.
42122127	2026	Cancers (Basel)	Journal Article	Q11_lung_dev_tf	Integrative Analysis of Cellular Senescence-Related Genes Identifies FOLR1 as a Novel Tumor Suppressor and a Potential Therapeutic Target in Lung Adenocarcinoma.
42046060	2026	Respir Res	Journal Article	Q11_lung_dev_tf	ABTB1 modulates EGFR signaling and confers icotinib sensitivity in lung adenocarcinoma.
42046051	2026	Genes Nutr	Journal Article	Q11_lung_dev_tf	Tfcp2l1 participates in paternal vitamin D deficiency-induced fetal lung maldevelopment in mice.
41977201	2026	Int J Mol Sci	Journal Article	Q11_lung_dev_tf	Ensemble of Time-Evolving SASP Gene Sets Identifies IGFBP7 and CDKN1A as a Potential Marker Pair for Senescent Fibroblast Subpopulations Across Tissues.
41958975	2026	bioRxiv	Journal Article;Preprint	Q11_lung_dev_tf	Spontaneous Pregravid Obesity Reshapes Fetal Immune Ontogeny in a Nonhuman Primate Model.
41942468	2026	Cell Death Dis	Journal Article	Q11_lung_dev_tf	The E3 ubiquitin ligase HUWE1 is required for KRAS-induced lung cancer.
41940983	2026	Semin Immunopathol	Journal Article;Review;Research Support, Non-U.S. Gov't	Q11_lung_dev_tf	Butyrate remodels the immune-epigenetic-gut-lung axis: Emerging mechanisms and therapeutic perspectives in asthma.
41933934	2026	Adv Sci (Weinh)	Journal Article	Q11_lung_dev_tf	Organ-Specific and Conserved Regulatory Logic Orchestrates Gene Expression in the Embryonic Mesothelium.
41921915	2026	Mucosal Immunol	Journal Article	Q11_lung_dev_tf	Single-cell profiling of BAL in preschool cystic fibrosis reveals macrophage dysregulation and ivacaftor-modified inflammatory programs in the early life lung.
41808476	2026	J Natl Cancer Inst	Journal Article	Q11_lung_dev_tf	Methylation signatures distinguish non-small cell lung cancer subtypes and are associated with survival in smokers with lung squamous cell carcinoma.
41799436	2026	Front Cell Dev Biol	Journal Article;Review	Q11_lung_dev_tf	Transcriptional coordination in multicellular lineage differentiation during lung organogenesis: deciphering the role of epithelial cells as a microenvironmental regulatory hub.
41790655	2026	Medicine (Baltimore)	Journal Article;Observational Study	Q11_lung_dev_tf	Integrated multi-omics profiling to dissect the development of second primary lung cancer in laryngeal cancer: An observational study.
41776080	2026	Cell Mol Life Sci	Journal Article	Q11_lung_dev_tf	Senescent epithelial cells remodel the tumor microenvironment and drive early LUAD progression: a multiomics risk model and single-cell analysis.
41761973	2026	Front Biosci (Landmark Ed)	Journal Article	Q11_lung_dev_tf	Neonatal Hyperoxia Induces Metabolic Reprogramming in Senescent Alveolar Macrophages, Leading to Persistent Lung Injury.
41749430	2026	J Leukoc Biol	Journal Article	Q11_lung_dev_tf	Class A scavenger receptors promote tumor progression and induce a unique macrophage phenotype in a mouse model of spontaneous breast cancer.
41739360	2026	Mol Biol Rep	Journal Article	Q11_lung_dev_tf	MiR-182 and MiR-34a regulate autophagy and apoptosis in tuberculosis and lung cancer.
41736051	2026	J Exp Clin Cancer Res	Journal Article	Q11_lung_dev_tf	HOXA10 drives immune evasion in early lung adenocarcinoma by recruiting immunosuppressive macrophages via NF-κB/CCL2 signaling.
41727615	2026	Res Sq	Journal Article;Preprint	Q11_lung_dev_tf	Single-Cell Atlas of Fetal Immune Development Across Lung, Spleen, and Umbilical Cord Blood in Nonhuman Primates.
41727571	2026	Res Sq	Journal Article;Preprint	Q11_lung_dev_tf	A hierarchical Bayesian framework for inferring mitochondrial clonal selection from single-cell data.
41713905	2026	Thorax	Journal Article	Q11_lung_dev_tf	Transcriptomic signatures of IPF in ALI-cultured airway cells and their therapeutic implications.
41709280	2026	BMC Biol	Journal Article	Q11_lung_dev_tf	Immune regulation and cellular crosstalk drive non-fibrotic lung remodeling in pre-metamorphic frogs exposed to paraquat.
41702400	2026	Cell	Journal Article	Q11_lung_dev_tf	A single-cell time-series atlas of endothelial cell embryonic development.
41667527	2026	Sci Rep	Journal Article	Q11_lung_dev_tf	The single-cell transcriptional landscape of the pediatric cystic fibrosis lung from minimally invasive respiratory specimens.
41659414	2026	bioRxiv	Journal Article;Preprint	Q11_lung_dev_tf	Whole blood transcriptional responses associated with bacterial burden in pulmonary tuberculosis.
41659404	2026	bioRxiv	Journal Article;Preprint	Q11_lung_dev_tf	Global mRNA 3'UTR lengthening in small-cell neuroendocrine carcinoma.
41632526	2026	JCI Insight	Journal Article	Q11_lung_dev_tf	BRD4 promotes endodermal cell fate during mammalian lung development.
41603184	2026	Curr Med Chem	Journal Article	Q11_lung_dev_tf	An Immune Cell Activation Signature for Non - Small Cell Lung Cancer Revealed Tumor Microenvironment Heterogeneity and the Role of RORA in Regulating ZNF490/NDUFA12 Axis.
41580978	2026	Adv Sci (Weinh)	Journal Article	Q11_lung_dev_tf	Spatial Profiling Reveals Distinct Molecular and Immune Evolution of Mouse Lung Adenocarcinoma Precancers with or Without Carcinogen Exposure.
41562315	2026	Phytother Res	Journal Article	Q11_lung_dev_tf	Quercetin Overcomes Cisplatin Resistance by Inducing Ferroptosis via the DDB2-AS1/miR-4728-5p/p53 Axis.
41542612	2026	bioRxiv	Journal Article;Preprint	Q11_lung_dev_tf	A Transcriptional Atlas of Endothelial Cell Zonation Along the Pulmonary Vascular Tree.
41492010	2026	Sci Rep	Journal Article	Q11_lung_dev_tf	Network pharmacology and molecular docking reveal mechanisms of amiodarone-induced pulmonary fibrosis.
41475071	2026	Comput Biol Chem	Journal Article	Q11_lung_dev_tf	Network centrality-driven TOPSIS approach for prioritizing cancer therapeutic targets.
41231245	2026	Cancer Res	Journal Article	Q11_lung_dev_tf	CanSig Benchmarks Methods for Reproducible Cancer Cell State Discovery from Single-Cell Transcriptomic Data.
42556634	2026	Eur J Pharmacol	Journal Article	Q12_pah_bpd_tf	MYNN regulates hypoxia-induced PASMCs proliferation and migration by modulating the PDLIM1/NF-κB axis.
42465492	2026	bioRxiv	Journal Article;Preprint	Q12_pah_bpd_tf	E2F1 Drives Endothelial Arterial Programming in Pulmonary Arterial Hypertension.
42318016	2026	Front Cell Infect Microbiol	Journal Article;Review	Q12_pah_bpd_tf	Microbial and host innate immune factors affecting the persistence of Staphylococcus aureus in cystic fibrosis airways.
42236853	2026	Sci Rep	Journal Article	Q12_pah_bpd_tf	Endothelial SP1 lactylation promotes bronchopulmonary dysplasia via regulation of Cdkn1a expression.
42206368	2026	Arterioscler Thromb Vasc Biol	Journal Article	Q12_pah_bpd_tf	I-tRF-Asp Promotes Vascular Remodeling in Hypoxic Pulmonary Hypertension Via hnRNPU Phase Separation, Which Affects TCF7L2 Alternative Splicing.
42186808	2026	Circulation	Journal Article	Q12_pah_bpd_tf	Hypoxia Upregulation of BACH1 Aggravates Pulmonary Hypertension Through TGFBR2/SMAD Pathways.
42152052	2026	Respir Res	Journal Article	Q12_pah_bpd_tf	Snhg18 promotes hypoxic pulmonary hypertension by enhancing glycolysis.
42117785	2026	Virulence	Journal Article	Q12_pah_bpd_tf	Identification of DksA as a novel pro-inflammatory mediator of Pseudomonas aeruginosa under conditions mimicking chronic cystic fibrosis lung infection.
42100191	2026	Front Endocrinol (Lausanne)	Journal Article	Q12_pah_bpd_tf	Prolactin, cortisol, and extracellular osmolality regulate cftr, ostf1, and sgk1 in tilapia ionocytes.
42069287	2026	Arch Biochem Biophys	Journal Article	Q12_pah_bpd_tf	ETS1 targets the SENP2/HSPA8/FUNDC1 axis to ameliorate bronchopulmonary dysplasia by inhibiting mitochondrial damage-induced autophagy.
42047332	2026	Autophagy	Journal Article;Review	Q12_pah_bpd_tf	Exploiting autophagy-targeting natural compounds for potential antimicrobial actions.
42047020	2026	Circ Res	Journal Article	Q12_pah_bpd_tf	Dynamin 2 Regulates Mitochondrial Mitotic Fission in Pulmonary Hypertension.
41987093	2026	BMC Pediatr	Journal Article;Case Reports;Review	Q12_pah_bpd_tf	Chromosome 17q23.1-q23.2 deletion syndrome with severe pulmonary hypertension in neonates: two case reports and literature review.
41925330	2026	mSphere	Journal Article	Q12_pah_bpd_tf	Pseudomonas aeruginosa lasR mutants resist phagocytosis and alter inflammatory cytokine production by cystic fibrosis macrophages.
41811700	2026	Physiol Res	Journal Article	Q12_pah_bpd_tf	Role of PKM2 Tetramer in Modulating Endothelial Mitochondrial Dysfunction in a Rat Model of Chronic Thromboembolic Pulmonary Hypertension.
41785017	2026	Am J Physiol Lung Cell Mol Physiol	Journal Article	Q12_pah_bpd_tf	Mechanical compression causes lung hypoplasia in congenital diaphragmatic hernia with GATA4 genetic variants.
41701793	2026	PLoS Genet	Journal Article	Q12_pah_bpd_tf	Cholinergic signaling modulates intestinal pathophysiology in a Drosophila model of cystic fibrosis.
41680210	2026	Nat Commun	Journal Article	Q12_pah_bpd_tf	FOXF2 regulates pericyte-endothelial signaling required for vascular homeostasis after neonatal hyperoxic lung injury.
41648333	2026	bioRxiv	Journal Article;Preprint	Q12_pah_bpd_tf	Nicotinamide phosphoribosyltransferase activates the mitochondrial unfolded protein response to promote pulmonary arterial endothelial cell proliferation.
41648058	2026	MedComm (2020)	Journal Article	Q12_pah_bpd_tf	Cleavage and Polyadenylation Specificity Factor Subunit 5 Regulates Pulmonary Artery Smooth Muscle Expansion and Hypoxic Response.
41522357	2026	Int J Biol Sci	Journal Article	Q12_pah_bpd_tf	Zinc-Induced PKCδ-dependent Phosphorylation of MTF-1 Promotes Pulmonary Vascular Remodeling in Hypoxic Pulmonary Hypertension.
41492102	2026	Hum Genet	Journal Article	Q12_pah_bpd_tf	Distinct regulatory elements of SLC6A14 expression contribute to modification of cystic fibrosis phenotypes.
41491061	2026	Cell Mol Life Sci	Journal Article	Q12_pah_bpd_tf	Super enhancer-driven LINC01013 mediates hypoxia-induced mitochondrial dysfunction by HSPA9 to determine pulmonary arterial smooth muscle cell fate.
41444030	2026	J Cyst Fibros	Journal Article	Q12_pah_bpd_tf	GY971 mitigates inflammation by reducing neutrophil recruitment in cystic fibrosis Ex Vivo and In Vivo models.
41439135	2026	Genes Dis	Journal Article;Review	Q12_pah_bpd_tf	Multifaceted role of T-box transcription factor 4: From embryonic development to disease pathogenesis.
41416815	2026	Int Forum Allergy Rhinol	Journal Article	Q12_pah_bpd_tf	Mechanisms of Mitochondrial Toxicity and Cytotoxicity Caused by Pseudomonas aeruginosa Pyocyanin in Human Nasal Epithelial Cells.
41352378	2026	Free Radic Biol Med	Journal Article	Q12_pah_bpd_tf	Epigenetically activated MIR100HG regulates UPF1-mediated oxidative stress to promote pulmonary vascular immune microenvironment remodeling.
41332335	2026	Adv Sci (Weinh)	Journal Article	Q12_pah_bpd_tf	Inactivation of AXL in Cardiac Fibroblasts Alleviates Right Ventricular Remodeling in Pulmonary Hypertension.
41318102	2026	Biochem Pharmacol	Journal Article;Research Support, Non-U.S. Gov't	Q12_pah_bpd_tf	Downregulation of KLF2 impairs pulmonary endothelial function and promotes persistent pulmonary hypertension of the newborn.
41317444	2026	Res Vet Sci	Journal Article	Q12_pah_bpd_tf	In silico characterization of the OSBPL6 gene and its potential role in ascites syndrome in broiler chickens.
40542095	2026	Pediatr Res	Journal Article	Q12_pah_bpd_tf	Postnatally induced TBX4 insufficiency confers pulmonary hypertension and impairs lung development in infant mice.
42476204	2027	J Ethnopharmacol	Journal Article	Q7_disease_gene_resource	Mailuo Shutong pills alleviate limb swelling in femoral fracture rats by orchestrating mitophagic clearance and ferroptotic suppression.
